<?xml version="1.0" encoding="Windows-1252" ?>
<NotepadPlus>
	<Native-Langue name = "English">
		<Menu>
			<Main>
                <!-- Main Menu Entries -->
				<Entries>
					<Item id = "0" name = "&amp;File"/>
					<Item id = "1" name = "&amp;Edit"/>
					<Item id = "2" name = "&amp;Search"/>
					<Item id = "3" name = "&amp;View"/>
					<Item id = "4" name = "For&amp;mat"/>
					<Item id = "5" name = "&amp;Language"/>
					<Item id = "6" name = "Se&amp;ttings"/>
					<Item id = "7" name = "Macro"/>
					<Item id = "8" name = "Run"/>
					<Item idName = "Plugins" name = "Plugins"/>
					<Item idName = "Window" name = "Window"/>
				</Entries>
             
                <!-- Sub Menu Entries -->
                <SubEntries>
                    <Item posX = "1" posY = "9" name = "Copy to Clipboard"/>
                    <Item posX = "1" posY = "10" name = "Indent"/>
                    <Item posX = "1" posY = "11" name = "Convert Case to"/>
                    <Item posX = "1" posY = "12" name = "Line Operations"/>
                    <Item posX = "1" posY = "13" name = "Comment/Uncomment"/>
                    <Item posX = "1" posY = "14" name = "Auto-Completion"/>
                    <Item posX = "2" posY = "11" name = "Mark All"/>
                    <Item posX = "2" posY = "12" name = "Unmark All"/>
                    <Item posX = "3" posY = "4" name = "Show Symbol"/>
                    <Item posX = "3" posY = "5" name = "Zoom"/>
                    <Item posX = "3" posY = "6" name = "Move/Clone Current Document"/>
					
                    <Item posX = "3" posY = "16" name = "Collapse Level"/>
                    <Item posX = "3" posY = "17" name = "Uncollapse Level"/>
                </SubEntries>
                
                <!-- all menu item -->
                <Commands>
                    <Item id = "41001" name = "&amp;New"/>
                    <Item id = "41002" name = "&amp;Open"/>
                    <Item id = "41003" name = "Close"/>
                    <Item id = "41004" name = "C&amp;lose All"/>
                    <Item id = "41005" name = "Close All BUT Current Document"/>
                    <Item id = "41006" name = "&amp;Save"/>
                    <Item id = "41007" name = "Sav&amp;e All"/>
                    <Item id = "41008" name = "Save &amp;As..."/>
                    <Item id = "41010" name = "Print..."/>
                    <Item id = "1001"  name = "Print Now"/>
                    <Item id = "41011" name = "E&amp;xit"/>
					<Item id = "41012" name = "Load Session..."/>
                    <Item id = "41013" name = "Save Session..."/>
                    <Item id = "41014" name = "Reload from Disk"/>
                    <Item id = "41015" name = "Save a Copy As..."/>
                    <Item id = "41016" name = "Delete from Disk"/>
                    <Item id = "41017" name = "Rename..."/>
					
                    <Item id = "42001" name = "Cu&amp;t"/>
                    <Item id = "42002" name = "&amp;Copy"/>
                    <Item id = "42003" name = "&amp;Undo"/>
                    <Item id = "42004" name = "&amp;Redo"/>
                    <Item id = "42005" name = "&amp;Paste"/>
                    <Item id = "42006" name = "&amp;Delete"/>
                    <Item id = "42007" name = "Select A&amp;ll"/>
                    <Item id = "42008" name = "Increase Line Indent"/>
                    <Item id = "42009" name = "Decrease Line Indent"/>
                    <Item id = "42010" name = "Duplicate Current Line"/>
                    <Item id = "42012" name = "Split Lines"/>
                    <Item id = "42013" name = "Join Lines"/>
                    <Item id = "42014" name = "Move Up Current Line"/>   
                    <Item id = "42015" name = "Move Down Current Line"/>   
                    <Item id = "42016" name = "UPPERCASE"/>
                    <Item id = "42017" name = "lowercase"/>
                    <Item id = "42018" name = "&amp;Start Recording"/>
                    <Item id = "42019" name = "&amp;Stop Recording"/>
                    <Item id = "42021" name = "&amp;Playback"/>
                    <Item id = "42022" name = "Toggle Block Comment"/>
                    <Item id = "42023" name = "Stream Comment"/>
                    <Item id = "42024" name = "Trim Trailing Space"/>
                    <Item id = "42025" name = "Save Currently Recorded Macro"/>
                    <Item id = "42026" name = "Text Direction RTL"/>
                    <Item id = "42027" name = "Text Direction LTR"/>
                    <Item id = "42028" name = "Set Read-Only"/>
                    <Item id = "42029" name = "Current File Path to Clipboard"/>
                    <Item id = "42030" name = "Current Filename to Clipboard"/>
                    <Item id = "42031" name = "Current Dir. Path to Clipboard"/>
                    <Item id = "42032" name = "Run a Macro Multiple Times..."/>
                    <Item id = "42033" name = "Clear Read-Only Flag"/>
					<Item id = "42035" name = "Block Comment"/>
					<Item id = "42036" name = "Block Uncomment"/>
					
                    <Item id = "43001" name = "&amp;Find..."/>
                    <Item id = "43002" name = "Find &amp;Next"/>
                    <Item id = "43003" name = "Replace..."/>
                    <Item id = "43004" name = "Go to..."/>
                    <Item id = "43005" name = "Toggle Bookmark"/>
                    <Item id = "43006" name = "Next Bookmark"/>
                    <Item id = "43007" name = "Previous Bookmark"/>
                    <Item id = "43008" name = "Clear All Bookmarks"/>
                    <Item id = "43009" name = "Go to Matching Brace"/>
                    <Item id = "43010" name = "Find Previous"/>
                    <Item id = "43011" name = "&amp;Incremental Search"/>
                    <Item id = "43013" name = "Find in Files"/>
                    <Item id = "43014" name = "Find (Volatile) Next"/>
                    <Item id = "43015" name = "Find (Volatile) Previous"/>
                    <Item id = "43016" name = "Mark All"/>
                    <Item id = "43017" name = "Unmark All"/>
                    <Item id = "43018" name = "Cut Bookmarked Lines"/>
                    <Item id = "43019" name = "Copy Bookmarked Lines"/>
                    <Item id = "43020" name = "Paste to (Replace) Bookmarked Lines"/>
                    <Item id = "43021" name = "Delete Bookmarked Lines"/>
                    <Item id = "43022" name = "Using 1st Style"/>
                    <Item id = "43023" name = "Clear 1st Style"/>
                    <Item id = "43024" name = "Using 2nd Style"/>
                    <Item id = "43025" name = "Clear 2nd Style"/>
                    <Item id = "43026" name = "Using 3rd Style"/>
                    <Item id = "43027" name = "Clear 3rd Style"/>
                    <Item id = "43028" name = "Using 4th Style"/>
                    <Item id = "43029" name = "Clear 4th Style"/>
                    <Item id = "43030" name = "Using 5th Style"/>
                    <Item id = "43031" name = "Clear 5th Style"/>
                    <Item id = "43032" name = "Clear All Styles"/>
					<Item id = "44009" name = "Post-It"/>
                    <Item id = "44010" name = "Fold All"/>
                    <Item id = "44011" name = "User-Defined Dialogue..."/>
                    <Item id = "44019" name = "Show All Characters"/>
                    <Item id = "44020" name = "Show Indent Guide"/>
                    <Item id = "44022" name = "Wrap"/>
                    <Item id = "44023" name = "Zoom &amp;In	Ctrl-Mouse Wheel Up"/>
                    <Item id = "44024" name = "Zoom &amp;Out	Ctrl-Mouse Wheel Down"/>
                    <Item id = "44025" name = "Show White Space and TAB"/>
                    <Item id = "44026" name = "Show End of Line"/>
                    <Item id = "44029" name = "Unfold All"/>
                    <Item id = "44030" name = "Collapse Current Level"/>
                    <Item id = "44031" name = "Uncollapse Current Level"/>
                    <Item id = "44032" name = "Toggle Full Screen Mode"/>
                    <Item id = "44033" name = "Restore Default Zoom"/>
                    <Item id = "44034" name = "Always on Top"/>
                    <Item id = "44035" name = "Synchronise Vertical Scrolling"/>
                    <Item id = "44036" name = "Synchronise Horizontal Scrolling"/>
                    <Item id = "44041" name = "Show Wrap Symbol"/>
                    <Item id = "44072" name = "Focus on Other View"/>
                    
                    <Item id = "45001" name = "Convert to Windows Format"/>
                    <Item id = "45002" name = "Convert to UNIX Format"/>
                    <Item id = "45003" name = "Convert to MAC Format"/>
                    <Item id = "45004" name = "Encode in ANSI"/>
                    <Item id = "45005" name = "Encode in UTF-8"/>
                    <Item id = "45006" name = "Encode in UCS-2 Big Endian"/>
                    <Item id = "45007" name = "Encode in UCS-2 Little Endian"/>
                    <Item id = "45008" name = "Encode in UTF-8 without BOM"/>
			<Item id = "45009" name = "Convert to ANSI"/>
			<Item id = "45010" name = "Convert to UTF-8 without BOM"/>
			<Item id = "45011" name = "Convert to UTF-8"/>
			<Item id = "45012" name = "Convert to UCS-2 Big Endian"/>
			<Item id = "45013" name = "Convert to UCS-2 Little Endian"/>
					
                    <Item id = "10001" name = "Move to Other View"/>
                    <Item id = "10002" name = "Clone to Other View"/>
                    <Item id = "10003" name = "Move to New Instance"/>
                    <Item id = "10004" name = "Open in New Instance"/>

                    
                    <Item id = "46001" name = "Style Configurator..."/>
                    <Item id = "47000" name = "About Notepad++..."/>
                    <Item id = "47001" name = "Notepad++ Home"/>
                    <Item id = "47002" name = "Notepad++ Project Page"/>
                    <Item id = "47003" name = "NpWiki++ (Online Help)"/>
                    <Item id = "47004" name = "Forum"/>
                    <Item id = "47005" name = "Get More Plugins"/>
					
                    <Item id = "48009" name = "Shortcut Mapper..."/>
                    <Item id = "48011" name = "Preferences..."/>
                    <Item id = "49000" name = "&amp;Run..."/>
					
					<Item id = "50000" name = "Function Completion"/>
                    <Item id = "50001" name = "Word Completion"/>
                    <Item id = "50002" name = "Function Parameters Hint"/>
                    <Item id = "42034" name = "Column Editor..."/>
                    <Item id = "44042" name = "Hide Lines"/>
                    <Item id = "42040" name = "Open All Recent Files"/>
                    <Item id = "42041" name = "Empty Recent Files List"/>
					
                </Commands>
            </Main>
            <Splitter>
            </Splitter>
            <TabBar>
                    <Item order = "0" name = "Close"/>
                    <Item order = "1" name = "Close All but This"/>
                    <Item order = "2" name = "Save"/>
                    <Item order = "3" name = "Save As..."/>
                    <Item order = "4" name = "Print"/>
                    <Item order = "5" name = "Move to Other View"/>
                    <Item order = "6" name = "Clone to Other View"/>
					<Item order = "7" name = "Full File Path to Clipboard"/>
					<Item order = "8" name = "Filename to Clipboard"/>
					<Item order = "9" name = "Current Dir. Path to Clipboard"/>
					<Item order = "10" name = "Rename"/>
					<Item order = "11" name = "Delete"/>
					<Item order = "12" name = "Read-Only"/>
					<Item order = "13" name = "Clear Read-Only Flag"/>
					<Item order = "14" name = "Move to New Instance"/>
					<Item order = "15" name = "Open in New Instance"/>
            </TabBar>
        </Menu>
        
        <Dialog>
            <Find title = "" titleFind = "Find" titleReplace = "Replace" titleFindInFiles = "Find in Files">
                <Item id = "1" name = "Find Next"/>
                <Item id = "2" name = "Close"/>
                <Item id = "1620" name = "Find what :"/>
                <Item id = "1603" name = "Match &amp;whole word only"/>
                <Item id = "1604" name = "Match &amp;case"/>
                <Item id = "1605" name = "Regular &amp;expression"/>
                <Item id = "1606" name = "Wrap aroun&amp;d"/>
                <Item id = "1612" name = "&amp;Up"/>
                <Item id = "1613" name = "&amp;Down"/>
                <Item id = "1614" name = "Count"/>
                <Item id = "1615" name = "Find All"/>
                <Item id = "1616" name = "Mark line"/>
                <Item id = "1617" name = "Style found token"/>
                <Item id = "1618" name = "Purge for each search"/>
                <Item id = "1621" name = "Direction"/>
                <Item id = "1611" name = "Re&amp;place with :"/>
                <Item id = "1608" name = "&amp;Replace"/>
                <Item id = "1609" name = "Replace &amp;All"/>
			 	<Item id = "1623" name = "Transparency"/>
			 	<Item id = "1687" name = "On losing focus"/>
			 	<Item id = "1688" name = "Always"/>
			 	<Item id = "1632" name = "In selection"/>
			 	<Item id = "1633" name = "Clear"/>
			 	<Item id = "1635" name = "Replace All in All Opened Documents"/>
			 	<Item id = "1636" name = "Find All in All Opened Documents"/>
			 	<Item id = "1637" name = "Find in Files"/>
			 	<Item id = "1654" name = "Filters :"/>
			 	<Item id = "1655" name = "Directory :"/>
			 	<Item id = "1656" name = "Find All"/>
			 	<Item id = "1658" name = "In all sub-folders"/>
			 	<Item id = "1659" name = "In hidden folders"/>
			 	<Item id = "1624" name = "Search mode"/>
			 	<Item id = "1625" name = "Normal"/>
			 	<Item id = "1626" name = "Extended (\n, \r, \t, \0, \x...)"/>
			 	<Item id = "1660" name = "Replace in Files"/>
			 	<Item id = "1641" name = "Find All in Current Document"/>
			 	<Item id = "1686" name = "Transparency"/>
            </Find>
            <GoToLine title = "Go to...">
                <Item id = "2007" name = "Line"/>
                <Item id = "2008" name = "Offset"/>
                <Item id = "1" name = "&amp;Go"/>
                <Item id = "2" name = "I'm going nowhere"/>
                <Item id = "2004" name = "You are here :"/>
                <Item id = "2005" name = "You want to go :"/>
                <Item id = "2006" name = "You can't go further than :"/>
            </GoToLine>

            <Run title = "Run...">
                <Item id = "1903" name = "The Program to Run"/>
                <Item id = "1" name = "Run"/>
                <Item id = "2" name = "Cancel"/>
                <Item id = "1904" name = "Save..."/>
            </Run>
            
            <StyleConfig title = "Style Configurator">
				<Item id = "2" name = "Cancel"/>
				<Item id = "2301" name = "Save &amp;&amp; Close"/>
				<Item id = "2303" name = "Transparency"/>		
				<Item id = "2306" name = "Select theme : "/>
                <SubDialog>
                	<Item id = "2204" name = "Bold"/>
                    <Item id = "2205" name = "Italic"/>
                    <Item id = "2206" name = "Foreground colour"/>
                    <Item id = "2207" name = "Background colour"/>
                    <Item id = "2208" name = "Font name :"/>
                    <Item id = "2209" name = "Font size :"/>
                    <Item id = "2212" name = "Colour Style"/>
                    <Item id = "2213" name = "Font Style"/>
                    <Item id = "2214" name = "Default ext. :"/>
                    <Item id = "2216" name = "User ext. :"/>
                    <Item id = "2218" name = "Underline"/>
                    <Item id = "2219" name = "Default keywords"/>
                    <Item id = "2221" name = "User-defined keywords"/>
                    <Item id = "2225" name = "Language :"/>
                    <Item id = "2226" name = "Enable global foreground colour"/>
                    <Item id = "2227" name = "Enable global background colour"/>
                    <Item id = "2228" name = "Enable global font"/>
                    <Item id = "2229" name = "Enable global font size"/>
                    <Item id = "2230" name = "Enable global bold font style"/>
                    <Item id = "2231" name = "Enable global italic font style"/>
                    <Item id = "2232" name = "Enable global underline font style"/>
                </SubDialog>                
				
            </StyleConfig>
            
            <UserDefine title = "User-Defined">
				<Item id = "20002" name = "Rename"/>
				<Item id = "20003" name = "Create New..."/>
				<Item id = "20004" name = "Remove"/>
				<Item id = "20005" name = "Save As..."/>
				<Item id = "20007" name = "User language : "/>
				<Item id = "20009" name = "Ext. :"/>
				<Item id = "20012" name = "Ignore case"/>
				<Item id = "20011" name = "Transparency"/>
				<Item id = "0" name = "Colour Style"/>
				<Item id = "1" name = "Foreground colour"/>
				<Item id = "2" name = "Background colour"/>
				<Item id = "3" name = "Font Style"/>
				<Item id = "4" name = "Font name :"/>
				<Item id = "5" name = "Font size :"/>
				<Item id = "6" name = "Bold"/>
				<Item id = "7" name = "Italic"/>
				<Item id = "8" name = "Underline"/>
                <Folder title = "Folder &amp;&amp; Default">
					<Item id = "21101" name = "Default Style Settings"/>
					<Item id = "21201" name = "Folder Open Keywords Settings"/>
					<Item id = "21301" name = "Folder Close Keywords Settings"/>
                </Folder>
                <Keywords title = "Keywords Lists">
					<Item id = "22101" name = "1st Group"/>
					<Item id = "22201" name = "2nd Group"/>
					<Item id = "22301" name = "3th Group"/>
					<Item id = "22401" name = "4th Group"/>
					<Item id = "22113" name = "Prefix mode"/>
					<Item id = "22213" name = "Prefix mode"/>
					<Item id = "22313" name = "Prefix mode"/>
					<Item id = "22413" name = "Prefix mode"/>
                </Keywords>
                <Comment title = "Comment &amp;&amp; Number">
					<Item id = "23301" name = "Comment Line"/>
					<Item id = "23101" name = "Comment Block"/>
					<Item id = "23113" name = "Comment open :"/>
					<Item id = "23115" name = "Comment close :"/>
					<Item id = "23116" name = "Treat keyword as symbol"/>
					<Item id = "23117" name = "Treat keywords as symbols"/>
					<Item id = "23201" name = "Number"/>
                </Comment>
                <Operator title = "Operators">
					<Item id = "24107" name = "Operator"/>
					<Item id = "24103" name = "Available symbols"/>
					<Item id = "24101" name = "Activated operators"/>
					<Item id = "24201" name = "Delimiter 1"/>
					<Item id = "24211" name = "Boundary open :"/>
					<Item id = "24214" name = "Boundary close :"/>
					<Item id = "24301" name = "Delimiter 2"/>
					<Item id = "24311" name = "Boundary open :"/>
					<Item id = "24314" name = "Boundary close :"/>
                </Operator>
                <Item id = "24001" name = "Enable escape character :"/>
            </UserDefine>
			<Preference title = "Preferences">
                <Item id = "6001" name = "Close"/>
				<Global title = "General">
					<Item id = "6101" name = "Toolbar"/>
					<Item id = "6102" name = "Hide"/>
					<Item id = "6103" name = "Small icons"/>
	                <Item id = "6104" name = "Big icons"/>
					<Item id = "6105" name = "Standard icons"/>
					
					<Item id = "6106" name = "Tab Bar"/>
					<Item id = "6107" name = "Reduce"/>
					<Item id = "6108" name = "Lock (no drag and drop)"/>
					<Item id = "6109" name = "Darken inactive tabs"/>
					<Item id = "6110" name = "Draw an orange bar on active tab"/>
					
					<Item id = "6111" name = "Show status bar"/>
					<Item id = "6112" name = "Show close button on each tab"/>
					<Item id = "6113" name = "Double click to close document"/>
					<Item id = "6118" name = "Hide"/>
					<Item id = "6119" name = "Multi-line"/>
					<Item id = "6120" name = "Vertical"/>
					
					<Item id = "6121" name = "Menu Bar"/>
					<Item id = "6122" name = "Hide (use Alt or F10 key to toggle)"/>
					<Item id = "6123" name = "Localization"/>
				</Global>
                <Scintillas title = "Editing">
					<Item id = "6216" name = "Caret Settings"/>
					<Item id = "6217" name = "Width :"/>
					<Item id = "6219" name = "Blink Rate :"/>
					<Item id = "6221" name = "F"/>
					<Item id = "6222" name = "S"/>
					<Item id = "6201" name = "Folder Margin Style"/>
					<Item id = "6202" name = "Simple"/>
					<Item id = "6203" name = "Arrow"/>
	                <Item id = "6204" name = "Circle tree"/>
					<Item id = "6205" name = "Box tree"/>
					
					<Item id = "6206" name = "Display line number margin"/>
					<Item id = "6207" name = "Display bookmark margin"/>
					<Item id = "6208" name = "Show vertical edge"/>
					<Item id = "6209" name = "Number of columns : "/>
					
					<Item id = "6211" name = "Vertical Edge Settings"/>
					<Item id = "6212" name = "Line mode"/>
					<Item id = "6213" name = "Background mode"/>
					<Item id = "6214" name = "Enable current line highlight"/>
                </Scintillas>
				<NewDoc title = "New Document/Default Directory">
					<Item id = "6419" name = "New Document"/>
					<Item id = "6401" name = "Format"/>
					<Item id = "6402" name = "Windows"/>
					<Item id = "6403" name = "Unix"/>
	                <Item id = "6404" name = "Mac"/>
					<Item id = "6405" name = "Encoding"/>
					<Item id = "6406" name = "ANSI"/>
					<Item id = "6407" name = "UTF-8 without BOM"/>
					<Item id = "6408" name = "UTF-8"/>
					<Item id = "6409" name = "UCS-2 Big Endian"/>
					<Item id = "6410" name = "UCS-2 Little Endian"/>
					<Item id = "6411" name = "Default language :"/>
					<Item id = "6413" name = "Default Directory (Open/Save)"/>
					<Item id = "6414" name = "Follow current document"/>
					<Item id = "6415" name = "Remember last used directory"/>
                </NewDoc>
				<FileAssoc title = "File Association">
					<Item id = "4009" name = "Supported exts :"/>
					<Item id = "4010" name = "Registered exts :"/>
                </FileAssoc>
				<LangMenu title = "Language Menu/Tab Settings">
					<Item id = "6505" name = "Available items"/>
					<Item id = "6506" name = "Disabled items"/>
					<Item id = "6507" name = "Make Language Menu compact"/>
					<Item id = "6301" name = "Tab Setting"/>
					<Item id = "6302" name = "Replace by space"/>
					<Item id = "6303" name = "Tab size : "/>
                </LangMenu>
				<Print title = "Print">
					<Item id = "6601" name = "Print line number"/>
					<Item id = "6602" name = "Colour Options"/>
					<Item id = "6603" name = "WYSIWYG"/>
					<Item id = "6604" name = "Invert"/>
	                <Item id = "6605" name = "Black on white"/>
					<Item id = "6606" name = "No background colour"/>
					<Item id = "6607" name = "Marge Settings (Unit:mm)"/>
					<Item id = "6612" name = "Left"/>
					<Item id = "6613" name = "Top"/>
					<Item id = "6614" name = "Right"/>
					<Item id = "6615" name = "Bottom"/>
					<Item id = "6706" name = "Bold"/>
					<Item id = "6707" name = "Italic"/>
					<Item id = "6708" name = "Header"/>
					<Item id = "6709" name = "Left part"/>
	                <Item id = "6710" name = "Middle part"/>
					<Item id = "6711" name = "Right part"/>
					<Item id = "6717" name = "Bold"/>
					<Item id = "6718" name = "Italic"/>
					<Item id = "6719" name = "Footer"/>
					<Item id = "6720" name = "Left part"/>
	                <Item id = "6721" name = "Middle part"/>
					<Item id = "6722" name = "Right part"/>
	                <Item id = "6723" name = "Add"/>
					<Item id = "6725" name = "Variable :"/>
                    <Item id = "6728" name = "Header and footer"/>
                </Print>
				<MISC title = "MISC.">
					<Item id = "6304" name = "History File Settings"/>
	                <Item id = "6305" name = "Don't check at launch time"/>
					<Item id = "6306" name = "Max. number of entries :"/>
					<Item id = "6307" name = "Enable"/>
					<Item id = "6308" name = "Minimize to system tray"/>
					<Item id = "6309" name = "Remember current session for next launch"/>
					<Item id = "6312" name = "File Status Auto-Detection"/>
					<Item id = "6313" name = "Update silently"/>
					<Item id = "6318" name = "Clickable Link Settings"/>
					<Item id = "6325" name = "Scroll to the last line after update"/>
					<Item id = "6319" name = "Enable"/>
					<Item id = "6320" name = "Don't draw underline"/>
					<Item id = "6322" name = "Session file ext.:"/>
					<Item id = "6323" name = "Enable Notepad++ auto-updater"/>
					<Item id = "6324" name = "Document Switcher (Ctrl+TAB)"/>
					<Item id = "6326" name = "Enable smart highlighting"/>
					<Item id="6329" name="Highlight Matching Tags"/>
					<Item id="6327" name="Enable"/>
					<Item id="6328" name="Highlight tag attributes"/>
					<Item id="6330" name="Highlight comment/php/asp zone"/>
					
					<Item id = "6331" name = "Show only filename in title bar"/>
					<Item id = "6114" name = "Enable"/>
					<Item id = "6115" name = "Auto-indent"/>
					<Item id = "6117" name = "Enable MRU behaviour"/>
					
                </MISC>
				<Backup title = "Backup/Auto-Completion">
					<Item id = "6801" name = "Backup"/>
					<Item id = "6315" name = "None"/>
					<Item id = "6316" name = "Simple backup"/>
					<Item id = "6317" name = "Verbose backup"/>
					<Item id = "6804" name = "Custom backup directory"/>
					<Item id = "6803" name = "Directory :"/>
					<Item id = "6807" name = "Auto-Completion"/>
	                <Item id = "6808" name = "Enable auto-completion on each input"/>
					<Item id = "6809" name = "Function completion"/>
					<Item id = "6810" name = "Word completion"/>
					<Item id = "6811" name = "From"/>
					<Item id = "6813" name = "th character"/>
					<Item id = "6814" name = "Valid value : 1 - 9"/>
					<Item id = "6815" name = "Function parameters hint on input"/>
                </Backup>
            </Preference>
			<MultiMacro title = "Run Macro Multiple Times">
                <Item id = "1" name = "Run"/>
                <Item id = "2" name = "Cancel"/>
                <Item id = "8006" name = "Macro to run :"/>
                <Item id = "8001" name = "Run"/>
                <Item id = "8005" name = "times"/>
                <Item id = "8002" name = "Run until the end of file"/>
            </MultiMacro>
			<Window title = "Windows">
                <Item id = "1" name = "Activate"/>
                <Item id = "2" name = "OK"/>
                <Item id = "7002" name = "Save"/>
                <Item id = "7003" name = "Close window(s)"/>
                <Item id = "7004" name = "Sort tabs"/>
            </Window>
			<ColumnEditor title = "Column Editor">
                <Item id = "2023" name = "Text to Insert"/>
                <Item id = "2033" name = "Number to Insert"/>
                <Item id = "2030" name = "Initial number :"/>
                <Item id = "2031" name = "Increase by :"/>
                <Item id = "2035" name = "Leading zeros"/>
                <Item id = "2032" name = "Format"/>
                <Item id = "2024" name = "Dec"/>
                <Item id = "2025" name = "Oct"/>
                <Item id = "2026" name = "Hex"/>
                <Item id = "2027" name = "Bin"/>
				<Item id = "1" name = "OK"/>
				<Item id = "2" name = "Cancel"/>
            </ColumnEditor>
		</Dialog>
    </Native-Langue>
</NotepadPlus>
