<McSupportabilityContent>
	<Plugin name="ENGINE">
		<Product name="ENGINE" productversion="1.0" timestamp="1">
			<File checksum="943c377a8064bc685367aa0fce161866" loc="engine/registration.xml"/>
			<File checksum="9610103e511bfc13adf1084c02d78eb6" loc="engine/config/engine_offline.xml"/>
		</Product>
	</Plugin>
	<Plugin name="SUPPORTABILITY">
		<Product name="POLICY" contentversion="1.0" productversion="1.0" timestamp="1">
			<File checksum="10b2ac332ddc35ff132bb2072774c93e" loc="policy/config/supportability_offline.xml"/>
			<File checksum="66e0545208e01b22fb1ae18debb63c02" loc="policy/policies.xml"/>
		</Product>
		<Product name="MVT" contentversion="1.0" productversion="8.3.0.357" timestamp="357" updatetime="">
			<File loc="mvt/config/supportability_offline.xml" type="1" checksum="26bee747dbbae6d70c5c35bcf90eacdd"/><File loc="mvt/config/supportability_online.xml" type="1" checksum="e869aff17c896d12d331caa35af7cd1e"/><File loc="mvt/xmlfiles/config.xml" type="1" checksum="3939f52b7e6b86092abc92050dc0a75e"/><File loc="mvt/xmlfiles/detect.dll" type="1" checksum="6a599bc49cfbcf8f1182683aebf1d7e5"/><File loc="mvt/xmlfiles/detect64.dll" type="1" checksum="9c435fd46520fee2a7626fee36a4464f"/><File loc="mvt/xmlfiles/r&amp;c_fse_7_0_c_c.xml" type="2" checksum="24d3f094ea3759f36c9abc3de673f3f1"/><File loc="mvt/xmlfiles/gtiproxy_1_0_c_c.xml" type="2" checksum="164f561aed6c16e487388232d90d779e"/><File loc="mvt/xmlfiles/hips_7_0_c_c.xml" type="2" checksum="df93d6731ee9e0ab3ce2cd0cf6f198cd"/><File loc="mvt/xmlfiles/his_7_0_c_c.xml" type="2" checksum="001f5a5f5e877caa87601e24cdad20be"/><File loc="mvt/xmlfiles/hips_8_0_32_c.xml" type="2" checksum="505b6d449c93456bc10c60b62b764724"/><File loc="mvt/xmlfiles/hips_8_0_64_c.xml" type="2" checksum="96011d71a3d3d9d99c18f6be9e01a128"/><File loc="mvt/xmlfiles/his_8_0_c_c.xml" type="2" checksum="57e3c1689beeb489d3549c44063e0d9e"/><File loc="mvt/xmlfiles/his_8_0_c_c_p4.xml" type="2" checksum="0d6bbb30dc694286311fbacaa150b9ed"/><File loc="mvt/xmlfiles/his_8_0_c_c_p6.xml" type="2" checksum="18755bf278ebfd0875d288e314586394"/><File loc="mvt/xmlfiles/ie7preapprovedkeys.xml" type="2" checksum="2f49de4433d585314797af4d13d7a7e7"/><File loc="mvt/xmlfiles/initialize.xml" type="1" checksum="2c25335020f3f32c20854b963742b720"/><File loc="mvt/xmlfiles/installationcheck.xml" type="1" checksum="13364eef2ca8b4ee2a61a5e1a35a36c6"/><File loc="mvt/xmlfiles/kbcorporateproduct.xml" type="1" checksum="150f0c429541e2d57ea41ece3bee1d0f"/><File loc="mvt/xmlfiles/mvt_deviation_map.xml" type="1" checksum="3dd832634e1a666bb011e6a825c98d04"/><File loc="mvt/xmlfiles/mvt_knowledge_base.xml" type="1" checksum="a21bd523fa1df491da842e82da476915"/><File loc="mvt/xmlfiles/mnaccm_3_2_c_m.xml" type="2" checksum="c6eeac35872301e5dd2dac320460caec"/><File loc="mvt/xmlfiles/mnaccu_3_2_c_c.xml" type="2" checksum="5d0d0723e183ae99c37368375279a1e8"/><File loc="mvt/xmlfiles/mnacs_3_2_c_c.xml" type="2" checksum="514b33cb8b7a72fa10e635e26a07be94"/><File loc="mvt/xmlfiles/plugin.xml" type="1" checksum="fa8db6d36f6bf789514eaae9b2032ad4"/><File loc="mvt/xmlfiles/portal.xml" type="1" checksum="f1cd688fbe129071ccabdb94204f3440"/><File loc="mvt/xmlfiles/prehealthcheck.xml" type="1" checksum="4430e38ebe3ca80043c6fc0b0d4f8d7f"/><File loc="mvt/xmlfiles/prehealthcheck_fornormal.xml" type="1" checksum="1d638389d944a51b733536cd37029866"/><File loc="mvt/xmlfiles/prerequisite.xml" type="1" checksum="07987ff6cc93221da23555894005b8c5"/><File loc="mvt/xmlfiles/proddetect.xml" type="1" checksum="c4d6d884d3994492e7c80f59f2bf716d"/><File loc="mvt/xmlfiles/gsd_7_0_c_c.xml" type="2" checksum="4e58d1e803ddb9097a20661e51dc0be9"/><File loc="mvt/xmlfiles/gsd_7_0_c_c_p2.xml" type="2" checksum="1ef2f5d6625de254949aa22e9415e724"/><File loc="mvt/xmlfiles/supportedproducts.xml" type="1" checksum="d79ce472521d82bb12c1b55678c4c1c5"/><File loc="mvt/xmlfiles/mpsh_2_5_32_c.xml" type="2" checksum="e4d560978588540c8d3abfe9f865a964"/><File loc="mvt/xmlfiles/mpsh_2_5_64_c.xml" type="2" checksum="183da1e68f718fd980d47703b564ee1d"/><File loc="mvt/xmlfiles/mpsh_3_0_64_c.xml" type="2" checksum="6ea4288779040dfc550fb7b1bb5fbd4f"/><File loc="mvt/xmlfiles/vse_8_7_32_c.xml" type="2" checksum="d4b5c7f7fd4d3d73df931af90c19d855"/><File loc="mvt/xmlfiles/vse_8_7_64_c.xml" type="2" checksum="0a41a0b835b0f7a7ac066937618b9287"/><File loc="mvt/xmlfiles/vse_8_8_32_u.xml" type="2" checksum="f8cc98588e74464a04c032188487bff8"/><File loc="mvt/xmlfiles/vse_8_8_32_m.xml" type="2" checksum="4d1eec1dce06faec38b6314357e4a4a8"/><File loc="mvt/xmlfiles/vse_8_8_64_u.xml" type="2" checksum="fe9132e7bafeb1ec518a05453232650b"/><File loc="mvt/xmlfiles/vse_8_8_64_m.xml" type="2" checksum="10b567542d67f9e860f8c89cd5ed7839"/><File loc="mvt/xmlfiles/difftemplate.xml" type="1" checksum="1dd5f2f3507399ddd16c665ec7d5b8d7"/><File loc="mvt/xmlfiles/kbconsumerproduct.xml" type="1" checksum="7b40bed5017f1eeaa28f8747728d5513"/><File loc="mvt/xmlfiles/supporturl.xml" type="1" checksum="5e4752373a420c0a6071940c244ec5a9"/><File loc="mvt/xsl/result.xsl" type="1" checksum="b43fda23c159f64a10e89d6089e69cbb"/><File loc="mvt/xmlfiles/msd-win_7_5_64_c.xml" type="2" checksum="1095c0945fb82ee297ead3e8e84c6b00"/><File loc="mvt/xmlfiles/msd-win_7_5_32_c.xml" type="2" checksum="b25832dec1f0473ce5f7d496ce752d54"/><File loc="mvt/xmlfiles/mra_agent_2_6_c_c.xml" type="2" checksum="df6128a8a801e1bb0ca901d9db72c27a"/><File loc="mvt/xmlfiles/connectivity_test.txt" type="2" checksum="9fc12f1d31fd6866da6c40025fd43df0"/><File loc="mvt/xmlfiles/ma_4_6_c_m.xml" type="2" checksum="35194d1697700ff36b5fc49d9ed8a7ad"/><File loc="mvt/xmlfiles/ma_4_6_c_u.xml" type="2" checksum="d9cb39d465cbab21795c41a365b71798"/><File loc="mvt/xmlfiles/msae_3_0_32_c.xml" type="2" checksum="eb6117950ee65af345f5039654ea8572"/><File loc="mvt/xmlfiles/msae_3_0_64_c.xml" type="2" checksum="40ae431e6823c130657117e9f1704a96"/><File loc="mvt/xmlfiles/msae_3_0_c_c.xml" type="2" checksum="83cd0fe39e8e42dace79435e567ea431"/><File loc="mvt/xmlfiles/solid-ep_5_1_32_m.xml" type="2" checksum="20caa8fa1d737ec43054f48e76164475"/><File loc="mvt/xmlfiles/solid-ep_5_1_64_m.xml" type="2" checksum="95e68e3781d7fb08d95aaf8f1fcbfc2f"/><File loc="mvt/xmlfiles/solid-ep_5_1_32_u.xml" type="2" checksum="731a98746d32f92c1134c276b81410e9"/><File loc="mvt/xmlfiles/solid-ep_5_1_64_u.xml" type="2" checksum="8f60e27210bbeeba55134297fc44235c"/><File loc="mvt/xmlfiles/saas-ep-av_5_2_c_c.xml" type="2" checksum="f1ca22b39b1a3457867e631ddcdd7631"/><File loc="mvt/xmlfiles/saas-ep-fw_14_3_c_c.xml" type="2" checksum="a9606ad0ddd59e5eeb4fcb26704970e8"/><File loc="mvt/xmlfiles/idispatch.reg" type="2" checksum="0ffe58f1d5710dfe8faf29ffcfce8448"/><File loc="mvt/xmlfiles/msae_3_5_32_c.xml" type="2" checksum="03e58d7ad0fea6981639f00de43bcce0"/><File loc="mvt/xmlfiles/msae_3_5_64_c.xml" type="2" checksum="fd7b599e202c669728a1ba43ef0f4383"/><File loc="mvt/xmlfiles/deep-def_1_0_32_c.xml" type="2" checksum="400f60024ee966aa53d59d91714c326f"/><File loc="mvt/xmlfiles/deep-def_1_0_64_c.xml" type="2" checksum="c9178417aa0764927c98aa998e29d2fa"/><File loc="mvt/xmlfiles/msme_7_6_32_c.xml" type="2" checksum="d052b5810bb969acf9fbb68ab127f89a"/><File loc="mvt/xmlfiles/msme_7_6_32_c_hub.xml" type="2" checksum="9374bec0916af149f18fe28215bd229b"/><File loc="mvt/xmlfiles/msme_7_6_64_c_hub.xml" type="2" checksum="87c8a98eb2caab2d7e8478b193af22ac"/><File loc="mvt/xmlfiles/msme_7_6_64_c.xml" type="2" checksum="8c11f375225d9b9112c4357f7f9ef7e7"/><File loc="mvt/xmlfiles/msme_7_6_64_c_mbhub.xml" type="2" checksum="447628e66a5dc8cde490fced15bf1d26"/><File loc="mvt/xmlfiles/solid-ep_6_0_32_m.xml" type="2" checksum="00f8e528c3239282e6cee17e57b6cac6"/><File loc="mvt/xmlfiles/solid-ep_6_0_64_m.xml" type="2" checksum="409117676ebaf03652d02688486c6e92"/><File loc="mvt/xmlfiles/solid-ep_6_0_32_u.xml" type="2" checksum="88c99ed42932f3244ea14915fd7fbb7a"/><File loc="mvt/xmlfiles/solid-ep_6_0_64_u.xml" type="2" checksum="0c84868abefd7de5319914a24e76e22b"/><File loc="mvt/xmlfiles/mra_agent_2_7_c_c.xml" type="2" checksum="06e399ab436fcdac35b29b19725f3477"/><File loc="mvt/xmlfiles/deep-def_1_0_64_c_1.xml" type="2" checksum="ca81c5728561f4b40366d4b0d497d533"/><File loc="mvt/xmlfiles/deep-def_1_0_32_c_1.xml" type="2" checksum="2a820802ffeff6cb3c81f6cb77e1eb41"/><File loc="mvt/xmlfiles/hips_8_0_32_c_p2.xml" type="2" checksum="57ee9f44870893bc4f80b3ea2c50e723"/><File loc="mvt/xmlfiles/hips_8_0_64_c_p2.xml" type="2" checksum="5a59d4cdd697b90e4703884e619ac2fd"/><File loc="mvt/xmlfiles/saas-ep-av_5_4_c_c.xml" type="2" checksum="d311f43e11180d18cd646afaf5cf50cb"/><File loc="mvt/xmlfiles/mnaccm_4_0_c_m.xml" type="2" checksum="e5c967fed084872c38e3722eb9ff2f45"/><File loc="mvt/xmlfiles/mnaccu_4_0_c_c.xml" type="2" checksum="866d1adc339d7d494a55f71271230a75"/><File loc="mvt/xmlfiles/deep-def_1_5_64_c.xml" type="2" checksum="eec0c7b29673e5396fd05f32fed1e83a"/><File loc="mvt/xmlfiles/deep-def_1_5_32_c.xml" type="2" checksum="e2f73153538bc47580eb87bf9bcf8393"/><File loc="mvt/xmlfiles/deep-def_1_6_c_c.xml" type="2" checksum="2f2e8c9f99350d3c0e278d93816d3a58"/><File loc="mvt/xmlfiles/solid-ep_6_1_32_m.xml" type="2" checksum="93dbc50c2c0e6769aa7ab26edf8de0e8"/><File loc="mvt/xmlfiles/solid-ep_6_1_64_m.xml" type="2" checksum="b87e6cb986bd1bc9b4cdf0b87d838bca"/><File loc="mvt/xmlfiles/solid-ep_6_1_32_u.xml" type="2" checksum="2dee9f130666d8d8d62459045a879e8b"/><File loc="mvt/xmlfiles/solid-ep_6_1_64_u.xml" type="2" checksum="fe4d90e58300f54578f9f7e2c8360190"/><File loc="mvt/xmlfiles/solid-ep_6_1_32_m_p1.xml" type="2" checksum="1086c8181c9d8b7999f544f78e7caf7a"/><File loc="mvt/xmlfiles/solid-ep_6_1_64_m_p1.xml" type="2" checksum="04dca2a863ea01027dd53e282c4d6a8e"/><File loc="mvt/xmlfiles/solid-ep_6_1_32_u_p1.xml" type="2" checksum="c9201996c337b47964e63035c21b726a"/><File loc="mvt/xmlfiles/solid-ep_6_1_64_u_p1.xml" type="2" checksum="60577ecf149644684fa097a18b50188a"/><File loc="mvt/xmlfiles/solid-ep_6_1_32_m_p2.xml" type="2" checksum="588669e5b55c0687f231f146d51b323f"/><File loc="mvt/xmlfiles/solid-ep_6_1_64_m_p2.xml" type="2" checksum="a0a9652dd6d0f4ab919993cd65b44491"/><File loc="mvt/xmlfiles/solid-ep_6_1_32_u_p2.xml" type="2" checksum="afcbb46c07c1c1503b7ac8dc29eaf0f1"/><File loc="mvt/xmlfiles/solid-ep_6_1_64_u_p2.xml" type="2" checksum="ff2140b70fef3e5bf05637e7faa980ba"/><File loc="mvt/xmlfiles/solid-ep_6_1_c_c_p3.xml" type="2" checksum="9724cbb81d9a6aa3fdc183edeb8dda7a"/><File loc="mvt/xmlfiles/ma_4_8_32_m.xml" type="2" checksum="7c30d961d4c5c074c0846588dcf93e16"/><File loc="mvt/xmlfiles/ma_4_8_64_m.xml" type="2" checksum="ef7b9724f38a1c954df3b527f29d521d"/><File loc="mvt/xmlfiles/ma_4_8_32_u.xml" type="2" checksum="323e726a853ddfab3aae2ba4946cf1d4"/><File loc="mvt/xmlfiles/ma_4_8_64_u.xml" type="2" checksum="344e7436bf5d5ec0b716bb09f2ddea30"/><File loc="mvt/xmlfiles/ma_5_0_32_m.xml" type="2" checksum="fa8ee165d7c5eb6d68aed7b3fd5153c6"/><File loc="mvt/xmlfiles/ma_5_0_64_m.xml" type="2" checksum="34f2fb9675a24a41afeea5e6d75ffc4f"/><File loc="mvt/xmlfiles/ma_5_0_32_u.xml" type="2" checksum="239b1154a9a879f5e3d6c5121b4a5b9d"/><File loc="mvt/xmlfiles/ma_5_0_64_u.xml" type="2" checksum="4d300e6d73e7214e765aa2afa93c9404"/><File loc="mvt/xmlfiles/ma_5_0_32_m_p5.xml" type="2" checksum="3791ba18c3228703dc0ef17d9dd1aded"/><File loc="mvt/xmlfiles/ma_5_0_64_m_p5.xml" type="2" checksum="fff893567dcd068db67a8b4184ed73b9"/><File loc="mvt/xmlfiles/ma_5_0_32_u_p5.xml" type="2" checksum="420d24fbc69d60a0b87a9e5f50a76653"/><File loc="mvt/xmlfiles/ma_5_0_64_u_p5.xml" type="2" checksum="4070b1b7729f15bc5bc4841e69a30ca3"/><File loc="mvt/xmlfiles/msme_8_0_64_c_hub.xml" type="2" checksum="0aff359368bc8a145326ea05dcf4ac12"/><File loc="mvt/xmlfiles/msme_8_0_64_c.xml" type="2" checksum="9aeb929d48e822a80b1a5f377fe87bfe"/><File loc="mvt/xmlfiles/msme_8_0_64_c_mbhub.xml" type="2" checksum="efa388087ff68634f613018adfa88706"/><File loc="mvt/xmlfiles/msme_8_5_64_c_hub.xml" type="2" checksum="7fc7374f124240d2ae399c8d9f97952b"/><File loc="mvt/xmlfiles/msme_8_5_64_c_mb.xml" type="2" checksum="b4f06a6d20376f690394d3ece74ed25f"/><File loc="mvt/xmlfiles/msme_8_5_64_c_mbhub.xml" type="2" checksum="097b0e05e3fd291b0a3175b36ea3fd0f"/><File loc="mvt/xmlfiles/hips_8_0_32_c_p3.xml" type="2" checksum="d63cb9aa6effc8b4158361fd4ecabe47"/><File loc="mvt/xmlfiles/hips_8_0_64_c_p3.xml" type="2" checksum="3c7c104c352389e3b1a75aa28f089e2c"/><File loc="mvt/xmlfiles/hips_8_0_32_c_p4.xml" type="2" checksum="e98f12f674a734e57eaa4dc884b84b04"/><File loc="mvt/xmlfiles/hips_8_0_64_c_p4.xml" type="2" checksum="72a3778d87589a1d94e870444ecf1472"/><File loc="mvt/xmlfiles/hips_8_0_32_c_p5.xml" type="2" checksum="61251b12ea7ed67d42dcb5f6df5dfcde"/><File loc="mvt/xmlfiles/hips_8_0_64_c_p5.xml" type="2" checksum="b113f8c7b6a93da435f3706d90ed72a6"/><File loc="mvt/xmlfiles/hips_8_0_32_c_p6.xml" type="2" checksum="b6627b038eb8d91030b8a6408aec3c75"/><File loc="mvt/xmlfiles/hips_8_0_64_c_p6.xml" type="2" checksum="0e81f217ed52fa59982c9c085c0b6681"/><File loc="mvt/xmlfiles/saas-ep-bpc_3_5_c_c.xml" type="2" checksum="ab775dccf68ea70f2633dbd231b4f019"/><File loc="mvt/xmlfiles/saas-ep-fw_15_1_c_c.xml" type="2" checksum="f98e2fdb790e87a9fe4e93a194ec412e"/><File loc="mvt/xmlfiles/saas-ep-av_6_0_c_c.xml" type="2" checksum="b0f3e3cbf7181fa32973a51748585daf"/><File loc="mvt/xmlfiles/msae_3_5_32_c_p2.xml" type="2" checksum="f7cf53cdf3bb6775af26587bf92a032f"/><File loc="mvt/xmlfiles/msae_3_5_64_c_p2.xml" type="2" checksum="6f0c3f3f1fa02d984b968aaba4ac3543"/><File loc="mvt/xmlfiles/msae_3_5_32_c_p3.xml" type="2" checksum="9dbf1be1f66efa28593eeddf3cbe5cf2"/><File loc="mvt/xmlfiles/msae_3_5_64_c_p3.xml" type="2" checksum="6664e5a42eb2e8129ae56bda034ceeaf"/><File loc="mvt/xmlfiles/msae_3_5_32_c_p4.xml" type="2" checksum="6a03404d18534b21133b4e6c3e414331"/><File loc="mvt/xmlfiles/msae_3_5_64_c_p4.xml" type="2" checksum="373cfb200144926b081112eaeacea932"/><File loc="mvt/xmlfiles/pau_6_2_32_c.xml" type="2" checksum="1bc6c05ba846970f27b728eb9baebc09"/><File loc="mvt/xmlfiles/pau_6_2_64_c.xml" type="2" checksum="2e0e20244d78aa63f87b9d70c12597c9"/><File loc="mvt/xmlfiles/pau_6_3_c_m.xml" type="2" checksum="19ce67390269c218849770bce02377b0"/><File loc="mvt/xmlfiles/epo_5_1_c_c.xml" type="2" checksum="780174fba5ef0b05dbe093d7d4b006e0"/><File loc="mvt/xmlfiles/saas-ep-bpc_3_5_32_c_c_p2.xml" type="2" checksum="649101eab2d2444674f1ffb2c2e89126"/><File loc="mvt/xmlfiles/saas-ep-bpc_3_5_64_c_c_p2.xml" type="2" checksum="a86bf8f6a0955c03acac04293993dc27"/><File loc="mvt/xmlfiles/saas-ep-av_6_0_c_c_p3.xml" type="2" checksum="5e9fb2e8a778f2691cd4d901ec0d34ac"/><File loc="mvt/xmlfiles/saas-ep-bpc_3_5_c_c_p3.xml" type="2" checksum="be94fb969fc8a27e2e766430b3a5e4bf"/><File loc="mvt/xmlfiles/saas-ep-fw_15_1_c_c_p3.xml" type="2" checksum="182f6d45266af82431686bd0a1fc7130"/><File loc="mvt/xmlfiles/epo_5_1_c_c_p1.xml" type="2" checksum="20e3a7620a81159bf09672ec58f68779"/><File loc="mvt/xmlfiles/epo_5_3_c_c.xml" type="2" checksum="99dce0ab3f982e4ea5996b0dfd2d44ef"/><File loc="mvt/xmlfiles/epo_5_3_c_c_P3.xml" type="2" checksum="12669ce5444abc22a35b61516f1d0bd8"/><File loc="mvt/xmlfiles/epo_5_9_c_c.xml" type="2" checksum="b62d76fc7d42a190e2d896a8fcea6540"/><File loc="mvt/xmlfiles/eia_2_4_32_m.xml" type="2" checksum="d6d889f99fd289160d38b6babffa35ad"/><File loc="mvt/xmlfiles/eia_2_4_64_m.xml" type="2" checksum="99c042d4fdd2df2233ae85b3c343cf68"/><File loc="mvt/xmlfiles/mne_2_0_c_m.xml" type="2" checksum="468721552babe14158ab5667cd15d91e"/><File loc="mvt/xmlfiles/frp_4_3_32_m.xml" type="2" checksum="b20edcc6587cf595ebdd3e0c172eff3c"/><File loc="mvt/xmlfiles/frp_4_3_64_m.xml" type="2" checksum="ee7cf8b2aef016ed9588c77c46a782e4"/><File loc="mvt/xmlfiles/frp_5_0_32_m_P4.xml" type="2" checksum="f3f024105e3e6afa627d84c521072a00"/><File loc="mvt/xmlfiles/frp_5_0_64_m_P4.xml" type="2" checksum="d2f4f77d90c43136062de484eacd3316"/><File loc="mvt/xmlfiles/solid-ep_6_2_c_c.xml" type="2" checksum="d24efac0fbb143da08f7b068feabf64a"/><File loc="mvt/xmlfiles/ah_4_6_c_c.xml" type="2" checksum="ea0e9ca9e24e878c88e49c88800e8059"/><File loc="mvt/xmlfiles/mne_2_1_c_m.xml" type="2" checksum="d1d209e3ffea3def9e21b46a11867797"/><File loc="mvt/xmlfiles/mar_1_0_c_m.xml" type="2" checksum="a32eb2988157bca3c5c357cecb322962"/><File loc="mvt/xmlfiles/ensfw_10_2_32_m.xml" type="2" checksum="5e201d82c763fcc08d54ec60498b8d86"/><File loc="mvt/xmlfiles/ensfw_10_2_32_u.xml" type="2" checksum="805b075f7004bc2b162304cd15e96aaf"/><File loc="mvt/xmlfiles/ensfw_10_2_64_m.xml" type="2" checksum="1c8bc411913e9fd368ab941faf307fa2"/><File loc="mvt/xmlfiles/ensfw_10_2_64_u.xml" type="2" checksum="745bfa9622406ff7db212fea0a78e717"/><File loc="mvt/xmlfiles/enstp_10_2_32_m.xml" type="2" checksum="f2438da072388bf1220133db3be07159"/><File loc="mvt/xmlfiles/enstp_10_2_32_u.xml" type="2" checksum="0c2d7fd07fa40b227a02a497983764d1"/><File loc="mvt/xmlfiles/enstp_10_2_64_m.xml" type="2" checksum="20bd93d6ea99490e6487bf25d3226cff"/><File loc="mvt/xmlfiles/enstp_10_2_64_u.xml" type="2" checksum="22354aa60e89ab142eae074b5f823e75"/><File loc="mvt/xmlfiles/enswc_10_2_32_m.xml" type="2" checksum="3304bcd17bdabf1409e03a636e1a2bb9"/><File loc="mvt/xmlfiles/enswc_10_2_32_u.xml" type="2" checksum="feab51383b2208db915718ac0f87d824"/><File loc="mvt/xmlfiles/enswc_10_2_64_m.xml" type="2" checksum="cde8ba773c9f37182a0ca6c6583c4567"/><File loc="mvt/xmlfiles/enswc_10_2_64_u.xml" type="2" checksum="1816c742e7078e304d61a69ca2157e31"/><File loc="mvt/xmlfiles/ensfw_10_5_32_m.xml" type="2" checksum="828506476b42471ba6b8697ad9bc3211"/><File loc="mvt/xmlfiles/ensfw_10_5_32_u.xml" type="2" checksum="b4563c9d7cb413ad51d3155602f3706a"/><File loc="mvt/xmlfiles/ensfw_10_5_64_m.xml" type="2" checksum="05d3d3dcd01b11d98e496b878e638985"/><File loc="mvt/xmlfiles/ensfw_10_5_64_u.xml" type="2" checksum="cd4e565c88a3879656404bae174c1567"/><File loc="mvt/xmlfiles/enstp_10_5_32_m.xml" type="2" checksum="2129f5f8132b3fbf6096ff9bf951891c"/><File loc="mvt/xmlfiles/enstp_10_5_32_u.xml" type="2" checksum="6f4ca9936a8adcb90bc159381da5b14c"/><File loc="mvt/xmlfiles/enstp_10_5_64_m.xml" type="2" checksum="4c52f9f7afcc6a32eb70b5bfb5d98c8d"/><File loc="mvt/xmlfiles/enstp_10_5_64_u.xml" type="2" checksum="097c719ed6797e065540b5ec05294fe7"/><File loc="mvt/xmlfiles/enswc_10_5_32_m.xml" type="2" checksum="fa7109857590e42532dd89b18e38e661"/><File loc="mvt/xmlfiles/enswc_10_5_32_u.xml" type="2" checksum="3d3fa7a65a32505fdca87441df8c1268"/><File loc="mvt/xmlfiles/enswc_10_5_64_m.xml" type="2" checksum="425c2622ab66ebf88e34caa0fe2cbf95"/><File loc="mvt/xmlfiles/enswc_10_5_64_u.xml" type="2" checksum="aee54ca3db62f67e4e48f9cc1342198d"/><File loc="mvt/xmlfiles/ensfw_10_5_32_m_P1.xml" type="2" checksum="74ee6fe254e62f5b19946764a8e14988"/><File loc="mvt/xmlfiles/ensfw_10_5_32_u_P1.xml" type="2" checksum="1dcb94c097f8fc41671b978f1dbe0d86"/><File loc="mvt/xmlfiles/ensfw_10_5_64_m_P1.xml" type="2" checksum="16ed72c97fe1054aecc5c2a6b5207a39"/><File loc="mvt/xmlfiles/ensfw_10_5_64_u_P1.xml" type="2" checksum="b7edd31f894d4b364452485955dc305d"/><File loc="mvt/xmlfiles/enstp_10_5_32_m_P1.xml" type="2" checksum="230aff67bb946432cf6282ffec5ce049"/><File loc="mvt/xmlfiles/enstp_10_5_32_u_P1.xml" type="2" checksum="2e523db69513e74352de1d14c9b1b605"/><File loc="mvt/xmlfiles/enstp_10_5_64_m_P1.xml" type="2" checksum="ceae2ad6c9aa2d1dd8f3cc63faac1867"/><File loc="mvt/xmlfiles/enstp_10_5_64_u_P1.xml" type="2" checksum="d1f5097ac427432473b09e3f9309efd8"/><File loc="mvt/xmlfiles/enswc_10_5_32_m_P1.xml" type="2" checksum="878620f764c0de935d775e745c599af5"/><File loc="mvt/xmlfiles/enswc_10_5_32_u_P1.xml" type="2" checksum="e731758667777892d6bef524724d4a4e"/><File loc="mvt/xmlfiles/enswc_10_5_64_m_P1.xml" type="2" checksum="15b943c3d4016c5bb227e54bb7e65bf7"/><File loc="mvt/xmlfiles/enswc_10_5_64_u_P1.xml" type="2" checksum="362c66c14a577fa1b1e84131d27f59f2"/><File loc="mvt/xmlfiles/ma_5_5_32_m.xml" type="2" checksum="0953afe1e7c601953c79928c1fe0dca5"/><File loc="mvt/xmlfiles/ma_5_5_32_u.xml" type="2" checksum="d942c3292851653522bbb20449b3bd73"/><File loc="mvt/xmlfiles/ma_5_5_64_m.xml" type="2" checksum="bd00349642faa134e07769cca4c521a3"/><File loc="mvt/xmlfiles/ma_5_5_64_u.xml" type="2" checksum="cf17dff0bda68956e7eee2e0161d752f"/><File loc="mvt/xmlfiles/epo_5_9_c_c_p1.xml" type="2" checksum="397ba3e5ba6e5213b520bb02487b94f6"/><File checksum="d9b0ea1abdf860c33707da41923bf302" loc="mvt/miniapps/eia_cleanup_util_240.cab"/><File checksum="faf832da33b1c5493256d5f35393adc0" loc="mvt/miniapps/mcshieldremediation.cab"/><File checksum="74ee6fe254e62f5b19946764a8e14988" loc="mvt/xmlfiles/ensfw_10_5_32_m_p1.xml"/><File checksum="1dcb94c097f8fc41671b978f1dbe0d86" loc="mvt/xmlfiles/ensfw_10_5_32_u_p1.xml"/><File checksum="16ed72c97fe1054aecc5c2a6b5207a39" loc="mvt/xmlfiles/ensfw_10_5_64_m_p1.xml"/><File checksum="b7edd31f894d4b364452485955dc305d" loc="mvt/xmlfiles/ensfw_10_5_64_u_p1.xml"/><File checksum="230aff67bb946432cf6282ffec5ce049" loc="mvt/xmlfiles/enstp_10_5_32_m_p1.xml"/><File checksum="2e523db69513e74352de1d14c9b1b605" loc="mvt/xmlfiles/enstp_10_5_32_u_p1.xml"/><File checksum="ceae2ad6c9aa2d1dd8f3cc63faac1867" loc="mvt/xmlfiles/enstp_10_5_64_m_p1.xml"/><File checksum="d1f5097ac427432473b09e3f9309efd8" loc="mvt/xmlfiles/enstp_10_5_64_u_p1.xml"/><File checksum="878620f764c0de935d775e745c599af5" loc="mvt/xmlfiles/enswc_10_5_32_m_p1.xml"/><File checksum="e731758667777892d6bef524724d4a4e" loc="mvt/xmlfiles/enswc_10_5_32_u_p1.xml"/><File checksum="15b943c3d4016c5bb227e54bb7e65bf7" loc="mvt/xmlfiles/enswc_10_5_64_m_p1.xml"/><File checksum="362c66c14a577fa1b1e84131d27f59f2" loc="mvt/xmlfiles/enswc_10_5_64_u_p1.xml"/><File checksum="12669ce5444abc22a35b61516f1d0bd8" loc="mvt/xmlfiles/epo_5_3_c_c_p3.xml"/><File checksum="f3f024105e3e6afa627d84c521072a00" loc="mvt/xmlfiles/frp_5_0_32_m_p4.xml"/><File checksum="d2f4f77d90c43136062de484eacd3316" loc="mvt/xmlfiles/frp_5_0_64_m_p4.xml"/></Product>
	</Plugin>
</McSupportabilityContent>
