{
  "name": "adobe_acrobat_writer_inventory",
  "version": "1.2",
  "uuid": "CA000020",
  "windows": [
    {
      "objects": [
        "DA000058"
      ],
      "result": "DA000058",
      "base_cpe": [
        "cpe:2.3:a:adobe:acrobat_dc:*:*:*:*:*:*:*"
      ],
      "core_cpe": "cpe:2.3:a:adobe:acrobat_dc:*:*:*:*:*:*:*"
    },
    {
      "objects": [
        "DA000057"
      ],
      "result": "DA000057",
      "base_cpe": [
        "cpe:2.3:a:adobe:acrobat:*:*:*:*:*:*:*:*"
      ],
      "core_cpe": "cpe:2.3:a:adobe:acrobat:*:*:*:*:*:*:*:*"
    }
  ],
  "unix": []
}