<?xml version="1.0" encoding="utf-8" standalone="yes"?>
<EventDescRoot>
  <EventDesc>
    <DescriptorID>0</DescriptorID>
    <sigid>1331</sigid>
    <cls>UNIX_bo</cls>
    <dir>exec,environment</dir>
    <flag />
    <pri>1</pri>
    <desc locale="0409">&lt;b&gt;$(PROCESS)&lt;/b&gt; attempted to execute program &lt;b&gt;$(PROGRAM)&lt;/b&gt; with the TTYPROMPT environment variable set on the system with Agent &lt;b&gt;$(AGENT)&lt;/b&gt; with the privileges of user &lt;b&gt;$(USER)&lt;/b&gt;.&lt;P&gt;$(EVENT_STATUS)</desc>
    <desc locale="0411">&lt;b&gt;$(PROCESS)&lt;/b&gt; は、ユーザ &lt;b&gt;$(USER)&lt;/b&gt; の権限を使用して、エージェント &lt;b&gt;$(AGENT)&lt;/b&gt; を持つシステムで、TTYPROMPT 環境変数を指定してプログラム &lt;b&gt;$(PROGRAM)&lt;/b&gt; を実行しようとしました。&lt;P&gt;$(EVENT_STATUS)</desc>
    <desc locale="040c">Le processus &lt;b&gt;$(PROCESS)&lt;/b&gt; a essayé d&apos;exécuter le programme &lt;b&gt;$(PROGRAM)&lt;/b&gt; avec la variable d&apos;environnement TTYPROMPT, définie sur le système avec l&apos;Agent &lt;b&gt;$(AGENT)&lt;/b&gt; avec les privilèges de l&apos;utilisateur &lt;b&gt;$(USER)&lt;/b&gt;.&lt;P&gt;$(EVENT_STATUS)</desc>
    <desc locale="0407">Der Prozess &lt;b&gt;$(PROCESS)&lt;/b&gt; hat versucht, das Programm &lt;b&gt;$(PROGRAM)&lt;/b&gt; mit der Umgebungsvariablen TTYPROMPT auf dem System mit dem Agenten &lt;b&gt;$(AGENT)&lt;/b&gt; und den Berechtigungen des Benutzers &lt;b&gt;$(USER)&lt;/b&gt; auszuführen.&lt;P&gt;$(EVENT_STATUS)</desc>
    <desc locale="040a">El proceso &lt;b&gt;$(PROCESS)&lt;/b&gt; intentó ejecutar el programa &lt;b&gt;$(PROGRAM)&lt;/b&gt; con la variable de entorno TTYPROMPT seleccionada en el sistema que contiene el agente &lt;b&gt;$(AGENT)&lt;/b&gt; con los privilegios del usuario &lt;b&gt;$(USER)&lt;/b&gt;.&lt;P&gt;$(EVENT_STATUS)</desc>
  </EventDesc>
  <EventDesc>
    <DescriptorID>1</DescriptorID>
    <sigid />
    <cls>UNIX_apache</cls>
    <dir />
    <flag />
    <pri>1</pri>
    <desc locale="0409">Client &lt;b&gt;$(source)&lt;/b&gt; attempted to send an HTTP request to server &lt;b&gt;$(server)&lt;/b&gt;.&lt;p&gt;$(EVENT_STATUS)&lt;p&gt;The request was:&lt;br&gt;&lt;b&gt;$(raw url)&lt;/b&gt;</desc>
    <desc locale="0411">クライアント &lt;b&gt;$(source)&lt;/b&gt; は、HTTP リクエストをサーバ &lt;b&gt;$(server)&lt;/b&gt; に送信しようとしました。&lt;p&gt;$(EVENT_STATUS)&lt;p&gt; リクエストは、&lt;br&gt;&lt;b&gt;$(raw url)&lt;/b&gt; でした。</desc>
    <desc locale="040c">Le client &lt;b&gt;$(source)&lt;/b&gt; a essayé d&apos;envoyer une requête HTTP au serveur &lt;b&gt;$(server)&lt;/b&gt;.&lt;p&gt;$(EVENT_STATUS)&lt;p&gt;Cette requête était la suivante :&lt;br&gt;&lt;b&gt;$(raw url)&lt;/b&gt;</desc>
    <desc locale="0407">Der Client &lt;b&gt;$(source)&lt;/b&gt; hat versucht, eine HTTP-Anforderung an Server &lt;b&gt;$(server)&lt;/b&gt; zu senden.&lt;p&gt;$(EVENT_STATUS)&lt;p&gt;Die Anforderung lautete:&lt;br&gt;&lt;b&gt;$(raw url)&lt;/b&gt;</desc>
    <desc locale="040a">El cliente &lt;b&gt;$(source)&lt;/b&gt; intentó enviar una solicitud HTTP al servidor &lt;b&gt;$(server)&lt;/b&gt;.&lt;p&gt;$(EVENT_STATUS)&lt;p&gt;La solicitud era:&lt;br&gt;&lt;b&gt;$(raw url)&lt;/b&gt;</desc>
  </EventDesc>
  <EventDesc>
    <DescriptorID>2</DescriptorID>
    <sigid />
    <cls>UNIX_bo</cls>
    <dir>libc</dir>
    <flag />
    <pri>1</pri>
    <desc locale="0409">An attempt to invoke system call &lt;b&gt;$(system_call)&lt;/b&gt; through a buffer overflow in &lt;b&gt;$(PROCESS)&lt;/b&gt; running with the privileges of user &lt;b&gt;$(USER)&lt;/b&gt; on the system with Agent &lt;b&gt;$(AGENT)&lt;/b&gt; was detected. This attack utilizes the return-to-libc technique. &lt;P&gt;$(EVENT_STATUS)</desc>
    <desc locale="0411">エージェント &lt;b&gt;$(AGENT)&lt;/b&gt; を持つシステムで、ユーザ &lt;b&gt;$(USER)&lt;/b&gt; の権限を使用して実行中の &lt;b&gt;$(PROCESS)&lt;/b&gt; のバッファ オーバーフローを通してシステム コール &lt;b&gt;$(system_call)&lt;/b&gt; を呼び出そうとしているのが検出されました。この攻撃は、return-to-libc 手法を利用しています。&lt;P&gt;$(EVENT_STATUS)</desc>
    <desc locale="040c">Une tentative visant à invoquer l&apos;appel système &lt;b&gt;$(system_call)&lt;/b&gt; via un débordement de mémoire tampon dans le processus &lt;b&gt;$(PROCESS)&lt;/b&gt; exécuté avec les privilèges de l&apos;utilisateur &lt;b&gt;$(USER)&lt;/b&gt; sur le système avec l&apos;Agent &lt;b&gt;$(AGENT)&lt;/b&gt; a été détectée. Cette attaque utilise la technique return-to-libc. &lt;P&gt;$(EVENT_STATUS)</desc>
    <desc locale="0407">Ein Versuch, den Systemaufruf &lt;b&gt;$(system_call)&lt;/b&gt; über einen Pufferüberlauf in &lt;b&gt;$(PROCESS)&lt;/b&gt; mit den Berechtigungen des Benutzers &lt;b&gt;$(USER)&lt;/b&gt; auf dem System mit dem Agenten &lt;b&gt;$(AGENT)&lt;/b&gt; zu starten, wurde erkannt. Dieser Angriff nutzt die Return-to-Libc-Technik. &lt;P&gt;$(EVENT_STATUS)</desc>
    <desc locale="040a">Se ha detectado un intento de invocar la llamada de sistema &lt;b&gt;$(system_call)&lt;/b&gt; a través de un desbordamiento de búfer en el proceso &lt;b&gt;$(PROCESS)&lt;/b&gt; que se ejecuta con los privilegios del usuario &lt;b&gt;$(USER)&lt;/b&gt; en el sistema del agente &lt;b&gt;$(AGENT)&lt;/b&gt;. Este ataque utiliza la técnica &quot;retorno a libc&quot;. &lt;P&gt;$(EVENT_STATUS)</desc>
  </EventDesc>
  <EventDesc>
    <DescriptorID>3</DescriptorID>
    <sigid />
    <cls>UNIX_bo</cls>
    <dir>illegal_address</dir>
    <flag />
    <pri>2</pri>
    <desc locale="0409">An attempt to invoke system call &lt;b&gt;$(system_call)&lt;/b&gt; through a buffer overflow in &lt;b&gt;$(PROCESS)&lt;/b&gt; running with the privileges of user &lt;b&gt;$(USER)&lt;/b&gt; on the system with Agent &lt;b&gt;$(AGENT)&lt;/b&gt; was detected. &lt;P&gt;$(EVENT_STATUS)</desc>
    <desc locale="0411">エージェント &lt;b&gt;$(AGENT)&lt;/b&gt; を持つシステムで、ユーザ &lt;b&gt;$(USER)&lt;/b&gt; の権限を使用して実行中の &lt;b&gt;$(PROCESS)&lt;/b&gt; のバッファ オーバーフローを通してシステム コール &lt;b&gt;$(system_call)&lt;/b&gt; を呼び出そうとしているのが検出されました。&lt;P&gt;$(EVENT_STATUS)</desc>
    <desc locale="040c">Une tentative visant à invoquer l&apos;appel système &lt;b&gt;$(system_call)&lt;/b&gt; via un débordement de mémoire tampon dans le processus &lt;b&gt;$(PROCESS)&lt;/b&gt; exécuté avec les privilèges de l&apos;utilisateur &lt;b&gt;$(USER)&lt;/b&gt; sur le système avec l&apos;Agent &lt;b&gt;$(AGENT)&lt;/b&gt; a été détectée. &lt;P&gt;$(EVENT_STATUS)</desc>
    <desc locale="0407">Ein Versuch, den Systemaufruf &lt;b&gt;$(system_call)&lt;/b&gt; über einen Pufferüberlauf in &lt;b&gt;$(PROCESS)&lt;/b&gt; mit den Berechtigungen des Benutzers &lt;b&gt;$(USER)&lt;/b&gt; auf dem System mit dem Agenten &lt;b&gt;$(AGENT)&lt;/b&gt; zu starten, wurde erkannt. &lt;P&gt;$(EVENT_STATUS)</desc>
    <desc locale="040a">Se ha detectado un intento de invocar la llamada de sistema &lt;b&gt;$(system_call)&lt;/b&gt; a través de un desbordamiento de búfer en el proceso &lt;b&gt;$(PROCESS)&lt;/b&gt; que se ejecuta con los privilegios del usuario &lt;b&gt;$(USER)&lt;/b&gt; en el sistema del agente &lt;b&gt;$(AGENT)&lt;/b&gt;. &lt;P&gt;$(EVENT_STATUS)</desc>
  </EventDesc>
  <EventDesc>
    <DescriptorID>4</DescriptorID>
    <sigid />
    <cls>UNIX_bo</cls>
    <dir>binargs</dir>
    <flag />
    <pri>3</pri>
    <desc locale="0409">&lt;b&gt;$(PROCESS)&lt;/b&gt; attempted to execute program &lt;b&gt;$(PROGRAM)&lt;/b&gt; with binary data in command line arguments on the system with Agent &lt;b&gt;$(AGENT)&lt;/b&gt; with the privileges of user &lt;b&gt;$(USER)&lt;/b&gt;.&lt;P&gt;$(EVENT_STATUS)</desc>
    <desc locale="0411">&lt;b&gt;$(PROCESS)&lt;/b&gt; は、ユーザ &lt;b&gt;$(USER)&lt;/b&gt; の権限を使用して、エージェント &lt;b&gt;$(AGENT)&lt;/b&gt; を持つシステムで、コマンド ライン引数にバイナリ データを指定してプログラム &lt;b&gt;$(PROGRAM)&lt;/b&gt; を実行しようとしました。&lt;P&gt;$(EVENT_STATUS)</desc>
    <desc locale="040c">Le processus &lt;b&gt;$(PROCESS)&lt;/b&gt; a essayé d&apos;exécuter le programme &lt;b&gt;$(PROGRAM)&lt;/b&gt; avec des données binaires dans les arguments de ligne de commande sur le système avec l&apos;Agent &lt;b&gt;$(AGENT)&lt;/b&gt; avec les privilèges de l&apos;utilisateur &lt;b&gt;$(USER)&lt;/b&gt;.&lt;P&gt;$(EVENT_STATUS)</desc>
    <desc locale="0407">Der Prozess &lt;b&gt;$(PROCESS)&lt;/b&gt; hat versucht, das Programm &lt;b&gt;$(PROGRAM)&lt;/b&gt; mit binären Daten in Befehlszeilenargumenten auf dem System mit dem Agenten &lt;b&gt;$(AGENT)&lt;/b&gt; und den Berechtigungen des Benutzers &lt;b&gt;$(USER)&lt;/b&gt; auszuführen.&lt;P&gt;$(EVENT_STATUS)</desc>
    <desc locale="040a">El proceso &lt;b&gt;$(PROCESS)&lt;/b&gt; intentó ejecutar el programa &lt;b&gt;$(PROGRAM)&lt;/b&gt; con datos binarios en los argumentos de la línea de comandos del sistema que contiene el agente &lt;b&gt;$(AGENT)&lt;/b&gt; con los privilegios del usuario &lt;b&gt;$(USER)&lt;/b&gt;.&lt;P&gt;$(EVENT_STATUS)</desc>
  </EventDesc>
  <EventDesc>
    <DescriptorID>5</DescriptorID>
    <sigid />
    <cls>UNIX_bo</cls>
    <dir>binenv</dir>
    <flag />
    <pri>4</pri>
    <desc locale="0409">&lt;b&gt;$(PROCESS)&lt;/b&gt; attempted to execute program &lt;b&gt;$(PROGRAM)&lt;/b&gt; with binary data in environment variables on the system with Agent &lt;b&gt;$(AGENT)&lt;/b&gt; with the privileges of user &lt;b&gt;$(USER)&lt;/b&gt;.&lt;P&gt;$(EVENT_STATUS)</desc>
    <desc locale="0411">&lt;b&gt;$(PROCESS)&lt;/b&gt; は、ユーザ &lt;b&gt;$(USER)&lt;/b&gt; の権限を使用して、エージェント &lt;b&gt;$(AGENT)&lt;/b&gt; を持つシステムで、環境変数にバイナリ データを指定してプログラム &lt;b&gt;$(PROGRAM)&lt;/b&gt; を実行しようとしました。&lt;P&gt;$(EVENT_STATUS)</desc>
    <desc locale="040c">Le processus &lt;b&gt;$(PROCESS)&lt;/b&gt; a essayé d&apos;exécuter le programme &lt;b&gt;$(PROGRAM)&lt;/b&gt; avec des données binaires dans des variables d&apos;environnement sur le système avec l&apos;Agent &lt;b&gt;$(AGENT)&lt;/b&gt; avec les privilèges de l&apos;utilisateur &lt;b&gt;$(USER)&lt;/b&gt;.&lt;P&gt;$(EVENT_STATUS)</desc>
    <desc locale="0407">Der Prozess &lt;b&gt;$(PROCESS)&lt;/b&gt; hat versucht, das Programm &lt;b&gt;$(PROGRAM)&lt;/b&gt; mit binären Daten in Umgebungsvariablen auf dem System mit dem Agenten &lt;b&gt;$(AGENT)&lt;/b&gt; und den Berechtigungen des Benutzers &lt;b&gt;$(USER)&lt;/b&gt; auszuführen.&lt;P&gt;$(EVENT_STATUS)</desc>
    <desc locale="040a">El proceso &lt;b&gt;$(PROCESS)&lt;/b&gt; intentó ejecutar el programa &lt;b&gt;$(PROGRAM)&lt;/b&gt; con datos binarios en las variables de entorno del sistema que contiene el agente &lt;b&gt;$(AGENT)&lt;/b&gt; con los privilegios del usuario &lt;b&gt;$(USER)&lt;/b&gt;.&lt;P&gt;$(EVENT_STATUS)</desc>
  </EventDesc>
  <EventDesc>
    <DescriptorID>6</DescriptorID>
    <sigid />
    <cls>UNIX_bo</cls>
    <dir>exec,environment</dir>
    <flag />
    <pri>5</pri>
    <desc locale="0409">&lt;b&gt;$(PROCESS)&lt;/b&gt; attempted to execute program &lt;b&gt;$(PROGRAM)&lt;/b&gt; with the privileges of user &lt;b&gt;$(USER)&lt;/b&gt; on the system with Agent &lt;b&gt;$(AGENT)&lt;/b&gt;.&lt;P&gt;$(EVENT_STATUS)</desc>
    <desc locale="0411">&lt;b&gt;$(PROCESS)&lt;/b&gt; は、ユーザ &lt;b&gt;$(USER)&lt;/b&gt; の権限を使用して、エージェント &lt;b&gt;$(AGENT)&lt;/b&gt; を持つシステムでプログラム &lt;b&gt;$(PROGRAM)&lt;/b&gt; を実行しようとしました。&lt;P&gt;$(EVENT_STATUS)</desc>
    <desc locale="040c">Le processus &lt;b&gt;$(PROCESS)&lt;/b&gt; a essayé d&apos;exécuter le programme &lt;b&gt;$(PROGRAM)&lt;/b&gt; avec les privilèges de l&apos;utilisateur&lt;b&gt;$(USER)&lt;/b&gt; sur le système avec l&apos;Agent &lt;b&gt;$(AGENT)&lt;/b&gt;.&lt;P&gt;$(EVENT_STATUS)</desc>
    <desc locale="0407">Der Prozess&lt;b&gt;$(PROCESS)&lt;/b&gt; hat versucht, das Programm &lt;b&gt;$(PROGRAM)&lt;/b&gt; mit den Berechtigungen des Benutzers &lt;b&gt;$(USER)&lt;/b&gt; auf dem System mit dem Agenten &lt;b&gt;$(AGENT)&lt;/b&gt; auszuführen.&lt;P&gt;$(EVENT_STATUS)</desc>
    <desc locale="040a">El proceso &lt;b&gt;$(PROCESS)&lt;/b&gt; intentó ejecutar el programa &lt;b&gt;$(PROGRAM)&lt;/b&gt; con los privilegios del usuario &lt;b&gt;$(USER)&lt;/b&gt; en el sistema que contiene el agente &lt;b&gt;$(AGENT)&lt;/b&gt;.&lt;P&gt;$(EVENT_STATUS)</desc>
  </EventDesc>
  <EventDesc>
    <DescriptorID>7</DescriptorID>
    <sigid />
    <cls>UNIX_bo</cls>
    <dir />
    <flag />
    <pri>6</pri>
    <desc locale="0409">&lt;b&gt;$(PROCESS)&lt;/b&gt; attempted to execute program &lt;b&gt;$(PROGRAM)&lt;/b&gt; with binary data in command line arguments and environment variables on the system with Agent &lt;b&gt;$(AGENT)&lt;/b&gt; with the privileges of user &lt;b&gt;$(USER)&lt;/b&gt;.&lt;P&gt;$(EVENT_STATUS)</desc>
    <desc locale="0411">&lt;b&gt;$(PROCESS)&lt;/b&gt; は、ユーザ &lt;b&gt;$(USER)&lt;/b&gt; の権限を使用して、エージェント &lt;b&gt;$(AGENT)&lt;/b&gt; を持つシステムで、コマンドライン引数および環境変数にバイナリ データを指定してプログラム &lt;b&gt;$(PROGRAM)&lt;/b&gt; を実行しようとしました。&lt;P&gt;$(EVENT_STATUS)</desc>
    <desc locale="040c">Le processus &lt;b&gt;$(PROCESS)&lt;/b&gt; a essayé d&apos;exécuter le programme &lt;b&gt;$(PROGRAM)&lt;/b&gt; avec des données binaires dans les arguments de ligne de commande et des variables d&apos;environnement sur le système avec l&apos;Agent &lt;b&gt;$(AGENT)&lt;/b&gt; avec les privilèges de l&apos;utilisateur &lt;b&gt;$(USER)&lt;/b&gt;.&lt;P&gt;$(EVENT_STATUS)</desc>
    <desc locale="0407">Der Prozess &lt;b&gt;$(PROCESS)&lt;/b&gt; hat versucht, das Programm &lt;b&gt;$(PROGRAM)&lt;/b&gt; mit binären Daten in Befehlszeilenargumenten und Umgebungsvariablen auf dem System mit dem Agenten &lt;b&gt;$(AGENT)&lt;/b&gt; und den Berechtigungen des Benutzers &lt;b&gt;$(USER)&lt;/b&gt; auszuführen.&lt;P&gt;$(EVENT_STATUS)</desc>
    <desc locale="040a">El proceso &lt;b&gt;$(PROCESS)&lt;/b&gt; intentó ejecutar el programa &lt;b&gt;$(PROGRAM)&lt;/b&gt; con datos binarios en los argumentos de la línea de comandos y variables de entorno del sistema que contiene el agente &lt;b&gt;$(AGENT)&lt;/b&gt; con los privilegios del usuario &lt;b&gt;$(USER)&lt;/b&gt;.&lt;P&gt;$(EVENT_STATUS)</desc>
  </EventDesc>
  <EventDesc>
    <DescriptorID>8</DescriptorID>
    <sigid />
    <cls>UNIX_file</cls>
    <dir>symlink</dir>
    <flag />
    <pri>1</pri>
    <desc locale="0409">&lt;b&gt;$(PROCESS)&lt;/b&gt; running with the privileges of user &lt;b&gt;$(USER)&lt;/b&gt; on the system with Agent &lt;b&gt;$(AGENT)&lt;/b&gt; attempted to link file &lt;b&gt;$(source)&lt;/b&gt; to file &lt;b&gt;$(files)&lt;/b&gt;.&lt;P&gt;$(EVENT_STATUS)</desc>
    <desc locale="0411">エージェント &lt;b&gt;$(AGENT)&lt;/b&gt; を持つシステムで、ユーザ &lt;b&gt;$(USER)&lt;/b&gt; の権限を使用して実行中の &lt;b&gt;$(PROCESS)&lt;/b&gt; は、ファイル &lt;b&gt;$(source)&lt;/b&gt; をファイル &lt;b&gt;$(files)&lt;/b&gt; にリンクしようとしました。&lt;P&gt;$(EVENT_STATUS)</desc>
    <desc locale="040c">Le processus &lt;b&gt;$(PROCESS)&lt;/b&gt; exécuté avec les privilèges de l&apos;utilisateur &lt;b&gt;$(USER)&lt;/b&gt; sur le système avec l&apos;Agent &lt;b&gt;$(AGENT)&lt;/b&gt; a essayé de lier le fichier &lt;b&gt;$(source)&lt;/b&gt; au fichier &lt;b&gt;$(files)&lt;/b&gt;.&lt;P&gt;$(EVENT_STATUS)</desc>
    <desc locale="0407">Der Prozess &lt;b&gt;$(PROCESS)&lt;/b&gt;, der mit den Berechtigungen des Benutzers &lt;b&gt;$(USER)&lt;/b&gt; auf dem System mit dem Agenten &lt;b&gt;$(AGENT)&lt;/b&gt; hat versucht, die Datei &lt;b&gt;$(source)&lt;/b&gt; mit der Datei &lt;b&gt;$(files)&lt;/b&gt; zu verknüpfen.&lt;P&gt;$(EVENT_STATUS)</desc>
    <desc locale="040a">El proceso &lt;b&gt;$(PROCESS)&lt;/b&gt; que se ejecuta con los privilegios del usuario &lt;b&gt;$(USER)&lt;/b&gt; en el sistema que contiene el agente &lt;b&gt;$(AGENT)&lt;/b&gt; intentó vincular el archivo &lt;b&gt;$(source)&lt;/b&gt; al archivo &lt;b&gt;$(files)&lt;/b&gt;.&lt;P&gt;$(EVENT_STATUS)</desc>
  </EventDesc>
  <EventDesc>
    <DescriptorID>9</DescriptorID>
    <sigid />
    <cls>UNIX_file</cls>
    <dir>rename</dir>
    <flag />
    <pri>2</pri>
    <desc locale="0409">&lt;b&gt;$(PROCESS)&lt;/b&gt; running with the privileges of user &lt;b&gt;$(USER)&lt;/b&gt; on the system with Agent &lt;b&gt;$(AGENT)&lt;/b&gt; attempted to rename file &lt;b&gt;$(files)&lt;/b&gt; to &lt;b&gt;$(source)&lt;/b&gt;.&lt;P&gt;$(EVENT_STATUS)</desc>
    <desc locale="0411">エージェント &lt;b&gt;$(AGENT)&lt;/b&gt; を持つシステムでユーザ &lt;b&gt;$(USER)&lt;/b&gt; の権限を使用して実行中の &lt;b&gt;$(PROCESS)&lt;/b&gt; は、ファイル &lt;b&gt;$(files)&lt;/b&gt; の名前を &lt;b&gt;$(source)&lt;/b&gt; に変更しようとしました。&lt;P&gt;$(EVENT_STATUS)</desc>
    <desc locale="040c">Le processus &lt;b&gt;$(PROCESS)&lt;/b&gt; exécuté avec les privilèges de l&apos;utilisateur &lt;b&gt;$(USER)&lt;/b&gt; sur le système avec l&apos;Agent &lt;b&gt;$(AGENT)&lt;/b&gt; a essayé de renommer le fichier &lt;b&gt;$(files)&lt;/b&gt; en &lt;b&gt;$(source)&lt;/b&gt;.&lt;P&gt;$(EVENT_STATUS)</desc>
    <desc locale="0407">Der Prozess &lt;b&gt;$(PROCESS)&lt;/b&gt;, der mit den Berechtigungen des Benutzers &lt;b&gt;$(USER)&lt;/b&gt; auf dem System mit dem Agenten &lt;b&gt;$(AGENT)&lt;/b&gt; ausgeführt wird, hat versucht, die Datei &lt;b&gt;$(files)&lt;/b&gt; in &lt;b&gt;$(source)&lt;/b&gt; umzubenennen.&lt;P&gt;$(EVENT_STATUS)</desc>
    <desc locale="040a">El proceso &lt;b&gt;$(PROCESS)&lt;/b&gt; que se ejecuta con los privilegios del usuario &lt;b&gt;$(USER)&lt;/b&gt; en el sistema que contiene el agente &lt;b&gt;$(AGENT)&lt;/b&gt; intentó cambiar el nombre del archivo &lt;b&gt;$(files)&lt;/b&gt; a &lt;b&gt;$(source)&lt;/b&gt;.&lt;P&gt;$(EVENT_STATUS)</desc>
  </EventDesc>
  <EventDesc>
    <DescriptorID>10</DescriptorID>
    <sigid />
    <cls>UNIX_file</cls>
    <dir>rmdir</dir>
    <flag />
    <pri>3</pri>
    <desc locale="0409">&lt;b&gt;$(PROCESS)&lt;/b&gt; running with the privileges of user &lt;b&gt;$(USER)&lt;/b&gt; on the system with Agent &lt;b&gt;$(AGENT)&lt;/b&gt; attempted to perform the following operation(s) on directory &lt;b&gt;$(files)&lt;/b&gt;:&lt;blockquote&gt;&lt;b&gt;$(ACTION_LIST)&lt;/blockquote&gt;&lt;/b&gt;&lt;P&gt;$(EVENT_STATUS)</desc>
    <desc locale="0411">エージェント &lt;b&gt;$(AGENT)&lt;/b&gt; を持つシステムでユーザ &lt;b&gt;$(USER)&lt;/b&gt; の権限を使用して実行中の &lt;b&gt;$(PROCESS)&lt;/b&gt; は、ディレクトリ &lt;b&gt;$(files)&lt;/b&gt; に対して次の操作 &lt;blockquote&gt;&lt;b&gt;$(ACTION_LIST)&lt;/blockquote&gt;&lt;/b&gt; を実行しようとしました。&lt;P&gt;$(EVENT_STATUS)</desc>
    <desc locale="040c">Le processus &lt;b&gt;$(PROCESS)&lt;/b&gt; exécuté avec les privilèges de l&apos;utilisateur &lt;b&gt;$(USER)&lt;/b&gt; sur le système avec l&apos;Agent &lt;b&gt;$(AGENT)&lt;/b&gt; a essayé d&apos;effectuer les opérations suivantes sur le répertoire &lt;b&gt;$(files)&lt;/b&gt;:&lt;blockquote&gt;&lt;b&gt;$(ACTION_LIST)&lt;/blockquote&gt;&lt;/b&gt;&lt;P&gt;$(EVENT_STATUS)</desc>
    <desc locale="0407">Der Prozess &lt;b&gt;$(PROCESS)&lt;/b&gt;, der mit den Berechtigungen des Benutzers &lt;b&gt;$(USER)&lt;/b&gt; auf dem System mit dem Agenten &lt;b&gt;$(AGENT)&lt;/b&gt; ausgeführt wird, hat versucht, folgende Vorgänge in Verzeichnis &lt;b&gt;$(files)&lt;/b&gt; auszuführen:&lt;blockquote&gt;&lt;b&gt;$(ACTION_LIST)&lt;/blockquote&gt;&lt;/b&gt;&lt;P&gt;$(EVENT_STATUS)</desc>
    <desc locale="040a">El proceso &lt;b&gt;$(PROCESS)&lt;/b&gt; que se ejecuta con los privilegios del usuario &lt;b&gt;$(USER)&lt;/b&gt; en el sistema que contiene el agente &lt;b&gt;$(AGENT)&lt;/b&gt; intentó efectuar la siguiente operación u operaciones en el directorio &lt;b&gt;$(files)&lt;/b&gt;: &lt;blockquote&gt;&lt;b&gt;$(ACTION_LIST)&lt;/blockquote&gt;&lt;/b&gt;&lt;P&gt;$(EVENT_STATUS)</desc>
  </EventDesc>
  <EventDesc>
    <DescriptorID>11</DescriptorID>
    <sigid />
    <cls>UNIX_file</cls>
    <dir>mkdir</dir>
    <flag />
    <pri>4</pri>
    <desc locale="0409">&lt;b&gt;$(PROCESS)&lt;/b&gt; running with the privileges of user &lt;b&gt;$(USER)&lt;/b&gt; on the system with Agent &lt;b&gt;$(AGENT)&lt;/b&gt; attempted to perform the following operation(s) on directory &lt;b&gt;$(files)&lt;/b&gt;:&lt;blockquote&gt;&lt;b&gt;$(ACTION_LIST)&lt;/blockquote&gt;&lt;/b&gt;&lt;P&gt;$(EVENT_STATUS)</desc>
    <desc locale="0411">エージェント &lt;b&gt;$(AGENT)&lt;/b&gt; を持つシステムでユーザ &lt;b&gt;$(USER)&lt;/b&gt; の権限を使用して実行中の &lt;b&gt;$(PROCESS)&lt;/b&gt; は、ディレクトリ &lt;b&gt;$(files)&lt;/b&gt; に対して次の操作 &lt;blockquote&gt;&lt;b&gt;$(ACTION_LIST)&lt;/blockquote&gt;&lt;/b&gt; を実行しようとしました。&lt;P&gt;$(EVENT_STATUS)</desc>
    <desc locale="040c">Le processus &lt;b&gt;$(PROCESS)&lt;/b&gt; exécuté avec les privilèges de l&apos;utilisateur &lt;b&gt;$(USER)&lt;/b&gt; sur le système avec l&apos;Agent &lt;b&gt;$(AGENT)&lt;/b&gt; a essayé d&apos;effectuer les opérations suivantes sur le répertoire &lt;b&gt;$(files)&lt;/b&gt;:&lt;blockquote&gt;&lt;b&gt;$(ACTION_LIST)&lt;/blockquote&gt;&lt;/b&gt;&lt;P&gt;$(EVENT_STATUS)</desc>
    <desc locale="0407">Der Prozess &lt;b&gt;$(PROCESS)&lt;/b&gt;, der mit den Berechtigungen des Benutzers &lt;b&gt;$(USER)&lt;/b&gt; auf dem System mit dem Agenten &lt;b&gt;$(AGENT)&lt;/b&gt; ausgeführt wird, hat versucht, folgende Vorgänge in Verzeichnis &lt;b&gt;$(files)&lt;/b&gt; auszuführen:&lt;blockquote&gt;&lt;b&gt;$(ACTION_LIST)&lt;/blockquote&gt;&lt;/b&gt;&lt;P&gt;$(EVENT_STATUS)</desc>
    <desc locale="040a">El proceso &lt;b&gt;$(PROCESS)&lt;/b&gt; que se ejecuta con los privilegios del usuario &lt;b&gt;$(USER)&lt;/b&gt; en el sistema que contiene el agente &lt;b&gt;$(AGENT)&lt;/b&gt; intentó efectuar la siguiente operación u operaciones en el directorio &lt;b&gt;$(files)&lt;/b&gt;: &lt;blockquote&gt;&lt;b&gt;$(ACTION_LIST)&lt;/blockquote&gt;&lt;/b&gt;&lt;P&gt;$(EVENT_STATUS)</desc>
  </EventDesc>
  <EventDesc>
    <DescriptorID>12</DescriptorID>
    <sigid />
    <cls>UNIX_file</cls>
    <dir>chdir</dir>
    <flag />
    <pri>5</pri>
    <desc locale="0409">&lt;b&gt;$(PROCESS)&lt;/b&gt; running with the privileges of user &lt;b&gt;$(USER)&lt;/b&gt; on the system with Agent &lt;b&gt;$(AGENT)&lt;/b&gt; attempted to perform the following operation(s) on directory &lt;b&gt;$(files)&lt;/b&gt;:&lt;blockquote&gt;&lt;b&gt;$(ACTION_LIST)&lt;/blockquote&gt;&lt;/b&gt;&lt;P&gt;$(EVENT_STATUS)</desc>
    <desc locale="0411">エージェント &lt;b&gt;$(AGENT)&lt;/b&gt; を持つシステムでユーザ &lt;b&gt;$(USER)&lt;/b&gt; の権限を使用して実行中の &lt;b&gt;$(PROCESS)&lt;/b&gt; は、ディレクトリ &lt;b&gt;$(files)&lt;/b&gt; に対して次の操作 &lt;blockquote&gt;&lt;b&gt;$(ACTION_LIST)&lt;/blockquote&gt;&lt;/b&gt; を実行しようとしました。&lt;P&gt;$(EVENT_STATUS)</desc>
    <desc locale="040c">Le processus &lt;b&gt;$(PROCESS)&lt;/b&gt; exécuté avec les privilèges de l&apos;utilisateur &lt;b&gt;$(USER)&lt;/b&gt; sur le système avec l&apos;Agent &lt;b&gt;$(AGENT)&lt;/b&gt; a essayé d&apos;effectuer les opérations suivantes sur le répertoire &lt;b&gt;$(files)&lt;/b&gt;:&lt;blockquote&gt;&lt;b&gt;$(ACTION_LIST)&lt;/blockquote&gt;&lt;/b&gt;&lt;P&gt;$(EVENT_STATUS)</desc>
    <desc locale="0407">Der Prozess &lt;b&gt;$(PROCESS)&lt;/b&gt;, der mit den Berechtigungen des Benutzers &lt;b&gt;$(USER)&lt;/b&gt; auf dem System mit dem Agenten &lt;b&gt;$(AGENT)&lt;/b&gt; ausgeführt wird, hat versucht, folgende Vorgänge in Verzeichnis &lt;b&gt;$(files)&lt;/b&gt; auszuführen:&lt;blockquote&gt;&lt;b&gt;$(ACTION_LIST)&lt;/blockquote&gt;&lt;/b&gt;&lt;P&gt;$(EVENT_STATUS)</desc>
    <desc locale="040a">El proceso &lt;b&gt;$(PROCESS)&lt;/b&gt; que se ejecuta con los privilegios del usuario &lt;b&gt;$(USER)&lt;/b&gt; en el sistema que contiene el agente &lt;b&gt;$(AGENT)&lt;/b&gt; intentó efectuar la siguiente operación u operaciones en el directorio &lt;b&gt;$(files)&lt;/b&gt;: &lt;blockquote&gt;&lt;b&gt;$(ACTION_LIST)&lt;/blockquote&gt;&lt;/b&gt;&lt;P&gt;$(EVENT_STATUS)</desc>
  </EventDesc>
  <EventDesc>
    <DescriptorID>13</DescriptorID>
    <sigid />
    <cls>UNIX_file</cls>
    <dir>chown</dir>
    <flag />
    <pri>6</pri>
    <desc locale="0409">&lt;b&gt;$(PROCESS)&lt;/b&gt; running with the privileges of user &lt;b&gt;$(USER)&lt;/b&gt; on the system with Agent &lt;b&gt;$(AGENT)&lt;/b&gt; attempted to perform the following mode operation(s) on file/directory &lt;b&gt;$(files)&lt;/b&gt;:&lt;blockquote&gt;&lt;b&gt;$(ACTION_LIST)&lt;/blockquote&gt;&lt;/b&gt;&lt;P&gt;$(EVENT_STATUS)</desc>
    <desc locale="0411">エージェント &lt;b&gt;$(AGENT)&lt;/b&gt; を持つシステムでユーザ &lt;b&gt;$(USER)&lt;/b&gt; の権限を使用して実行中の &lt;b&gt;$(PROCESS)&lt;/b&gt; は、ファイルまたはディレクトリ &lt;b&gt;$(files)&lt;/b&gt; に対して次のモードの操作 &lt;blockquote&gt;&lt;b&gt;$(ACTION_LIST)&lt;/blockquote&gt;&lt;/b&gt; を実行しようとしました。&lt;P&gt;$(EVENT_STATUS)</desc>
    <desc locale="040c">Le processus &lt;b&gt;$(PROCESS)&lt;/b&gt; exécuté avec les privilèges de l&apos;utilisateur &lt;b&gt;$(USER)&lt;/b&gt; sur le système avec l&apos;Agent &lt;b&gt;$(AGENT)&lt;/b&gt; a essayé d&apos;effectuer les opérations de mode suivantes sur le fichier/répertoire &lt;b&gt;$(files)&lt;/b&gt;:&lt;blockquote&gt;&lt;b&gt;$(ACTION_LIST)&lt;/blockquote&gt;&lt;/b&gt;&lt;P&gt;$(EVENT_STATUS)</desc>
    <desc locale="0407">Der Prozess &lt;b&gt;$(PROCESS)&lt;/b&gt;, der mit den Berechtigungen des Benutzers &lt;b&gt;$(USER)&lt;/b&gt; auf dem System mit dem Agenten &lt;b&gt;$(AGENT)&lt;/b&gt; ausgeführt wird, hat versucht, folgende Vorgänge in Datei/Verzeichnis &lt;b&gt;$(files)&lt;/b&gt; auszuführen:&lt;blockquote&gt;&lt;b&gt;$(ACTION_LIST)&lt;/blockquote&gt;&lt;/b&gt;&lt;P&gt;$(EVENT_STATUS)</desc>
    <desc locale="040a">El proceso &lt;b&gt;$(PROCESS)&lt;/b&gt; que se ejecuta con los privilegios del usuario &lt;b&gt;$(USER)&lt;/b&gt; en el sistema que contiene el agente &lt;b&gt;$(AGENT)&lt;/b&gt; intentó efectuar la siguiente operación u operaciones en el archivo/directorio &lt;b&gt;$(files)&lt;/b&gt;: &lt;blockquote&gt;&lt;b&gt;$(ACTION_LIST)&lt;/blockquote&gt;&lt;/b&gt;&lt;P&gt;$(EVENT_STATUS)</desc>
  </EventDesc>
  <EventDesc>
    <DescriptorID>14</DescriptorID>
    <sigid />
    <cls>UNIX_file</cls>
    <dir>chmod</dir>
    <flag />
    <pri>7</pri>
    <desc locale="0409">&lt;b&gt;$(PROCESS)&lt;/b&gt; running with the privileges of user &lt;b&gt;$(USER)&lt;/b&gt; on the system with Agent &lt;b&gt;$(AGENT)&lt;/b&gt; attempted to perform the following mode operation(s) on file/directory &lt;b&gt;$(files)&lt;/b&gt;:&lt;blockquote&gt;&lt;b&gt;$(ACTION_LIST)&lt;/blockquote&gt;&lt;/b&gt;&lt;P&gt;$(EVENT_STATUS)</desc>
    <desc locale="0411">エージェント &lt;b&gt;$(AGENT)&lt;/b&gt; を持つシステムでユーザ &lt;b&gt;$(USER)&lt;/b&gt; の権限を使用して実行中の &lt;b&gt;$(PROCESS)&lt;/b&gt; は、ファイルまたはディレクトリ &lt;b&gt;$(files)&lt;/b&gt; に対して次のモードの操作 &lt;blockquote&gt;&lt;b&gt;$(ACTION_LIST)&lt;/blockquote&gt;&lt;/b&gt; を実行しようとしました。&lt;P&gt;$(EVENT_STATUS)</desc>
    <desc locale="040c">Le processus &lt;b&gt;$(PROCESS)&lt;/b&gt; exécuté avec les privilèges de l&apos;utilisateur &lt;b&gt;$(USER)&lt;/b&gt; sur le système avec l&apos;Agent &lt;b&gt;$(AGENT)&lt;/b&gt; a essayé d&apos;effectuer les opérations de mode suivantes sur le fichier/répertoire &lt;b&gt;$(files)&lt;/b&gt;:&lt;blockquote&gt;&lt;b&gt;$(ACTION_LIST)&lt;/blockquote&gt;&lt;/b&gt;&lt;P&gt;$(EVENT_STATUS)</desc>
    <desc locale="0407">Der Prozess &lt;b&gt;$(PROCESS)&lt;/b&gt;, der mit den Berechtigungen des Benutzers &lt;b&gt;$(USER)&lt;/b&gt; auf dem System mit dem Agenten &lt;b&gt;$(AGENT)&lt;/b&gt; ausgeführt wird, hat versucht, folgende Vorgänge in Datei/Verzeichnis &lt;b&gt;$(files)&lt;/b&gt; auszuführen:&lt;blockquote&gt;&lt;b&gt;$(ACTION_LIST)&lt;/blockquote&gt;&lt;/b&gt;&lt;P&gt;$(EVENT_STATUS)</desc>
    <desc locale="040a">El proceso &lt;b&gt;$(PROCESS)&lt;/b&gt; que se ejecuta con los privilegios del usuario &lt;b&gt;$(USER)&lt;/b&gt; en el sistema que contiene el agente &lt;b&gt;$(AGENT)&lt;/b&gt; intentó efectuar la siguiente operación u operaciones en el archivo/directorio &lt;b&gt;$(files)&lt;/b&gt;: &lt;blockquote&gt;&lt;b&gt;$(ACTION_LIST)&lt;/blockquote&gt;&lt;/b&gt;&lt;P&gt;$(EVENT_STATUS)</desc>
  </EventDesc>
  <EventDesc>
    <DescriptorID>15</DescriptorID>
    <sigid />
    <cls>UNIX_file</cls>
    <dir />
    <flag />
    <pri>8</pri>
    <desc locale="0409">&lt;b&gt;$(PROCESS)&lt;/b&gt; running with the privileges of user &lt;b&gt;$(USER)&lt;/b&gt; on the system with Agent &lt;b&gt;$(AGENT)&lt;/b&gt; attempted to perform the following operation(s) on file &lt;b&gt;$(files)&lt;/b&gt;:&lt;blockquote&gt;&lt;b&gt;$(ACTION_LIST)&lt;/blockquote&gt;&lt;/b&gt;&lt;P&gt;$(EVENT_STATUS)</desc>
    <desc locale="0411">エージェント &lt;b&gt;$(AGENT)&lt;/b&gt; を持つシステムでユーザ &lt;b&gt;$(USER)&lt;/b&gt; の権限を使用して実行中の &lt;b&gt;$(PROCESS)&lt;/b&gt; は、ファイル &lt;b&gt;$(files)&lt;/b&gt; に対して次の操作 &lt;blockquote&gt;&lt;b&gt;$(ACTION_LIST)&lt;/blockquote&gt;&lt;/b&gt; を実行しようとしました。&lt;P&gt;$(EVENT_STATUS)</desc>
    <desc locale="040c">Le processus &lt;b&gt;$(PROCESS)&lt;/b&gt; exécuté avec les privilèges de l&apos;utilisateur &lt;b&gt;$(USER)&lt;/b&gt; sur le système avec l&apos;Agent &lt;b&gt;$(AGENT)&lt;/b&gt; a essayé d&apos;effectuer les opérations suivantes sur le fichier &lt;b&gt;$(files)&lt;/b&gt;:&lt;blockquote&gt;&lt;b&gt;$(ACTION_LIST)&lt;/blockquote&gt;&lt;/b&gt;&lt;P&gt;$(EVENT_STATUS)</desc>
    <desc locale="0407">Der Prozess &lt;b&gt;$(PROCESS)&lt;/b&gt;, der mit den Berechtigungen des Benutzers &lt;b&gt;$(USER)&lt;/b&gt; auf dem System mit dem Agenten &lt;b&gt;$(AGENT)&lt;/b&gt; ausgeführt wird, hat versucht, folgende Vorgänge in Datei &lt;b&gt;$(files)&lt;/b&gt; auszuführen:&lt;blockquote&gt;&lt;b&gt;$(ACTION_LIST)&lt;/blockquote&gt;&lt;/b&gt;&lt;P&gt;$(EVENT_STATUS)</desc>
    <desc locale="040a">El proceso &lt;b&gt;$(PROCESS)&lt;/b&gt; que se ejecuta con los privilegios del usuario &lt;b&gt;$(USER)&lt;/b&gt; en el sistema que contiene el agente &lt;b&gt;$(AGENT)&lt;/b&gt; intentó efectuar la siguiente operación u operaciones en el archivo &lt;b&gt;$(files)&lt;/b&gt;: &lt;blockquote&gt;&lt;b&gt;$(ACTION_LIST)&lt;/blockquote&gt;&lt;/b&gt;&lt;P&gt;$(EVENT_STATUS)</desc>
  </EventDesc>
  <EventDesc>
    <DescriptorID>16</DescriptorID>
    <sigid />
    <cls>UNIX_logon</cls>
    <dir>logon</dir>
    <flag />
    <pri>1</pri>
    <desc locale="0409">An authentication &lt;b&gt;$(log success)&lt;/b&gt; was detected for user &lt;b&gt;$(ls user)&lt;/b&gt; on the system with Agent &lt;b&gt;$(AGENT). The authenticating process was &lt;b&gt;$(PROCESS)&lt;/b&gt; running with the privileges of user &lt;b&gt;$(USER)&lt;/b&gt;.&lt;P&gt;$(EVENT_STATUS)</desc>
    <desc locale="0411">エージェント &lt;b&gt;$(AGENT) を持つシステムで、ユーザ &lt;b&gt;$(ls user)&lt;/b&gt; に対する認証 &lt;b&gt;$(log success)&lt;/b&gt; が検出されました。認証プロセスは、ユーザ &lt;b&gt;$(USER)&lt;/b&gt; の権限で実行中の &lt;b&gt;$(PROCESS)&lt;/b&gt; でした。&lt;P&gt;$(EVENT_STATUS)</desc>
    <desc locale="040c">Une authentification &lt;b&gt;$(log success)&lt;/b&gt; a été détectée pour l&apos;utilisateur &lt;b&gt;$(ls user)&lt;/b&gt; sur le système avec l&apos;Agent &lt;b&gt;$(AGENT). Cette authentification utilisait le processus &lt;b&gt;$(PROCESS)&lt;/b&gt;, exécuté avec les privilèges de l&apos;utilisateur &lt;b&gt;$(USER)&lt;/b&gt;.&lt;P&gt;$(EVENT_STATUS)</desc>
    <desc locale="0407">Eine Authentifizierung &lt;b&gt;$(log success)&lt;/b&gt; wurde für den Benutzer &lt;b&gt;$(ls user)&lt;/b&gt; auf dem System mit dem Agenten &lt;b&gt;$(AGENT) erkannt. Bei dem Authentifizierungsprozess handelte es sich um &lt;b&gt;$(PROCESS)&lt;/b&gt;, der mit den Berechtigungen des Benutzers &lt;b&gt;$(USER)&lt;/b&gt; ausgeführt wurde.&lt;P&gt;$(EVENT_STATUS)</desc>
    <desc locale="040a">Se ha detectado una autenticación &lt;b&gt;$(log success)&lt;/b&gt; para el usuario &lt;b&gt;$(ls user)&lt;/b&gt; en el sistema que contiene el agente &lt;b&gt;$(AGENT). El proceso de autenticación era &lt;b&gt;$(PROCESS)&lt;/b&gt; que se ejecuta con los privilegios del usuario &lt;b&gt;$(USER)&lt;/b&gt;.&lt;P&gt;$(EVENT_STATUS)</desc>
  </EventDesc>
  <EventDesc>
    <DescriptorID>17</DescriptorID>
    <sigid />
    <cls>UNIX_misc</cls>
    <dir>killagent</dir>
    <flag />
    <pri>1</pri>
    <desc locale="0409">&lt;b&gt;$(PROCESS)&lt;/b&gt; running with the privileges of user &lt;b&gt;$(USER)&lt;/b&gt; on the system with Agent &lt;b&gt;$(AGENT)&lt;/b&gt; attempted to kill the Agent process.&lt;P&gt;$(EVENT_STATUS)</desc>
    <desc locale="0411">エージェント &lt;b&gt;$(AGENT)&lt;/b&gt; を持つシステムでユーザ &lt;b&gt;$(USER)&lt;/b&gt; の権限を使用して実行中の &lt;b&gt;$(PROCESS)&lt;/b&gt; は、エージェント プロセスを終了させようとしました。&lt;P&gt;$(EVENT_STATUS)</desc>
    <desc locale="040c">Le processus &lt;b&gt;$(PROCESS)&lt;/b&gt; exécuté avec les privilèges de l&apos;utilisateur &lt;b&gt;$(USER)&lt;/b&gt; sur le système avec l&apos;Agent &lt;b&gt;$(AGENT)&lt;/b&gt; a essayé de tuer le processus Agent.&lt;P&gt;$(EVENT_STATUS)</desc>
    <desc locale="0407">Der Prozess &lt;b&gt;$(PROCESS)&lt;/b&gt;, der mit den Berechtigungen des Benutzers &lt;b&gt;$(USER)&lt;/b&gt; auf dem System mit dem Agenten &lt;b&gt;$(AGENT)&lt;/b&gt; ausgeführt wird, hat versucht, den Agentenprozess abzubrechen.&lt;P&gt;$(EVENT_STATUS)</desc>
    <desc locale="040a">El proceso &lt;b&gt;$(PROCESS)&lt;/b&gt; que se ejecuta con los privilegios del usuario &lt;b&gt;$(USER)&lt;/b&gt; en el sistema que contiene el agente &lt;b&gt;$(AGENT)&lt;/b&gt; intentó detener el proceso del agente.&lt;P&gt;$(EVENT_STATUS)</desc>
  </EventDesc>
  <EventDesc>
    <DescriptorID>18</DescriptorID>
    <sigid />
    <cls>Buffer_Overflow</cls>
    <dir>writeable_memory</dir>
    <flag />
    <pri>1</pri>
    <desc locale="0409">An attempt to execute code on writable memory was detected in process &lt;b&gt;$(PROCESS)&lt;/b&gt; running with the privileges of user &lt;b&gt;$(USER)&lt;/b&gt; on the system with Agent &lt;b&gt;$(AGENT)&lt;/b&gt;.&lt;P&gt;$(EVENT_STATUS)</desc>
    <desc locale="0411">エージェント &lt;b&gt;$(AGENT)&lt;/b&gt; を持つシステムでユーザ &lt;b&gt;$(USER)&lt;/b&gt; の権限を使用して実行中のプロセス &lt;b&gt;$(PROCESS)&lt;/b&gt; で、書き込み可能メモリ上でコードを実行しようとしているのが検出されました。&lt;P&gt;$(EVENT_STATUS)                                                                                                                                                                                                                                                                                                                                                                                                                                                                                                                                                                                                                                                                                                                                                                                                                                                                                                                                                                                                                                                                                                                                                                                                                                                                                                                                                                                                                                                                                                                                                                                                                                                                                                                                                                                                                                                                                                                                                                                                                                                                                                                                                                                                                                                                                                                                                                                                                                                                                                                                                                                                                                                                                                                                                                                                                                                                                                                  &gt;$(USER)&lt;    t</desc>
    <desc locale="040c">Une tentative d&apos;exécution de code sur de la mémoire accessible en écriture a été détectée dans le processus &lt;b&gt;$(PROCESS)&lt;/b&gt; exécuté avec les privilèges de l&apos;utilisateur &lt;b&gt;$(USER)&lt;/b&gt; sur le système avec l&apos;Agent &lt;b&gt;$(AGENT)&lt;/b&gt;.&lt;P&gt;$(EVENT_STATUS)</desc>
    <desc locale="0407">Ein Versuch, Code im beschreibbaren Speicher auszuführen, wurde in Prozess &lt;b&gt;$(PROCESS)&lt;/b&gt; erkannt, der mit den Berechtigungen des Benutzers &lt;b&gt;$(USER)&lt;/b&gt; auf dem System mit dem Agenten &lt;b&gt;$(AGENT)&lt;/b&gt; ausgeführt wird.&lt;P&gt;$(EVENT_STATUS)</desc>
    <desc locale="040a">Se ha detectado un intento de ejecutar código en la memoria de escritura en el proceso &lt;b&gt;$(PROCESS)&lt;/b&gt; que se ejecuta con los privilegios del usuario &lt;b&gt;$(USER)&lt;/b&gt; en el sistema que contiene el agente &lt;b&gt;$(AGENT)&lt;/b&gt;.&lt;P&gt;$(EVENT_STATUS)</desc>
  </EventDesc>
  <EventDesc>
    <DescriptorID>19</DescriptorID>
    <sigid />
    <cls>Buffer_Overflow</cls>
    <dir />
    <flag />
    <pri>2</pri>
    <desc locale="0409">An attempt to execute code resulting from a buffer overflow was detected. The buffer overflow occurred in process &lt;b&gt;$(PROCESS)&lt;/b&gt; running with the privileges of user &lt;b&gt;$(USER)&lt;/b&gt; on the system with Agent &lt;b&gt;$(AGENT)&lt;/b&gt;. &lt;P&gt;$(EVENT_STATUS)</desc>
    <desc locale="0411">バッファ オーバーフローによってコードを実行しようとしているのが検出されました。エージェント &lt;b&gt;$(AGENT)&lt;/b&gt; を持つシステムでユーザ &lt;b&gt;$(USER)&lt;/b&gt; の権限を使用して実行中のプロセス &lt;b&gt;$(PROCESS)&lt;/b&gt; で、バッファ オーバーフローが発生しました。&lt;P&gt;$(EVENT_STATUS)</desc>
    <desc locale="040c">Une tentative d&apos;exécution de code résultant d&apos;un débordement de mémoire tampon a été détectée. Le débordement de mémoire tampon est survenu dans le processus &lt;b&gt;$(PROCESS)&lt;/b&gt; exécuté avec les privilèges de l&apos;utilisateur &lt;b&gt;$(USER)&lt;/b&gt; sur le système avec l&apos;Agent &lt;b&gt;$(AGENT)&lt;/b&gt;. &lt;P&gt;$(EVENT_STATUS)</desc>
    <desc locale="0407">Ein Versuch, den aus einem Pufferüberlauf resultierenden Code auszuführen, wurde erkannt. Der Pufferüberlauf trat in Prozess &lt;b&gt;$(PROCESS)&lt;/b&gt; auf, der mit den Berechtigungen des Benutzers &lt;b&gt;$(USER)&lt;/b&gt; auf dem System mit dem Agenten &lt;b&gt;$(AGENT)&lt;/b&gt; ausgeführt wird. &lt;P&gt;$(EVENT_STATUS)</desc>
    <desc locale="040a">Se ha detectado un intento de ejecutar código resultando de un desbordamiento de búfer. El desbordamiento de búfer se produjo en el proceso &lt;b&gt;$(PROCESS)&lt;/b&gt; que se ejecuta con los privilegios del usuario &lt;b&gt;$(USER)&lt;/b&gt; en el sistema que contiene el agente &lt;b&gt;$(AGENT)&lt;/b&gt;. &lt;P&gt;$(EVENT_STATUS)</desc>
  </EventDesc>
  <EventDesc>
    <DescriptorID>20</DescriptorID>
    <sigid />
    <cls>Dos</cls>
    <dir>crash</dir>
    <flag />
    <pri>2</pri>
    <desc locale="0409">A Denial of Service attack was attempted by &lt;b&gt;$(PROCESS)&lt;/b&gt; running with the privileges of user &lt;b&gt;$(USER)&lt;/b&gt; on the system with Agent &lt;b&gt;$(AGENT)&lt;/b&gt;. &lt;P&gt;$(EVENT_STATUS)</desc>
    <desc locale="0411">エージェント &lt;b&gt;$(AGENT)&lt;/b&gt; を持つシステムでユーザ &lt;b&gt;$(USER)&lt;/b&gt; の権限を使用して実行中の &lt;b&gt;$(PROCESS)&lt;/b&gt; によって、サービス拒否攻撃が試みられました。&lt;P&gt;$(EVENT_STATUS)</desc>
    <desc locale="040c">Le processus &lt;b&gt;$(PROCESS)&lt;/b&gt; exécuté avec les privilèges de l&apos;utilisateur &lt;b&gt;$(USER)&lt;/b&gt; sur le système avec l&apos;Agent &lt;b&gt;$(AGENT)&lt;/b&gt; a essayé de lancer une attaque de déni de service. &lt;P&gt;$(EVENT_STATUS)</desc>
    <desc locale="0407">Ein Dienstverweigerungsangriff wurde von Prozess &lt;b&gt;$(PROCESS)&lt;/b&gt; versucht, der mit den Berechtigungen des Benutzers &lt;b&gt;$(USER)&lt;/b&gt; auf dem System mit dem Agenten &lt;b&gt;$(AGENT)&lt;/b&gt; ausgeführt wird. &lt;P&gt;$(EVENT_STATUS)</desc>
    <desc locale="040a">Se ha intentado realizar un ataque de rechazo de servicio por parte del proceso &lt;b&gt;$(PROCESS)&lt;/b&gt; que se ejecuta con los privilegios del usuario &lt;b&gt;$(USER)&lt;/b&gt; en el sistema que contiene el agente &lt;b&gt;$(AGENT)&lt;/b&gt;. &lt;P&gt;$(EVENT_STATUS)</desc>
  </EventDesc>
  <EventDesc>
    <DescriptorID>21</DescriptorID>
    <sigid />
    <cls>Files</cls>
    <dir>rename</dir>
    <flag />
    <pri>1</pri>
    <desc locale="0409">&lt;b&gt;$(PROCESS)&lt;/b&gt; running with the privileges of user &lt;b&gt;$(USER)&lt;/b&gt; on the system with Agent &lt;b&gt;$(AGENT)&lt;/b&gt; attempted to rename file/directory &lt;b&gt;$(files)&lt;/b&gt; to &lt;b&gt;$(dest file)&lt;/b&gt;.&lt;P&gt;$(EVENT_STATUS)</desc>
    <desc locale="0411">エージェント &lt;b&gt;$(AGENT)&lt;/b&gt; を持つシステムでユーザ &lt;b&gt;$(USER)&lt;/b&gt; の権限を使用して実行中の &lt;b&gt;$(PROCESS)&lt;/b&gt; は、ファイルまたはディレクトリ &lt;b&gt;$(files)&lt;/b&gt; の名前を &lt;b&gt;$(dest file)&lt;/b&gt; に変更しようとしました。&lt;P&gt;$(EVENT_STATUS)</desc>
    <desc locale="040c">Le processus &lt;b&gt;$(PROCESS)&lt;/b&gt; exécuté avec les privilèges de l&apos;utilisateur &lt;b&gt;$(USER)&lt;/b&gt; sur le système avec l&apos;Agent &lt;b&gt;$(AGENT)&lt;/b&gt; a essayé de renommer le fichier/répertoire &lt;b&gt;$(files)&lt;/b&gt; en &lt;b&gt;$(dest file)&lt;/b&gt;.&lt;P&gt;$(EVENT_STATUS)</desc>
    <desc locale="0407">Der Prozess &lt;b&gt;$(PROCESS)&lt;/b&gt;, der mit den Berechtigungen des Benutzers &lt;b&gt;$(USER)&lt;/b&gt; auf dem System mit dem Agenten &lt;b&gt;$(AGENT)&lt;/b&gt; ausgeführt wird, hat versucht, die Datei/das Verzeichnis &lt;b&gt;$(files)&lt;/b&gt; in &lt;b&gt;$(dest file)&lt;/b&gt; umzubenennen.&lt;P&gt;$(EVENT_STATUS)</desc>
    <desc locale="040a">El proceso &lt;b&gt;$(PROCESS)&lt;/b&gt; que se ejecuta con los privilegios del usuario &lt;b&gt;$(USER)&lt;/b&gt; en el sistema que contiene el agente &lt;b&gt;$(AGENT)&lt;/b&gt; intentó cambiar el nombre del archivo/directorio &lt;b&gt;$(files)&lt;/b&gt; a &lt;b&gt;$(dest file)&lt;/b&gt;.&lt;P&gt;$(EVENT_STATUS)</desc>
  </EventDesc>
  <EventDesc>
    <DescriptorID>22</DescriptorID>
    <sigid />
    <cls>Files</cls>
    <dir>writeop</dir>
    <flag />
    <pri>2</pri>
    <desc locale="0409">&lt;b&gt;$(PROCESS)&lt;/b&gt; running with the privileges of user &lt;b&gt;$(USER)&lt;/b&gt; on the system with Agent &lt;b&gt;$(AGENT)&lt;/b&gt; attempted to write to file/directory &lt;b&gt;$(files)&lt;/b&gt;.&lt;P&gt;$(EVENT_STATUS)</desc>
    <desc locale="0411">エージェント &lt;b&gt;$(AGENT)&lt;/b&gt; を持つシステムでユーザ &lt;b&gt;$(USER)&lt;/b&gt; の権限を使用して実行中の &lt;b&gt;$(PROCESS)&lt;/b&gt; は、ファイルまたはディレクトリ &lt;b&gt;$(files)&lt;/b&gt; に書き込みをしようとしました。&lt;P&gt;$(EVENT_STATUS)</desc>
    <desc locale="040c">Le processus &lt;b&gt;$(PROCESS)&lt;/b&gt; exécuté avec les privilèges de l&apos;utilisateur &lt;b&gt;$(USER)&lt;/b&gt; sur le système avec l&apos;Agent &lt;b&gt;$(AGENT)&lt;/b&gt; a essayé d&apos;écrire dans le fichier/répertoire &lt;b&gt;$(files)&lt;/b&gt;.&lt;P&gt;$(EVENT_STATUS)</desc>
    <desc locale="0407">Der Prozess &lt;b&gt;$(PROCESS)&lt;/b&gt;, der mit den Berechtigungen des Benutzers &lt;b&gt;$(USER)&lt;/b&gt; auf dem System mit dem Agenten &lt;b&gt;$(AGENT)&lt;/b&gt; ausgeführt wird, hat versucht, in Datei/Verzeichnis &lt;b&gt;$(files)&lt;/b&gt; zu schreiben.&lt;P&gt;$(EVENT_STATUS)</desc>
    <desc locale="040a">El proceso &lt;b&gt;$(PROCESS)&lt;/b&gt; que se ejecuta con los privilegios del usuario &lt;b&gt;$(USER)&lt;/b&gt; en el sistema que contiene el agente &lt;b&gt;$(AGENT)&lt;/b&gt; intentó escribir en el archivo/directorio &lt;b&gt;$(files)&lt;/b&gt;.&lt;P&gt;$(EVENT_STATUS)</desc>
  </EventDesc>
  <EventDesc>
    <DescriptorID>23</DescriptorID>
    <sigid />
    <cls>Files</cls>
    <dir />
    <flag />
    <pri>3</pri>
    <desc locale="0409">&lt;b&gt;$(PROCESS)&lt;/b&gt; running with the privileges of user &lt;b&gt;$(USER)&lt;/b&gt; on the system with Agent &lt;b&gt;$(AGENT)&lt;/b&gt; attempted to open file/directory &lt;b&gt;$(files)&lt;/b&gt; in order to:&lt;blockquote&gt;&lt;b&gt;$(ACTION_LIST)&lt;/blockquote&gt;&lt;/b&gt;&lt;P&gt;$(EVENT_STATUS)</desc>
    <desc locale="0411">エージェント &lt;b&gt;$(AGENT)&lt;/b&gt; を持つシステムでユーザ &lt;b&gt;$(USER)&lt;/b&gt; の権限を使用して実行中の &lt;b&gt;$(PROCESS)&lt;/b&gt; は、次の目的 &lt;blockquote&gt;&lt;b&gt;$(ACTION_LIST)&lt;/blockquote&gt;&lt;/b&gt; のためにファイルまたはディレクトリ &lt;b&gt;$(files)&lt;/b&gt; を開こうとしました。&lt;P&gt;$(EVENT_STATUS)</desc>
    <desc locale="040c">Le processus &lt;b&gt;$(PROCESS)&lt;/b&gt; exécuté avec les privilèges de l&apos;utilisateur &lt;b&gt;$(USER)&lt;/b&gt; sur le système avec l&apos;Agent &lt;b&gt;$(AGENT)&lt;/b&gt; a essayé d&apos;ouvrir le fichier/répertoire &lt;b&gt;$(files)&lt;/b&gt; pour effectuer les actions suivantes :&lt;blockquote&gt;&lt;b&gt;$(ACTION_LIST)&lt;/blockquote&gt;&lt;/b&gt;&lt;P&gt;$(EVENT_STATUS)</desc>
    <desc locale="0407">Der Prozess&lt;b&gt;$(PROCESS)&lt;/b&gt;, der mit den Berechtigungen des Benutzers &lt;b&gt;$(USER)&lt;/b&gt; auf dem System mit dem Agenten &lt;b&gt;$(AGENT)&lt;/b&gt; ausgeführt wird, hat versucht, die Datei/das Verzeichnis &lt;b&gt;$(files)&lt;/b&gt; zu öffnen, um folgende Vorgänge auszuführen:&lt;blockquote&gt;&lt;b&gt;$(ACTION_LIST)&lt;/blockquote&gt;&lt;/b&gt;&lt;P&gt;$(EVENT_STATUS)</desc>
    <desc locale="040a">El proceso &lt;b&gt;$(PROCESS)&lt;/b&gt; que se ejecuta con los privilegios del usuario &lt;b&gt;$(USER)&lt;/b&gt; en el sistema que contiene el agente &lt;b&gt;$(AGENT)&lt;/b&gt; intentó abrir el archivo/directorio &lt;b&gt;$(files)&lt;/b&gt; para: &lt;blockquote&gt;&lt;b&gt;$(ACTION_LIST)&lt;/blockquote&gt;&lt;/b&gt;&lt;P&gt;$(EVENT_STATUS)</desc>
  </EventDesc>
  <EventDesc>
    <DescriptorID>24</DescriptorID>
    <sigid />
    <cls>Illegal Use</cls>
    <dir>api</dir>
    <flag />
    <pri>1</pri>
    <desc locale="0409">Malicious use of the API &lt;b&gt;$(name)&lt;/b&gt; by &lt;b&gt;$(PROCESS)&lt;/b&gt; was detected on the system with Agent &lt;b&gt;$(AGENT)&lt;/b&gt;. &lt;P&gt;$(EVENT_STATUS)</desc>
    <desc locale="0411">エージェント &lt;b&gt;$(AGENT)&lt;/b&gt; を持つシステムで、&lt;b&gt;$(PROCESS)&lt;/b&gt; による API &lt;b&gt;$(name)&lt;/b&gt; の不正使用が検出されました。&lt;P&gt;$(EVENT_STATUS)</desc>
    <desc locale="040c">Une utilisation malveillante de l&apos;API &lt;b&gt;$(name)&lt;/b&gt; par le processus &lt;b&gt;$(PROCESS)&lt;/b&gt; a été détectée sur le système avec l&apos;Agent &lt;b&gt;$(AGENT)&lt;/b&gt;. &lt;P&gt;$(EVENT_STATUS)</desc>
    <desc locale="0407">Es wurde eine böswillige Verwendung der API &lt;b&gt;$(name)&lt;/b&gt; durch den &lt;b&gt;$(PROCESS)&lt;/b&gt; im System mit dem Agenten &lt;b&gt;$(AGENT)&lt;/b&gt; erkannt. &lt;P&gt;$(EVENT_STATUS)</desc>
    <desc locale="040a">Se ha detectado un uso malintencionado de la API &lt;b&gt;$(name)&lt;/b&gt; por parte del proceso &lt;b&gt;$(PROCESS)&lt;/b&gt; en el sistema que contiene el agente &lt;b&gt;$(AGENT)&lt;/b&gt;. &lt;P&gt;$(EVENT_STATUS)</desc>
  </EventDesc>
  <EventDesc>
    <DescriptorID>25</DescriptorID>
    <sigid />
    <cls>Illegal Use</cls>
    <dir>syscall</dir>
    <flag />
    <pri>2</pri>
    <desc locale="0409">Malicious use of the system call &lt;b&gt;$(name)&lt;/b&gt; by &lt;b&gt;$(PROCESS)&lt;/b&gt; was detected on the system with Agent &lt;b&gt;$(AGENT)&lt;/b&gt;.&lt;P&gt;$(EVENT_STATUS)</desc>
    <desc locale="0411">エージェント &lt;b&gt;$(AGENT)&lt;/b&gt; を持つシステムで、&lt;b&gt;$(PROCESS)&lt;/b&gt; によるシステム コール &lt;b&gt;$(name)&lt;/b&gt; の不正使用が検出されました。&lt;P&gt;$(EVENT_STATUS)</desc>
    <desc locale="040c">Une utilisation malveillante de l&apos;appel système &lt;b&gt;$(name)&lt;/b&gt; par le processus &lt;b&gt;$(PROCESS)&lt;/b&gt; a été détectée sur le système avec l&apos;Agent &lt;b&gt;$(AGENT)&lt;/b&gt;.&lt;P&gt;$(EVENT_STATUS)</desc>
    <desc locale="0407">Es wurde eine böswillige Verwendung des Systemaufrufs &lt;b&gt;$(name)&lt;/b&gt; durch den &lt;b&gt;$(PROCESS)&lt;/b&gt; im System mit dem Agenten &lt;b&gt;$(AGENT)&lt;/b&gt; erkannt.&lt;P&gt;$(EVENT_STATUS)</desc>
    <desc locale="040a">Se ha detectado un uso malintencionado de la llamada de sistema &lt;b&gt;$(name)&lt;/b&gt; por parte del proceso &lt;b&gt;$(PROCESS)&lt;/b&gt; en el sistema que contiene el agente &lt;b&gt;$(AGENT)&lt;/b&gt;.&lt;P&gt;$(EVENT_STATUS)</desc>
  </EventDesc>
  <EventDesc>
    <DescriptorID>26</DescriptorID>
    <sigid />
    <cls>Isapi</cls>
    <dir />
    <flag />
    <pri>1</pri>
    <desc locale="0409">Client &lt;b&gt;$(source)&lt;/b&gt; attempted to send an HTTP request to server  &lt;b&gt;$(server)&lt;/b&gt;.&lt;P&gt;$(EVENT_STATUS)&lt;P&gt;The request was:&lt;br&gt;&lt;b&gt;$(raw url)&lt;/b&gt;</desc>
    <desc locale="0411">クライアント &lt;b&gt;$(source)&lt;/b&gt; は、HTTP リクエストをサーバ &lt;b&gt;$(server)&lt;/b&gt; に送信しようとしました。&lt;P&gt;$(EVENT_STATUS)&lt;P&gt; リクエストは、&lt;br&gt;&lt;b&gt;$(raw url)&lt;/b&gt; でした。</desc>
    <desc locale="040c">Le client &lt;b&gt;$(source)&lt;/b&gt; a essayé d&apos;envoyer une requête HTTP au serveur &lt;b&gt;$(server)&lt;/b&gt;.&lt;P&gt;$(EVENT_STATUS)&lt;P&gt;Cette requête était la suivante :&lt;br&gt;&lt;b&gt;$(raw url)&lt;/b&gt;</desc>
    <desc locale="0407">Der Client &lt;b&gt;$(source)&lt;/b&gt; hat versucht, eine HTTP-Anforderung an den Server &lt;b&gt;$(server)&lt;/b&gt; zu senden.&lt;P&gt;$(EVENT_STATUS)&lt;P&gt;Die Anforderung lautete:&lt;br&gt;&lt;b&gt;$(raw url)&lt;/b&gt;</desc>
    <desc locale="040a">El cliente &lt;b&gt;$(source)&lt;/b&gt; intentó enviar una solicitud HTTP al servidor &lt;b&gt;$(server)&lt;/b&gt;.&lt;P&gt;$(EVENT_STATUS)&lt;P&gt;La solicitud era:&lt;br&gt;&lt;b&gt;$(raw url)&lt;/b&gt;</desc>
  </EventDesc>
  <EventDesc>
    <DescriptorID>27</DescriptorID>
    <sigid />
    <cls>Logon_Shutdown</cls>
    <dir>logon</dir>
    <flag />
    <pri>1</pri>
    <desc locale="0409">An authentication &lt;b&gt;$(log success)&lt;/b&gt; to logon to the system with Agent &lt;b&gt;$(AGENT)&lt;/b&gt; was detected for user &lt;b&gt;$(ls user)&lt;/b&gt;. Logon type was &lt;b&gt;$(log type)&lt;/b&gt;.&lt;P&gt;$(EVENT_STATUS)</desc>
    <desc locale="0411">ユーザ &lt;b&gt;$(ls user)&lt;/b&gt; に対して、エージェント &lt;b&gt;$(AGENT)&lt;/b&gt; を持つシステムへのログオン認証 &lt;b&gt;$(log success)&lt;/b&gt; が検出されました。ログオン タイプは &lt;b&gt;$(log type)&lt;/b&gt; でした。&lt;P&gt;$(EVENT_STATUS)</desc>
    <desc locale="040c">Une authentification &lt;b&gt;$(log success)&lt;/b&gt; visant à établir une connexion au système avec l&apos;Agent &lt;b&gt;$(AGENT)&lt;/b&gt; a été détectée pour l&apos;utilisateur &lt;b&gt;$(ls user)&lt;/b&gt;. Le type de connexion était &lt;b&gt;$(log type)&lt;/b&gt;.&lt;P&gt;$(EVENT_STATUS)</desc>
    <desc locale="0407">Eine Authentifizierung &lt;b&gt;$(log success)&lt;/b&gt; für die Anmeldung bei dem System mit dem Agenten &lt;b&gt;$(AGENT)&lt;/b&gt; wurde für den Benutzer &lt;b&gt;$(ls user)&lt;/b&gt; erkannt. Der Anmeldungstyp war &lt;b&gt;$(log type)&lt;/b&gt;.&lt;P&gt;$(EVENT_STATUS)</desc>
    <desc locale="040a">Se ha detectado una autenticación &lt;b&gt;$(log success)&lt;/b&gt; para iniciar una sesión en el sistema que contiene el agente &lt;b&gt;$(AGENT)&lt;/b&gt; para el usuario &lt;b&gt;$(ls user)&lt;/b&gt;. El tipo de inicio de sesión era &lt;b&gt;$(log type)&lt;/b&gt;.&lt;P&gt;$(EVENT_STATUS)</desc>
  </EventDesc>
  <EventDesc>
    <DescriptorID>28</DescriptorID>
    <sigid />
    <cls>Logon_Shutdown</cls>
    <dir>attempt</dir>
    <flag />
    <pri>2</pri>
    <desc locale="0409">A logon attempt to the system with Agent &lt;b&gt;$(AGENT)&lt;/b&gt; was detected for user &lt;b&gt;$(ls user)&lt;/b&gt;. Logon type was &lt;b&gt;$(log type).&lt;P&gt;$(EVENT_STATUS)</desc>
    <desc locale="0411">ユーザ &lt;b&gt;$(ls user)&lt;/b&gt; が、エージェント &lt;b&gt;$(AGENT)&lt;/b&gt; を持つシステムにログオンしようとしているのが検出されました。ログオン タイプは &lt;b&gt;$(log type) でした。&lt;P&gt;$(EVENT_STATUS)</desc>
    <desc locale="040c">Une tentative de connexion au système avec l&apos;Agent &lt;b&gt;$(AGENT)&lt;/b&gt; a été détectée pour l&apos;utilisateur &lt;b&gt;$(ls user)&lt;/b&gt;. Le type de connexion était &lt;b&gt;$(log type).&lt;P&gt;$(EVENT_STATUS)</desc>
    <desc locale="0407">Ein Anmeldeversuch beim System mit dem Agenten &lt;b&gt;$(AGENT)&lt;/b&gt; wurde für den Benutzer &lt;b&gt;$(ls user)&lt;/b&gt; erkannt. Der Anmeldungstyp war &lt;b&gt;$(log type).&lt;P&gt;$(EVENT_STATUS)</desc>
    <desc locale="040a">Se ha detectado un intento de inicio de sesión en el sistema que contiene el agente &lt;b&gt;$(AGENT)&lt;/b&gt; para el usuario &lt;b&gt;$(ls user)&lt;/b&gt;. El tipo de inicio de sesión era &lt;b&gt;$(log type).&lt;P&gt;$(EVENT_STATUS)</desc>
  </EventDesc>
  <EventDesc>
    <DescriptorID>29</DescriptorID>
    <sigid />
    <cls>Logon_Shutdown</cls>
    <dir>logoff</dir>
    <flag />
    <pri>3</pri>
    <desc locale="0409">A logoff attempt was detected from  the system with Agent &lt;b&gt;$(AGENT)&lt;/b&gt; for user &lt;b&gt;$(ls user)&lt;/b&gt;.&lt;P&gt;$(EVENT_STATUS)</desc>
    <desc locale="0411">ユーザ &lt;b&gt;$(ls user)&lt;/b&gt; が、エージェント &lt;b&gt;$(AGENT)&lt;/b&gt; を持つシステムからログオフしようとしているのが検出されました。&lt;P&gt;$(EVENT_STATUS)</desc>
    <desc locale="040c">Une tentative de déconnexion du système avec l&apos;Agent &lt;b&gt;$(AGENT)&lt;/b&gt; a été détectée pour l&apos;utilisateur &lt;b&gt;$(ls user)&lt;/b&gt;.&lt;P&gt;$(EVENT_STATUS)</desc>
    <desc locale="0407">Ein Anmeldeversuch beim System mit dem Agenten &lt;b&gt;$(AGENT)&lt;/b&gt; wurde für den Benutzer &lt;b&gt;$(ls user)&lt;/b&gt; erkannt.&lt;P&gt;$(EVENT_STATUS)</desc>
    <desc locale="040a">Se ha detectado un intento de cierre de sesión desde el sistema que contiene el agente &lt;b&gt;$(AGENT)&lt;/b&gt; para el usuario &lt;b&gt;$(ls user)&lt;/b&gt;.&lt;P&gt;$(EVENT_STATUS)</desc>
  </EventDesc>
  <EventDesc>
    <DescriptorID>30</DescriptorID>
    <sigid />
    <cls>Logon_Shutdown</cls>
    <dir>logon:shutdown</dir>
    <flag />
    <pri>4</pri>
    <desc locale="0409">A shutdown event was detected for the system with Agent &lt;b&gt;$(AGENT)&lt;/b&gt;&lt;P&gt;$(EVENT_STATUS)</desc>
    <desc locale="0411">エージェント &lt;b&gt;$(AGENT)&lt;/b&gt; を持つシステムで、シャットダウン イベントが検出されました。&lt;P&gt;$(EVENT_STATUS)</desc>
    <desc locale="040c">Un événement d&apos;arrêt a été détecté pour le système avec l&apos;Agent &lt;b&gt;$(AGENT)&lt;/b&gt;&lt;P&gt;$(EVENT_STATUS)</desc>
    <desc locale="0407">Ein Ereignis zum Herunterfahren wurde für das System mit dem Agenten &lt;b&gt;$(AGENT)&lt;/b&gt;erkannt&lt;P&gt;$(EVENT_STATUS)</desc>
    <desc locale="040a">Se ha detectado un evento de cierre para el sistema que contiene el agente &lt;b&gt;$(AGENT)&lt;/b&gt;&lt;P&gt;$(EVENT_STATUS)</desc>
  </EventDesc>
  <EventDesc>
    <DescriptorID>31</DescriptorID>
    <sigid />
    <cls>Sql</cls>
    <dir>request</dir>
    <flag />
    <pri>1</pri>
    <desc locale="0409">The SQL client agent &lt;b&gt;$(client_agent)&lt;/b&gt;, authenticated with the privileges of user &lt;b&gt;$(db_user_name)&lt;/b&gt; and using transport type &lt;b&gt;$(transport)&lt;/b&gt;, attempted to execute the following SQL query:&lt;P&gt;&lt;b&gt;$(sql_original_query)&lt;/b&gt;&lt;P&gt;$(EVENT_STATUS)</desc>
    <desc locale="0411">ユーザ &lt;b&gt;$(db_user_name)&lt;/b&gt; の権限およびトランスポート タイプ &lt;b&gt;$(transport)&lt;/b&gt; の使用が認証されている SQL クライアント エージェント &lt;b&gt;$(client_agent)&lt;/b&gt; は、次の SQL クエリ &lt;P&gt;&lt;b&gt;$(sql_original_query)&lt;/b&gt; を実行しようとしました。&lt;P&gt;$(EVENT_STATUS)</desc>
    <desc locale="040c">L&apos;agent client SQL &lt;b&gt;$(client_agent)&lt;/b&gt;, authentifié avec les privilèges de l&apos;utilisateur &lt;b&gt;$(db_user_name)&lt;/b&gt; et utilisant le type de transport &lt;b&gt;$(transport)&lt;/b&gt;, a essayé d&apos;exécuter la requête SQL suivante :&lt;P&gt;&lt;b&gt;$(sql_original_query)&lt;/b&gt;&lt;P&gt;$(EVENT_STATUS)</desc>
    <desc locale="0407">Der SQL-Clientagent &lt;b&gt;$(client_agent)&lt;/b&gt;, der mit den Berechtigungen des Benutzers &lt;b&gt;$(db_user_name)&lt;/b&gt; authentifiziert wurde und den Transporttyp &lt;b&gt;$(transport)&lt;/b&gt; verwendet, hat versucht, folgende SQL-Abfrage auszuführen:&lt;P&gt;&lt;b&gt;$(sql_original_query)&lt;/b&gt;&lt;P&gt;$(EVENT_STATUS)</desc>
    <desc locale="040a">El agente del cliente SQL &lt;b&gt;$(client_agent)&lt;/b&gt;, autenticado con los privilegios del usuario &lt;b&gt;$(db_user_name)&lt;/b&gt; y que utiliza el tipo de transporte &lt;b&gt;$(transport)&lt;/b&gt;, intentó ejecutar la siguiente consulta SQL: &lt;P&gt;&lt;b&gt;$(sql_original_query)&lt;/b&gt;&lt;P&gt;$(EVENT_STATUS)</desc>
  </EventDesc>
  <EventDesc>
    <DescriptorID>32</DescriptorID>
    <sigid />
    <cls>Program</cls>
    <dir>run</dir>
    <flag />
    <pri>1</pri>
    <desc locale="0409">&lt;b&gt;$(PROCESS)&lt;/b&gt; running with the privileges of user &lt;b&gt;$(USER)&lt;/b&gt; on the system with Agent &lt;b&gt;$(AGENT)&lt;/b&gt; attempted to run application &lt;b&gt;$(file)&lt;/b&gt;.&lt;P&gt;$(EVENT_STATUS)</desc>
    <desc locale="0411">エージェント &lt;b&gt;$(AGENT)&lt;/b&gt; を持つシステムでユーザ &lt;b&gt;$(USER)&lt;/b&gt; の権限を使用して実行中の &lt;b&gt;$(PROCESS)&lt;/b&gt; は、アプリケーション &lt;b&gt;$(file)&lt;/b&gt; を実行しようとしました。&lt;P&gt;$(EVENT_STATUS)</desc>
    <desc locale="040c">Le processus &lt;b&gt;$(PROCESS)&lt;/b&gt; exécuté avec les privilèges de l&apos;utilisateur &lt;b&gt;$(USER)&lt;/b&gt; sur le système avec l&apos;Agent &lt;b&gt;$(AGENT)&lt;/b&gt; a essayé d&apos;exécuter l&apos;application &lt;b&gt;$(file)&lt;/b&gt;.&lt;P&gt;$(EVENT_STATUS)</desc>
    <desc locale="0407">Der Prozess &lt;b&gt;$(PROCESS)&lt;/b&gt;, der mit den Berechtigungen des Benutzers &lt;b&gt;$(USER)&lt;/b&gt; auf dem System mit dem Agenten &lt;b&gt;$(AGENT)&lt;/b&gt; ausgeführt wird, hat versucht, die Anwendung &lt;b&gt;$(file)&lt;/b&gt; auszuführen.&lt;P&gt;$(EVENT_STATUS)</desc>
    <desc locale="040a">El proceso &lt;b&gt;$(PROCESS)&lt;/b&gt; que se ejecuta con los privilegios del usuario &lt;b&gt;$(USER)&lt;/b&gt; en el sistema que contiene el agente &lt;b&gt;$(AGENT)&lt;/b&gt; intentó ejecutar la aplicación &lt;b&gt;$(file)&lt;/b&gt;.&lt;P&gt;$(EVENT_STATUS)</desc>
  </EventDesc>
  <EventDesc>
    <DescriptorID>33</DescriptorID>
    <sigid />
    <cls>Registry</cls>
    <dir />
    <flag>regKey</flag>
    <pri>1</pri>
    <desc locale="0409">&lt;b&gt;$(PROCESS)&lt;/b&gt; running with the privileges of user &lt;b&gt;$(USER)&lt;/b&gt; on the system with Agent &lt;b&gt;$(AGENT)&lt;/b&gt; attempted to perform the following operation(s) on the registry key &lt;b&gt;$(Registry Key)&lt;/b&gt;:&lt;blockquote&gt;&lt;b&gt;$(ACTION_LIST)&lt;/blockquote&gt;&lt;/b&gt;&lt;P&gt;$(EVENT_STATUS)</desc>
    <desc locale="0411">エージェント &lt;b&gt;$(AGENT)&lt;/b&gt; を持つシステムでユーザ &lt;b&gt;$(USER)&lt;/b&gt; の権限を使用して実行中の &lt;b&gt;$(PROCESS)&lt;/b&gt; は、レジストリ キー &lt;b&gt;$(Registry Key)&lt;/b&gt; に対して次の操作 &lt;blockquote&gt;&lt;b&gt;$(ACTION_LIST)&lt;/blockquote&gt;&lt;/b&gt; を実行しようとしました。&lt;P&gt;$(EVENT_STATUS)</desc>
    <desc locale="040c">Le processus &lt;b&gt;$(PROCESS)&lt;/b&gt; exécuté avec les privilèges de l&apos;utilisateur &lt;b&gt;$(USER)&lt;/b&gt; sur le système avec l&apos;Agent &lt;b&gt;$(AGENT)&lt;/b&gt; a essayé d&apos;effectuer les opérations suivantes sur la clé de registre &lt;b&gt;$(Registry Key)&lt;/b&gt;:&lt;blockquote&gt;&lt;b&gt;$(ACTION_LIST)&lt;/blockquote&gt;&lt;/b&gt;&lt;P&gt;$(EVENT_STATUS)</desc>
    <desc locale="0407">Der Prozess &lt;b&gt;$(PROCESS)&lt;/b&gt;, der mit den Berechtigungen des Benutzers &lt;b&gt;$(USER)&lt;/b&gt; auf dem System mit dem Agenten &lt;b&gt;$(AGENT)&lt;/b&gt; ausgeführt wird, hat versucht, folgende Vorgänge am Registrierungsschlüssel &lt;b&gt;$(Registry Key)&lt;/b&gt; vorzunehmen:&lt;blockquote&gt;&lt;b&gt;$(ACTION_LIST)&lt;/blockquote&gt;&lt;/b&gt;&lt;P&gt;$(EVENT_STATUS)</desc>
    <desc locale="040a">El proceso &lt;b&gt;$(PROCESS)&lt;/b&gt; que se ejecuta con los privilegios del usuario &lt;b&gt;$(USER)&lt;/b&gt; en el sistema que contiene el agente &lt;b&gt;$(AGENT)&lt;/b&gt; intentó efectuar la siguiente operación u operaciones en la clave de Registro &lt;b&gt;$(Registry Key)&lt;/b&gt;: &lt;blockquote&gt;&lt;b&gt;$(ACTION_LIST)&lt;/blockquote&gt;&lt;/b&gt;&lt;P&gt;$(EVENT_STATUS)</desc>
  </EventDesc>
  <EventDesc>
    <DescriptorID>34</DescriptorID>
    <sigid />
    <cls>Registry</cls>
    <dir />
    <flag>regValue</flag>
    <pri>2</pri>
    <desc locale="0409">&lt;b&gt;$(PROCESS)&lt;/b&gt; running with the privileges of user &lt;b&gt;$(USER)&lt;/b&gt; on the system with Agent &lt;b&gt;$(AGENT)&lt;/b&gt; attempted to perform the following operation(s) on the registry value &lt;b&gt;$(Registry Value(s))&lt;/b&gt;:&lt;blockquote&gt;&lt;b&gt;$(ACTION_LIST)&lt;/blockquote&gt;&lt;/b&gt;&lt;P&gt;$(EVENT_STATUS)</desc>
    <desc locale="0411">エージェント &lt;b&gt;$(AGENT)&lt;/b&gt; を持つシステムでユーザ &lt;b&gt;$(USER)&lt;/b&gt; の権限を使用して実行中の &lt;b&gt;$(PROCESS)&lt;/b&gt; は、レジストリ値 &lt;b&gt;$(Registry Value(s))&lt;/b&gt; に対して次の操作 &lt;blockquote&gt;&lt;b&gt;$(ACTION_LIST)&lt;/blockquote&gt;&lt;/b&gt; を実行しようとしました。&lt;P&gt;$(EVENT_STATUS)</desc>
    <desc locale="040c">Le processus &lt;b&gt;$(PROCESS)&lt;/b&gt; exécuté avec les privilèges de l&apos;utilisateur &lt;b&gt;$(USER)&lt;/b&gt; sur le système avec l&apos;Agent &lt;b&gt;$(AGENT)&lt;/b&gt; a essayé d&apos;effectuer les opérations suivantes sur la valeur de registre &lt;b&gt;$(Registry Value(s))&lt;/b&gt;:&lt;blockquote&gt;&lt;b&gt;$(ACTION_LIST)&lt;/blockquote&gt;&lt;/b&gt;&lt;P&gt;$(EVENT_STATUS)</desc>
    <desc locale="0407">Der Prozess &lt;b&gt;$(PROCESS)&lt;/b&gt;, der mit den Berechtigungen des Benutzers &lt;b&gt;$(USER)&lt;/b&gt; auf dem System mit dem Agenten &lt;b&gt;$(AGENT)&lt;/b&gt; ausgeführt wird, hat versucht, folgende Vorgänge am Registrierungswert &lt;b&gt;$(Registry Value(s))&lt;/b&gt; vorzunehmen:&lt;blockquote&gt;&lt;b&gt;$(ACTION_LIST)&lt;/blockquote&gt;&lt;/b&gt;&lt;P&gt;$(EVENT_STATUS)</desc>
    <desc locale="040a">El proceso &lt;b&gt;$(PROCESS)&lt;/b&gt; que se ejecuta con los privilegios del usuario &lt;b&gt;$(USER)&lt;/b&gt; en el sistema que contiene el agente &lt;b&gt;$(AGENT)&lt;/b&gt; intentó efectuar la siguiente operación u operaciones en el valor de Registro &lt;b&gt;$(Registry Value(s))&lt;/b&gt;: &lt;blockquote&gt;&lt;b&gt;$(ACTION_LIST)&lt;/blockquote&gt;&lt;/b&gt;&lt;P&gt;$(EVENT_STATUS)</desc>
  </EventDesc>
  <EventDesc>
    <DescriptorID>35</DescriptorID>
    <sigid />
    <cls>Services</cls>
    <dir>startup</dir>
    <flag />
    <pri>1</pri>
    <desc locale="0409">&lt;b&gt;$(PROCESS)&lt;/b&gt; running with the privileges of user &lt;b&gt;$(USER)&lt;/b&gt; on the system with Agent &lt;b&gt;$(AGENT)&lt;/b&gt; attempted to modify the startup mode of service &lt;b&gt;$(display names)&lt;/b&gt; from &lt;b&gt;$(old startup)&lt;/b&gt; to &lt;b&gt;$(new startup)&lt;/b&gt;.&lt;P&gt;$(EVENT_STATUS)</desc>
    <desc locale="0411">エージェント &lt;b&gt;$(AGENT)&lt;/b&gt; を持つシステムでユーザ &lt;b&gt;$(USER)&lt;/b&gt; の権限を使用して実行中の &lt;b&gt;$(PROCESS)&lt;/b&gt; は、サービス &lt;b&gt;$(display names)&lt;/b&gt; のスタートアップ モードを &lt;b&gt;$(old startup)&lt;/b&gt; から &lt;b&gt;$(new startup)&lt;/b&gt; に変更しようとしました。&lt;P&gt;$(EVENT_STATUS)</desc>
    <desc locale="040c">Le processus &lt;b&gt;$(PROCESS)&lt;/b&gt; exécuté avec les privilèges de l&apos;utilisateur &lt;b&gt;$(USER)&lt;/b&gt; sur le système avec l&apos;Agent &lt;b&gt;$(AGENT)&lt;/b&gt; a essayé de modifier le mode de démarrage du service &lt;b&gt;$(display names)&lt;/b&gt; de &lt;b&gt;$(old startup)&lt;/b&gt; en &lt;b&gt;$(new startup)&lt;/b&gt;.&lt;P&gt;$(EVENT_STATUS)</desc>
    <desc locale="0407">Der Prozess &lt;b&gt;$(PROCESS)&lt;/b&gt;, der mit den Berechtigungen des Benutzers &lt;b&gt;$(USER)&lt;/b&gt; auf dem System mit dem Agenten &lt;b&gt;$(AGENT)&lt;/b&gt; ausgeführt wird, hat versucht, den Startmodus des Dienstes &lt;b&gt;$(display names)&lt;/b&gt; von &lt;b&gt;$(old startup)&lt;/b&gt; nach &lt;b&gt;$(new startup)&lt;/b&gt; zu ändern.&lt;P&gt;$(EVENT_STATUS)</desc>
    <desc locale="040a">El proceso &lt;b&gt;$(PROCESS)&lt;/b&gt; que se ejecuta con los privilegios del usuario &lt;b&gt;$(USER)&lt;/b&gt; en el sistema que contiene el agente &lt;b&gt;$(AGENT)&lt;/b&gt; intentó modificar el modo de inicio del servicio &lt;b&gt;$(display names)&lt;/b&gt; de &lt;b&gt;$(old startup)&lt;/b&gt; a &lt;b&gt;$(new startup)&lt;/b&gt;.&lt;P&gt;$(EVENT_STATUS)</desc>
  </EventDesc>
  <EventDesc>
    <DescriptorID>36</DescriptorID>
    <sigid />
    <cls>Services</cls>
    <dir />
    <flag />
    <pri>2</pri>
    <desc locale="0409">&lt;b&gt;$(PROCESS)&lt;/b&gt; running with the privileges of user &lt;b&gt;$(USER)&lt;/b&gt; on the system with Agent &lt;b&gt;$(AGENT)&lt;/b&gt; attempted to perform the following operation(s) on service &lt;b&gt;$(display names)&lt;/b&gt;:&lt;blockquote&gt;&lt;b&gt;$(ACTION_LIST)&lt;/blockquote&gt;&lt;/b&gt;&lt;P&gt;$(EVENT_STATUS)</desc>
    <desc locale="0411">エージェント &lt;b&gt;$(AGENT)&lt;/b&gt; を持つシステムでユーザ &lt;b&gt;$(USER)&lt;/b&gt; の権限を使用して実行中の &lt;b&gt;$(PROCESS)&lt;/b&gt; は、サービス &lt;b&gt;$(display names)&lt;/b&gt; に対して次の操作 &lt;blockquote&gt;&lt;b&gt;$(ACTION_LIST)&lt;/blockquote&gt;&lt;/b&gt; を実行しようとしました。&lt;P&gt;$(EVENT_STATUS)</desc>
    <desc locale="040c">Le processus &lt;b&gt;$(PROCESS)&lt;/b&gt; exécuté avec les privilèges de l&apos;utilisateur &lt;b&gt;$(USER)&lt;/b&gt; sur le système avec l&apos;Agent &lt;b&gt;$(AGENT)&lt;/b&gt; a essayé d&apos;effectuer les opérations suivantes sur le service &lt;b&gt;$(display names)&lt;/b&gt;:&lt;blockquote&gt;&lt;b&gt;$(ACTION_LIST)&lt;/blockquote&gt;&lt;/b&gt;&lt;P&gt;$(EVENT_STATUS)</desc>
    <desc locale="0407">Der Prozess &lt;b&gt;$(PROCESS)&lt;/b&gt;, der mit den Berechtigungen des Benutzers &lt;b&gt;$(USER)&lt;/b&gt; auf dem System mit dem Agenten &lt;b&gt;$(AGENT)&lt;/b&gt; ausgeführt wird, hat versucht, folgende Vorgänge am Dienst &lt;b&gt;$(display names)&lt;/b&gt; vorzunehmen:&lt;blockquote&gt;&lt;b&gt;$(ACTION_LIST)&lt;/blockquote&gt;&lt;/b&gt;&lt;P&gt;$(EVENT_STATUS)</desc>
    <desc locale="040a">El proceso &lt;b&gt;$(PROCESS)&lt;/b&gt; que se ejecuta con los privilegios del usuario &lt;b&gt;$(USER)&lt;/b&gt; en el sistema que contiene el agente &lt;b&gt;$(AGENT)&lt;/b&gt; intentó efectuar la siguiente operación u operaciones en el servicio &lt;b&gt;$(display names)&lt;/b&gt;: &lt;blockquote&gt;&lt;b&gt;$(ACTION_LIST)&lt;/blockquote&gt;&lt;/b&gt;&lt;P&gt;$(EVENT_STATUS)</desc>
  </EventDesc>
  <EventDesc>
    <DescriptorID>37</DescriptorID>
    <sigid />
    <cls>NIPS</cls>
    <dir />
    <flag />
    <pri>1</pri>
    <desc locale="0409">An attempt to compromise the system with Agent &lt;b&gt;$(AGENT)&lt;/b&gt; from IP address &lt;b&gt;$(REMOTE_IP)&lt;/b&gt; was detected. If automatic blocking of attackers is enabled and the Agent IPS module is in Protect Mode, traffic from this IP address will be blocked for the configured amount of time. &lt;P&gt;$(EVENT_STATUS)</desc>
    <desc locale="0411">IP アドレス &lt;b&gt;$(REMOTE_IP)&lt;/b&gt; から、エージェント &lt;b&gt;$(AGENT)&lt;/b&gt; を持つシステムを乗っ取ろうとしているのが検出されました。攻撃者の自動ブロックが有効になっており、Agent IPS モジュールが保護モードにある場合、この IP アドレスからのトラフィックは設定された時間ブロックされます。&lt;P&gt;$(EVENT_STATUS)</desc>
    <desc locale="040c">Une tentative visant à compromettre la sécurité du système avec l&apos;Agent &lt;b&gt;$(AGENT)&lt;/b&gt; depuis l&apos;adresse IP &lt;b&gt;$(REMOTE_IP)&lt;/b&gt; a été détectée. Si le blocage automatique des attaquants est activé et que le module IPS de l&apos;Agent est en mode protection, le trafic provenant de cette adresse IP sera bloqué pendant la durée configurée. &lt;P&gt;$(EVENT_STATUS)</desc>
    <desc locale="0407">Ein Versuch, das System mit dem Agenten &lt;b&gt;$(AGENT)&lt;/b&gt; von der IP-Adresse &lt;b&gt;$(REMOTE_IP)&lt;/b&gt; zu beschädigen, wurde erkannt. Wenn die automatische Blockierung aktiviert ist und das Agent-IPS-Modul sich im Schutzmodus befindet, wird Verkehr von der IP-Adresse für den konfigurierten Zeitraum blockiert. &lt;P&gt;$(EVENT_STATUS)</desc>
    <desc locale="040a">Se ha detectado un intento de comprometer el sistema que contiene el agente &lt;b&gt;$(AGENT)&lt;/b&gt; desde la dirección IP &lt;b&gt;$(REMOTE_IP)&lt;/b&gt;. Si se encuentra activado el bloqueo automático de intrusos y el módulo IPS del agente se encuentra en modo de protección, se bloqueará el tráfico procedente de esta dirección IP durante la cantidad de tiempo que se haya configurado. &lt;P&gt;$(EVENT_STATUS)</desc>
  </EventDesc>
  <EventDesc>
    <DescriptorID>38</DescriptorID>
    <sigid />
    <cls>UNIX_misc</cls>
    <dir>module</dir>
    <flag />
    <pri>2</pri>
    <desc locale="0409">&lt;b&gt;$(PROCESS)&lt;/b&gt; running with the privileges of user &lt;b&gt;$(USER)&lt;/b&gt; on the system with Agent &lt;b&gt;$(AGENT)&lt;/b&gt; attempted to perform the following operation(s).&lt;P&gt;$(EVENT_STATUS)</desc>
    <desc locale="0411">エージェント &lt;b&gt;$(AGENT)&lt;/b&gt; を持つシステムでユーザ &lt;b&gt;$(USER)&lt;/b&gt; の権限を使用して実行中の &lt;b&gt;$(PROCESS)&lt;/b&gt; は、次の操作を実行しようとしました。&lt;P&gt;$(EVENT_STATUS)</desc>
    <desc locale="040c">Le processus &lt;b&gt;$(PROCESS)&lt;/b&gt; exécuté avec les privilèges de l&apos;utilisateur &lt;b&gt;$(USER)&lt;/b&gt; sur le système avec l&apos;Agent &lt;b&gt;$(AGENT)&lt;/b&gt; a essayé d&apos;effectuer les opérations suivantes.&lt;P&gt;$(EVENT_STATUS)</desc>
    <desc locale="0407">Der Prozess &lt;b&gt;$(PROCESS)&lt;/b&gt;, der mit den Berechtigungen des Benutzers &lt;b&gt;$(USER)&lt;/b&gt; auf dem System mit dem Agenten &lt;b&gt;$(AGENT)&lt;/b&gt; ausgeführt wird, hat versucht, den Agentenprozess abzubrechen.&lt;P&gt;$(EVENT_STATUS)</desc>
    <desc locale="040a">El proceso &lt;b&gt;$(PROCESS)&lt;/b&gt; que se ejecuta con los privilegios del usuario &lt;b&gt;$(USER)&lt;/b&gt; en el sistema que contiene el agente &lt;b&gt;$(AGENT)&lt;/b&gt; intentó efectuar la siguiente operación u operaciones.&lt;P&gt;$(EVENT_STATUS)</desc>
  </EventDesc>
  <EventDesc>
    <DescriptorID>39</DescriptorID>
    <sigid />
    <cls>Illegal_API_Use</cls>
    <dir>bad_parameter</dir>
    <flag />
    <pri>1</pri>
    <desc locale="0409">Malicious use of the API &lt;b&gt;$(API Name)&lt;/b&gt; by &lt;b&gt;$(PROCESS)&lt;/b&gt; running with the privileges of user &lt;b&gt;$(USER)&lt;/b&gt; was detected on the system with Agent &lt;b&gt;$(AGENT)&lt;/b&gt;. The parameter(s) passed to the API are &lt;b&gt;$(Detailed Event Info)&lt;/b&gt;.&lt;P&gt;$(EVENT_STATUS)</desc>
    <desc locale="0411">エージェント &lt;b&gt;$(AGENT)&lt;/b&gt; を持つシステムで、ユーザ &lt;b&gt;$(USER)&lt;/b&gt; の権限を使用して実行中の &lt;b&gt;$(PROCESS)&lt;/b&gt; により API &lt;b&gt;$(API Name)&lt;/b&gt; の不正使用が検出されました。API に渡されたパラメータは &lt;b&gt;$(Detailed Event Info)&lt;/b&gt; です。&lt;P&gt;$(EVENT_STATUS)</desc>
    <desc locale="040c">Une utilisation malveillante de l&apos;API &lt;b&gt;$(API Name)&lt;/b&gt; par le processus &lt;b&gt;$(PROCESS)&lt;/b&gt; exécuté avec les privilèges de l&apos;utilisateur &lt;b&gt;$(USER)&lt;/b&gt; a été détectée sur le système avec l&apos;Agent &lt;b&gt;$(AGENT)&lt;/b&gt;. Les paramètres transmis à l&apos;API sont &lt;b&gt;$(Detailed Event Info)&lt;/b&gt;.&lt;P&gt;$(EVENT_STATUS)</desc>
    <desc locale="0407">Es wurde eine böswillige Verwendung der API &lt;b&gt;$(API Name)&lt;/b&gt; durch &lt;b&gt;$(PROCESS)&lt;/b&gt;, der mit den Berechtigungen des Benutzers &lt;b&gt;$(USER)&lt;/b&gt; auf dem System mit dem Agenten &lt;b&gt;$(AGENT)&lt;/b&gt; ausgeführt wird, erkannt. Bei den an die API weitergeleiteten Parametern handelt es sich um &lt;b&gt;$(Detailed Event Info)&lt;/b&gt;.&lt;P&gt;$(EVENT_STATUS)</desc>
    <desc locale="040a">Se ha detectado un uso malintencionado de la API &lt;b&gt;$(API Name)&lt;/b&gt; por parte del proceso &lt;b&gt;$(PROCESS)&lt;/b&gt; que se ejecuta con los privilegios del usuario &lt;b&gt;$(USER)&lt;/b&gt; en el sistema que contiene el agente &lt;b&gt;$(AGENT)&lt;/b&gt;. Los parámetros pasados a la API son &lt;b&gt;$(Detailed Event Info)&lt;/b&gt;.&lt;P&gt;$(EVENT_STATUS)</desc>
  </EventDesc>
  <EventDesc>
    <DescriptorID>40</DescriptorID>
    <sigid />
    <cls>Illegal_API_Use</cls>
    <dir>invalid_call</dir>
    <flag />
    <pri>2</pri>
    <desc locale="0409">Malicious use of the API &lt;b&gt;$(API Name)&lt;/b&gt; by &lt;b&gt;$(PROCESS)&lt;/b&gt; running with the privileges of user &lt;b&gt;$(USER)&lt;/b&gt; was detected on the system with Agent &lt;b&gt;$(AGENT)&lt;/b&gt;. The parameter(s) passed to the API are &lt;b&gt;$(Detailed Event Info)&lt;/b&gt;.&lt;P&gt;$(EVENT_STATUS)</desc>
    <desc locale="0411">エージェント &lt;b&gt;$(AGENT)&lt;/b&gt; を持つシステムで、ユーザ &lt;b&gt;$(USER)&lt;/b&gt; の権限を使用して実行中の &lt;b&gt;$(PROCESS)&lt;/b&gt; により API &lt;b&gt;$(API Name)&lt;/b&gt; の不正使用が検出されました。API に渡されたパラメータは &lt;b&gt;$(Detailed Event Info)&lt;/b&gt; です。&lt;P&gt;$(EVENT_STATUS)</desc>
    <desc locale="040c">Une utilisation malveillante de l&apos;API &lt;b&gt;$(API Name)&lt;/b&gt; par le processus &lt;b&gt;$(PROCESS)&lt;/b&gt; exécuté avec les privilèges de l&apos;utilisateur &lt;b&gt;$(USER)&lt;/b&gt; a été détectée sur le système avec l&apos;Agent &lt;b&gt;$(AGENT)&lt;/b&gt;. Les paramètres transmis à l&apos;API sont &lt;b&gt;$(Detailed Event Info)&lt;/b&gt;.&lt;P&gt;$(EVENT_STATUS)</desc>
    <desc locale="0407">Es wurde eine böswillige Verwendung der API &lt;b&gt;$(API Name)&lt;/b&gt; durch &lt;b&gt;$(PROCESS)&lt;/b&gt;, der mit den Berechtigungen des Benutzers &lt;b&gt;$(USER)&lt;/b&gt; auf dem System mit dem Agenten &lt;b&gt;$(AGENT)&lt;/b&gt; ausgeführt wird, erkannt. Bei den an die API weitergeleiteten Parametern handelt es sich um &lt;b&gt;$(Detailed Event Info)&lt;/b&gt;.&lt;P&gt;$(EVENT_STATUS)</desc>
    <desc locale="040a">Se ha detectado un uso malintencionado de la API &lt;b&gt;$(API Name)&lt;/b&gt; por parte del proceso &lt;b&gt;$(PROCESS)&lt;/b&gt; que se ejecuta con los privilegios del usuario &lt;b&gt;$(USER)&lt;/b&gt; en el sistema que contiene el agente &lt;b&gt;$(AGENT)&lt;/b&gt;. Los parámetros pasados a la API son &lt;b&gt;$(Detailed Event Info)&lt;/b&gt;.&lt;P&gt;$(EVENT_STATUS)</desc>
  </EventDesc>
  <EventDesc>
    <DescriptorID>41</DescriptorID>
    <sigid />
    <cls>Illegal_API_Use</cls>
    <dir />
    <flag />
    <pri>3</pri>
    <desc locale="0409">Malicious use of the API &lt;b&gt;$(API Name)&lt;/b&gt; by &lt;b&gt;$(PROCESS)&lt;/b&gt; running with the privileges of user &lt;b&gt;$(USER)&lt;/b&gt; was detected on the system with Agent &lt;b&gt;$(AGENT)&lt;/b&gt;.&lt;P&gt;$(EVENT_STATUS)</desc>
    <desc locale="0411">エージェント &lt;b&gt;$(AGENT)&lt;/b&gt; を持つシステムで、ユーザ &lt;b&gt;$(USER)&lt;/b&gt; の権限を使用して実行中の &lt;b&gt;$(PROCESS)&lt;/b&gt; により API &lt;b&gt;$(API Name)&lt;/b&gt; の不正使用が検出されました。&lt;P&gt;$(EVENT_STATUS)</desc>
    <desc locale="040c">Une utilisation malveillante de l&apos;API &lt;b&gt;$(API Name)&lt;/b&gt; par le processus &lt;b&gt;$(PROCESS)&lt;/b&gt; exécuté avec les privilèges de l&apos;utilisateur &lt;b&gt;$(USER)&lt;/b&gt; a été détectée sur le système avec l&apos;Agent &lt;b&gt;$(AGENT)&lt;/b&gt;.&lt;P&gt;$(EVENT_STATUS)</desc>
    <desc locale="0407">Es wurde eine böswillige Verwendung der API &lt;b&gt;$(API Name)&lt;/b&gt; durch &lt;b&gt;$(PROCESS)&lt;/b&gt;, der mit den Berechtigungen des Benutzers &lt;b&gt;$(USER)&lt;/b&gt; auf dem System mit dem Agenten &lt;b&gt;$(AGENT)&lt;/b&gt; ausgeführt wird, erkannt.&lt;P&gt;$(EVENT_STATUS)</desc>
    <desc locale="040a">Se ha detectado un uso malintencionado de la API &lt;b&gt;$(API Name)&lt;/b&gt; por parte del proceso &lt;b&gt;$(PROCESS)&lt;/b&gt; que se ejecuta con los privilegios del usuario &lt;b&gt;$(USER)&lt;/b&gt; en el sistema que contiene el agente &lt;b&gt;$(AGENT)&lt;/b&gt;.&lt;P&gt;$(EVENT_STATUS)</desc>
  </EventDesc>
  <EventDesc>
    <DescriptorID>42</DescriptorID>
    <sigid />
    <cls>Hook</cls>
    <dir>set_windows_hook</dir>
    <flag />
    <pri>1</pri>
    <desc locale="0409">A untrusted process attempted to hook process &lt;b&gt;$(PROCESS)&lt;/b&gt; running with the privileges of user &lt;b&gt;$(USER)&lt;/b&gt; on the system with Agent &lt;b&gt;$(AGENT)&lt;/b&gt;.&lt;P&gt;$(EVENT_STATUS)</desc>
    <desc locale="0411">信頼できないプロセスが、エージェント &lt;b&gt;$(AGENT)&lt;/b&gt; を持つシステムでユーザ &lt;b&gt;$(USER)&lt;/b&gt; の権限を使用して実行中のプロセス &lt;b&gt;$(PROCESS)&lt;/b&gt; をフックしようとしました。&lt;P&gt;$(EVENT_STATUS)</desc>
    <desc locale="040c">Un processus non approuvé a tenté de raccorder le processus  &lt;b&gt;$(PROCESS)&lt;/b&gt; exécuté avec les privilèges de l&apos;utilisateur &lt;b&gt;$(USER)&lt;/b&gt; sur le système avec l&apos;Agent &lt;b&gt;$(AGENT)&lt;/b&gt;.&lt;P&gt;$(EVENT_STATUS)</desc>
    <desc locale="0407">Ein nicht vertrauenswürdiger Prozess &lt;b&gt;$(PROCESS)&lt;/b&gt;, der mit den Berechtigungen des Benutzers &lt;b&gt;$(USER)&lt;/b&gt; auf dem System mit dem Agenten &lt;b&gt;$(AGENT)&lt;/b&gt; ausgeführt wird, hat versucht, den Agentenprozess abzubrechen.&lt;P&gt;$(EVENT_STATUS)</desc>
    <desc locale="040a">Un proceso que no es de confianza ha intentado enlazarse al proceso &lt;b&gt;$(PROCESS)&lt;/b&gt; que se ejecuta con los privilegios del usuario &lt;b&gt;$(USER)&lt;/b&gt; en el sistema que contiene el agente &lt;b&gt;$(AGENT)&lt;/b&gt;.&lt;P&gt;$(EVENT_STATUS)</desc>
  </EventDesc>
</EventDescRoot>