<?xml version="1.0" encoding="UTF-8"?>
<IPS_Hooking_Whitelist xmlns="http://www.mcafee.com/namespace" xmlns:xsi="http://www.w3.org/2001/XMLSchema-instance" xsi:schemaLocation="http://www.mcafee.com/namespace
.\ips_hooking_whitelist.xsd">
	<IPSAppHookRule>
		<RuleID>IPSAppHookRule_MSIE</RuleID>
		<PolicyIndex>0</PolicyIndex>
		<Name>Microsoft Internet Explorer</Name>
		<Note/>
		<IsEnabled>true</IsEnabled>
		<IPSHookEnabled>true</IPSHookEnabled>
		<ProcessList>iexplore.exe</ProcessList>
	</IPSAppHookRule>
	<IPSAppHookRule>
		<RuleID>IPSAppHookRule_MSIMN</RuleID>
		<PolicyIndex>0</PolicyIndex>
		<Name>Microsoft Outlook Express</Name>
		<Note/>
		<IsEnabled>true</IsEnabled>
		<IPSHookEnabled>true</IPSHookEnabled>
		<ProcessList>msimn.exe</ProcessList>
	</IPSAppHookRule>
	<IPSAppHookRule>
		<RuleID>IPSAppHookRule_SVCHOST</RuleID>
		<PolicyIndex>0</PolicyIndex>
		<Name>Microsoft Application Hosting Services</Name>
		<Note/>
		<IsEnabled>true</IsEnabled>
		<IPSHookEnabled>true</IPSHookEnabled>
		<ProcessList>svchost.exe</ProcessList>
	</IPSAppHookRule>
	<IPSAppHookRule>
		<RuleID>IPSAppHookRule_RUNDLL32</RuleID>
		<PolicyIndex>0</PolicyIndex>
		<Name>Microsoft Run a DLL as an App</Name>
		<Note/>
		<IsEnabled>true</IsEnabled>
		<IPSHookEnabled>true</IPSHookEnabled>
		<ProcessList>rundll32.exe</ProcessList>
	</IPSAppHookRule>
	<IPSAppHookRule>
		<RuleID>IPSAppHookRule_EXPLORER</RuleID>
		<PolicyIndex>0</PolicyIndex>
		<Name>Microsoft Windows Explorer</Name>
		<Note/>
		<IsEnabled>true</IsEnabled>
		<IPSHookEnabled>true</IPSHookEnabled>
		<ProcessList>explorer.exe</ProcessList>
	</IPSAppHookRule>
	<IPSAppHookRule>
		<RuleID>IPSAppHookRule_MAPISP32</RuleID>
		<PolicyIndex>0</PolicyIndex>
		<Name>Microsoft Outlook component</Name>
		<Note/>
		<IsEnabled>true</IsEnabled>
		<IPSHookEnabled>true</IPSHookEnabled>
		<ProcessList>mapisp32.exe</ProcessList>
	</IPSAppHookRule>
	<IPSAppHookRule>
		<RuleID>IPSAppHookRule_FTP</RuleID>
		<PolicyIndex>0</PolicyIndex>
		<Name>Microsoft FTP Client</Name>
		<Note/>
		<IsEnabled>true</IsEnabled>
		<IPSHookEnabled>true</IPSHookEnabled>
		<ProcessList>ftp.exe</ProcessList>
	</IPSAppHookRule>
	<IPSAppHookRule>
		<RuleID>IPSAppHookRule_SERVICES</RuleID>
		<PolicyIndex>0</PolicyIndex>
		<Name>Microsoft Windows Services</Name>
		<Note/>
		<IsEnabled>true</IsEnabled>
		<IPSHookEnabled>true</IPSHookEnabled>
		<ProcessList>services.exe</ProcessList>
	</IPSAppHookRule>
	<IPSAppHookRule>
		<RuleID>IPSAppHookRule_LSASS</RuleID>
		<PolicyIndex>0</PolicyIndex>
		<Name>Microsoft Local Security Authority</Name>
		<Note/>
		<IsEnabled>true</IsEnabled>
		<IPSHookEnabled>true</IPSHookEnabled>
		<ProcessList>lsass.exe</ProcessList>
	</IPSAppHookRule>
	<IPSAppHookRule>
		<RuleID>IPSAppHookRule_INETINFO</RuleID>
		<PolicyIndex>0</PolicyIndex>
		<Name>Microsoft IIS</Name>
		<Note/>
		<IsEnabled>true</IsEnabled>
		<IPSHookEnabled>true</IPSHookEnabled>
		<ProcessList>inetinfo.exe</ProcessList>
	</IPSAppHookRule>
	<IPSAppHookRule>
		<RuleID>IPSAppHookRule_OUTLOOK</RuleID>
		<PolicyIndex>0</PolicyIndex>
		<Name>Microsoft Outlook</Name>
		<Note/>
		<IsEnabled>true</IsEnabled>
		<IPSHookEnabled>true</IPSHookEnabled>
		<ProcessList>outlook.exe</ProcessList>
	</IPSAppHookRule>
	<IPSAppHookRule>
		<RuleID>IPSAppHookRule_WMPLAYER</RuleID>
		<PolicyIndex>0</PolicyIndex>
		<Name>Microsoft Windows Media Player</Name>
		<Note/>
		<IsEnabled>true</IsEnabled>
		<IPSHookEnabled>true</IPSHookEnabled>
		<ProcessList>wmplayer.exe</ProcessList>
	</IPSAppHookRule>
	<IPSAppHookRule>
		<RuleID>IPSAppHookRule_MPLAYER2</RuleID>
		<PolicyIndex>0</PolicyIndex>
		<Name>Microsoft Windows Media Player</Name>
		<Note/>
		<IsEnabled>true</IsEnabled>
		<IPSHookEnabled>true</IPSHookEnabled>
		<ProcessList>mplayer2.exe</ProcessList>
	</IPSAppHookRule>
	<IPSAppHookRule>
		<RuleID>IPSAppHookRule_RPCSS</RuleID>
		<PolicyIndex>0</PolicyIndex>
		<Name>Microsoft Windows RPC Subsystem</Name>
		<Note/>
		<IsEnabled>true</IsEnabled>
		<IPSHookEnabled>true</IPSHookEnabled>
		<ProcessList>rpcss.exe</ProcessList>
	</IPSAppHookRule>
	<IPSAppHookRule>
		<RuleID>IPSAppHookRule_MSMSGS</RuleID>
		<PolicyIndex>0</PolicyIndex>
		<Name>Microsoft Windows Messenger</Name>
		<Note/>
		<IsEnabled>true</IsEnabled>
		<IPSHookEnabled>true</IPSHookEnabled>
		<ProcessList>msmsgs.exe</ProcessList>
	</IPSAppHookRule>
	<IPSAppHookRule>
		<RuleID>IPSAppHookRule_WORD</RuleID>
		<PolicyIndex>0</PolicyIndex>
		<Name>Microsoft Word</Name>
		<Note/>
		<IsEnabled>true</IsEnabled>
		<IPSHookEnabled>true</IPSHookEnabled>
		<ProcessList>winword.exe</ProcessList>
	</IPSAppHookRule>
	<IPSAppHookRule>
		<RuleID>IPSAppHookRule_EXCEL</RuleID>
		<PolicyIndex>0</PolicyIndex>
		<Name>Microsoft Excel</Name>
		<Note/>
		<IsEnabled>true</IsEnabled>
		<IPSHookEnabled>true</IPSHookEnabled>
		<ProcessList>excel.exe</ProcessList>
	</IPSAppHookRule>
	<IPSAppHookRule>
		<RuleID>IPSAppHookRule_MSTASK</RuleID>
		<PolicyIndex>0</PolicyIndex>
		<Name>Microsoft Scheduled Task Services</Name>
		<Note/>
		<IsEnabled>true</IsEnabled>
		<IPSHookEnabled>true</IPSHookEnabled>
		<ProcessList>mstask.exe</ProcessList>
	</IPSAppHookRule>
	<IPSAppHookRule>
		<RuleID>IPSAppHookRule_POWERPOINT</RuleID>
		<PolicyIndex>0</PolicyIndex>
		<Name>Microsoft Powerpoint</Name>
		<Note/>
		<IsEnabled>true</IsEnabled>
		<IPSHookEnabled>true</IPSHookEnabled>
		<ProcessList>powerpnt.exe</ProcessList>
	</IPSAppHookRule>
	<IPSAppHookRule>
		<RuleID>IPSAppHookRule_ACCESS</RuleID>
		<PolicyIndex>0</PolicyIndex>
		<Name>Microsoft Access</Name>
		<Note/>
		<IsEnabled>true</IsEnabled>
		<IPSHookEnabled>true</IPSHookEnabled>
		<ProcessList>msaccess.exe</ProcessList>
	</IPSAppHookRule>
	<IPSAppHookRule>
		<RuleID>IPSAppHookRule_VISIO</RuleID>
		<PolicyIndex>0</PolicyIndex>
		<Name>Microsoft Visio</Name>
		<Note/>
		<IsEnabled>true</IsEnabled>
		<IPSHookEnabled>true</IPSHookEnabled>
		<ProcessList>visio32.exe|VISIO.EXE</ProcessList>
	</IPSAppHookRule>
	<IPSAppHookRule>
		<RuleID>IPSAppHookRule_ONENOTE</RuleID>
		<PolicyIndex>0</PolicyIndex>
		<Name>Microsoft One Note</Name>
		<Note/>
		<IsEnabled>true</IsEnabled>
		<IPSHookEnabled>true</IPSHookEnabled>
		<ProcessList>onenote.exe</ProcessList>
	</IPSAppHookRule>
	<IPSAppHookRule>
		<RuleID>IPSAppHookRule_FRONTPAGE</RuleID>
		<PolicyIndex>0</PolicyIndex>
		<Name>Microsoft FrontPage</Name>
		<Note/>
		<IsEnabled>true</IsEnabled>
		<IPSHookEnabled>true</IPSHookEnabled>
		<ProcessList>frontpg.exe</ProcessList>
	</IPSAppHookRule>
	<IPSAppHookRule>
		<RuleID>IPSAppHookRule_PUBLISHER</RuleID>
		<PolicyIndex>0</PolicyIndex>
		<Name>Microsoft Publisher</Name>
		<Note/>
		<IsEnabled>true</IsEnabled>
		<IPSHookEnabled>true</IPSHookEnabled>
		<ProcessList>mspub.exe</ProcessList>
	</IPSAppHookRule>
	<IPSAppHookRule>
		<RuleID>IPSAppHookRule_PROJECT</RuleID>
		<PolicyIndex>0</PolicyIndex>
		<Name>Microsoft Project</Name>
		<Note/>
		<IsEnabled>true</IsEnabled>
		<IPSHookEnabled>true</IPSHookEnabled>
		<ProcessList>winproj.exe</ProcessList>
	</IPSAppHookRule>
	<IPSAppHookRule>
		<RuleID>IPSAppHookRule_WINUPDATE</RuleID>
		<PolicyIndex>0</PolicyIndex>
		<Name>Microsoft Windows Update</Name>
		<Note/>
		<IsEnabled>true</IsEnabled>
		<IPSHookEnabled>true</IPSHookEnabled>
		<ProcessList>wuauclt.exe</ProcessList>
	</IPSAppHookRule>
	<IPSAppHookRule>
		<RuleID>IPSAppHookRule_SQLSERVER</RuleID>
		<PolicyIndex>0</PolicyIndex>
		<Name>Microsoft SQL Server</Name>
		<Note/>
		<IsEnabled>true</IsEnabled>
		<IPSHookEnabled>true</IPSHookEnabled>
		<ProcessList>sqlservr.exe</ProcessList>
	</IPSAppHookRule>
	<IPSAppHookRule>
		<RuleID>IPSAppHookRule_DLLHOST</RuleID>
		<PolicyIndex>0</PolicyIndex>
		<Name>Microsoft DLL Hosting Services</Name>
		<Note/>
		<IsEnabled>true</IsEnabled>
		<IPSHookEnabled>true</IPSHookEnabled>
		<ProcessList>dllhost.exe</ProcessList>
	</IPSAppHookRule>
	<IPSAppHookRule>
		<RuleID>IPSAppHookRule_HH</RuleID>
		<PolicyIndex>0</PolicyIndex>
		<Name>Microsoft HTML Help</Name>
		<Note/>
		<IsEnabled>true</IsEnabled>
		<IPSHookEnabled>true</IPSHookEnabled>
		<ProcessList>hh.exe</ProcessList>
	</IPSAppHookRule>
	<IPSAppHookRule>
		<RuleID>IPSAppHookRule_WORDPAD</RuleID>
		<PolicyIndex>0</PolicyIndex>
		<Name>Microsoft Wordpad</Name>
		<Note/>
		<IsEnabled>true</IsEnabled>
		<IPSHookEnabled>true</IPSHookEnabled>
		<ProcessList>wordpad.exe</ProcessList>
	</IPSAppHookRule>
	<IPSAppHookRule>
		<RuleID>IPSAppHookRule_HYPERTRM</RuleID>
		<PolicyIndex>0</PolicyIndex>
		<Name>Microsoft HyperTerminal</Name>
		<Note/>
		<IsEnabled>true</IsEnabled>
		<IPSHookEnabled>true</IPSHookEnabled>
		<ProcessList>hypertrm.exe</ProcessList>
	</IPSAppHookRule>
	<IPSAppHookRule>
		<RuleID>IPSAppHookRule_STEPBYSTEP</RuleID>
		<PolicyIndex>0</PolicyIndex>
		<Name>Microsoft Step-by-Step Interactive Training</Name>
		<Note/>
		<IsEnabled>true</IsEnabled>
		<IPSHookEnabled>true</IPSHookEnabled>
		<ProcessList>Lrun32.exe|Mrun32.exe|Orun32.exe</ProcessList>
	</IPSAppHookRule>
	<IPSAppHookRule>
		<RuleID>IPSAppHookRule_EPO</RuleID>
		<PolicyIndex>0</PolicyIndex>
		<Name>McAfee ePO</Name>
		<Note/>
		<IsEnabled>true</IsEnabled>
		<IPSHookEnabled>true</IPSHookEnabled>
		<ProcessList>frameworkservice.exe|naPrdMgr.exe|SrvMon.exe|NaiMServ.exe|EventParser.exe</ProcessList>
	</IPSAppHookRule>
	<IPSAppHookRule>
		<RuleID>IPSAppHookRule_GRPCONV</RuleID>
		<PolicyIndex>0</PolicyIndex>
		<Name>Microsoft Windows Program Group Converter</Name>
		<Note/>
		<IsEnabled>true</IsEnabled>
		<IPSHookEnabled>true</IPSHookEnabled>
		<ProcessList>grpconv.exe</ProcessList>
	</IPSAppHookRule>
	<IPSAppHookRule>
		<RuleID>IPSAppHookRule_WINLOGON</RuleID>
		<PolicyIndex>0</PolicyIndex>
		<Name>Microsoft Windows Logon Service</Name>
		<Note/>
		<IsEnabled>true</IsEnabled>
		<IPSHookEnabled>true</IPSHookEnabled>
		<ProcessList>winlogon.exe</ProcessList>
	</IPSAppHookRule>
	<IPSAppHookRule>
		<RuleID>IPSAppHookRule_PSXSS</RuleID>
		<PolicyIndex>0</PolicyIndex>
		<Name>Microsoft Windows Posix Subsystem</Name>
		<Note/>
		<IsEnabled>true</IsEnabled>
		<IPSHookEnabled>true</IPSHookEnabled>
		<ProcessList>psxss.exe</ProcessList>
	</IPSAppHookRule>
	<IPSAppHookRule>
		<RuleID>IPSAppHookRule_NETDDE</RuleID>
		<PolicyIndex>0</PolicyIndex>
		<Name>Microsoft Windows Network DDE Service</Name>
		<Note/>
		<IsEnabled>true</IsEnabled>
		<IPSHookEnabled>true</IPSHookEnabled>
		<ProcessList>netdde.exe</ProcessList>
	</IPSAppHookRule>
	<IPSAppHookRule>
		<RuleID>IPSAppHookRule_WINS</RuleID>
		<PolicyIndex>0</PolicyIndex>
		<Name>Microsoft Windows WINS Service</Name>
		<Note/>
		<IsEnabled>true</IsEnabled>
		<IPSHookEnabled>true</IPSHookEnabled>
		<ProcessList>wins.exe</ProcessList>
	</IPSAppHookRule>
	<IPSAppHookRule>
		<RuleID>IPSAppHookRule_LLSSRV</RuleID>
		<PolicyIndex>0</PolicyIndex>
		<Name>Microsoft Windows License Logging Service</Name>
		<Note/>
		<IsEnabled>true</IsEnabled>
		<IPSHookEnabled>true</IPSHookEnabled>
		<ProcessList>llssrv.exe</ProcessList>
	</IPSAppHookRule>
	<IPSAppHookRule>
		<RuleID>IPSAppHookRule_CSRSS</RuleID>
		<PolicyIndex>0</PolicyIndex>
		<Name>Microsoft Windows Win32 Runtime Subsystem</Name>
		<Note/>
		<IsEnabled>true</IsEnabled>
		<IPSHookEnabled>true</IPSHookEnabled>
		<ProcessList>csrss.exe</ProcessList>
	</IPSAppHookRule>
	<IPSAppHookRule>
		<RuleID>IPSAppHookRule_MQSVC</RuleID>
		<PolicyIndex>0</PolicyIndex>
		<Name>Microsoft Windows Message Queueing Service</Name>
		<Note/>
		<IsEnabled>true</IsEnabled>
		<IPSHookEnabled>true</IPSHookEnabled>
		<ProcessList>mqsvc.exe</ProcessList>
	</IPSAppHookRule>
	<IPSAppHookRule>
		<RuleID>IPSAppHookRule_SPOOLSV</RuleID>
		<PolicyIndex>0</PolicyIndex>
		<Name>Microsoft Windows Printer Spooling Service</Name>
		<Note/>
		<IsEnabled>true</IsEnabled>
		<IPSHookEnabled>true</IPSHookEnabled>
		<ProcessList>spoolsv.exe</ProcessList>
	</IPSAppHookRule>
	<IPSAppHookRule>
		<RuleID>IPSAppHookRule_MSDTC</RuleID>
		<PolicyIndex>0</PolicyIndex>
		<Name>Microsoft Windows Distributed Transaction Co-ordinator Service</Name>
		<Note/>
		<IsEnabled>true</IsEnabled>
		<IPSHookEnabled>true</IPSHookEnabled>
		<ProcessList>msdtc.exe</ProcessList>
	</IPSAppHookRule>
	<IPSAppHookRule>
		<RuleID>IPSAppHookRule_MSPAINT</RuleID>
		<PolicyIndex>0</PolicyIndex>
		<Name>Microsoft Paint</Name>
		<Note/>
		<IsEnabled>true</IsEnabled>
		<IPSHookEnabled>true</IPSHookEnabled>
		<ProcessList>mspaint.exe</ProcessList>
	</IPSAppHookRule>
	<IPSAppHookRule>
		<RuleID>IPSAppHookRule_PPTVIEWER</RuleID>
		<PolicyIndex>0</PolicyIndex>
		<Name>Microsoft Powerpoint Viewer</Name>
		<Note/>
		<IsEnabled>true</IsEnabled>
		<IPSHookEnabled>true</IPSHookEnabled>
		<ProcessList>pptview.exe</ProcessList>
	</IPSAppHookRule>
	<IPSAppHookRule>
		<RuleID>IPSAppHookRule_PICTMGR</RuleID>
		<PolicyIndex>0</PolicyIndex>
		<Name>Microsoft Office Picture Manager</Name>
		<Note/>
		<IsEnabled>true</IsEnabled>
		<IPSHookEnabled>true</IPSHookEnabled>
		<ProcessList>ois.exe</ProcessList>
	</IPSAppHookRule>
	<IPSAppHookRule>
		<RuleID>IPSAppHookRule_Firefox</RuleID>
		<PolicyIndex>0</PolicyIndex>
		<Name>Firefox</Name>
		<Note/>
		<IsEnabled>true</IsEnabled>
		<IPSHookEnabled>true</IPSHookEnabled>
		<ProcessList>firefox.exe</ProcessList>
	</IPSAppHookRule>
	<IPSAppHookRule>
		<RuleID>IPSAppHookRule_Mozilla</RuleID>
		<PolicyIndex>0</PolicyIndex>
		<Name>Mozilla</Name>
		<Note/>
		<IsEnabled>true</IsEnabled>
		<IPSHookEnabled>true</IPSHookEnabled>
		<ProcessList>mozilla.exe</ProcessList>
	</IPSAppHookRule>
	<IPSAppHookRule>
		<RuleID>IPSAppHookRule_Netscape</RuleID>
		<PolicyIndex>0</PolicyIndex>
		<Name>Netscape Browser</Name>
		<Note/>
		<IsEnabled>true</IsEnabled>
		<IPSHookEnabled>true</IPSHookEnabled>
		<ProcessList>netscape.exe</ProcessList>
	</IPSAppHookRule>
	<IPSAppHookRule>
		<RuleID>IPSAppHookRule_KodakImg</RuleID>
		<PolicyIndex>0</PolicyIndex>
		<Name>Kodak Imaging</Name>
		<Note/>
		<IsEnabled>true</IsEnabled>
		<IPSHookEnabled>true</IPSHookEnabled>
		<ProcessList>kodakimg.exe</ProcessList>
	</IPSAppHookRule>
	<IPSAppHookRule>
		<RuleID>IPSAppHookRule_MSHTA</RuleID>
		<PolicyIndex>0</PolicyIndex>
		<Name>Microsoft HTML Application Host</Name>
		<Note/>
		<IsEnabled>true</IsEnabled>
		<IPSHookEnabled>true</IPSHookEnabled>
		<ProcessList>mshta.exe</ProcessList>
	</IPSAppHookRule>
	<IPSAppHookRule>
		<RuleID>IPSAppHookRule_WORDVIEW</RuleID>
		<PolicyIndex>0</PolicyIndex>
		<Name>Microsoft Word Viewer</Name>
		<Note/>
		<IsEnabled>true</IsEnabled>
		<IPSHookEnabled>true</IPSHookEnabled>
		<ProcessList>wordview.exe</ProcessList>
	</IPSAppHookRule>
	<IPSAppHookRule>
		<RuleID>IPSAppHookRule_EXCELVIEW</RuleID>
		<PolicyIndex>0</PolicyIndex>
		<Name>Microsoft Excel Viewer</Name>
		<Note/>
		<IsEnabled>true</IsEnabled>
		<IPSHookEnabled>true</IPSHookEnabled>
		<ProcessList>xlview.exe</ProcessList>
	</IPSAppHookRule>
	<IPSAppHookRule>
		<RuleID>IPSAppHookRule_MSAGENT</RuleID>
		<PolicyIndex>0</PolicyIndex>
		<Name>Microsoft Agent</Name>
		<Note/>
		<IsEnabled>true</IsEnabled>
		<IPSHookEnabled>true</IPSHookEnabled>
		<ProcessList>agentsvr.exe</ProcessList>
	</IPSAppHookRule>
	<IPSAppHookRule>
		<RuleID>IPSAppHookRule_ADOBEACRO</RuleID>
		<PolicyIndex>0</PolicyIndex>
		<Name>Adobe Acrobat Reader</Name>
		<Note/>
		<IsEnabled>true</IsEnabled>
		<IPSHookEnabled>true</IPSHookEnabled>
		<ProcessList>AcroRd32.exe</ProcessList>
	</IPSAppHookRule>
	<IPSAppHookRule>
		<RuleID>IPSAppHookRule_WINZIP</RuleID>
		<PolicyIndex>0</PolicyIndex>
		<Name>WinZip</Name>
		<Note/>
		<IsEnabled>true</IsEnabled>
		<IPSHookEnabled>true</IPSHookEnabled>
		<ProcessList>WINZIP32.EXE</ProcessList>
	</IPSAppHookRule>
	<IPSAppHookRule>
		<RuleID>IPSAppHookRule_WINZIPTRAY</RuleID>
		<PolicyIndex>0</PolicyIndex>
		<Name>WinZip QuickPick</Name>
		<Note/>
		<IsEnabled>true</IsEnabled>
		<IPSHookEnabled>true</IPSHookEnabled>
		<ProcessList>WZQKPICK.EXE</ProcessList>
	</IPSAppHookRule>
	<IPSAppHookRule>
		<RuleID>IPSAppHookRule_WINZIPSEPE</RuleID>
		<PolicyIndex>0</PolicyIndex>
		<Name>WinZip Self Extracting PE</Name>
		<Note/>
		<IsEnabled>true</IsEnabled>
		<IPSHookEnabled>true</IPSHookEnabled>
		<ProcessList>WZSEPE32.EXE</ProcessList>
	</IPSAppHookRule>
	<IPSAppHookRule>
		<RuleID>IPSAppHookRule_QUICKTIME</RuleID>
		<PolicyIndex>0</PolicyIndex>
		<Name>QuickTime Player</Name>
		<Note/>
		<IsEnabled>true</IsEnabled>
		<IPSHookEnabled>true</IPSHookEnabled>
		<ProcessList>QuickTimePlayer.exe</ProcessList>
	</IPSAppHookRule>
	<IPSAppHookRule>
		<RuleID>IPSAppHookRule_QUICKTMPIC</RuleID>
		<PolicyIndex>0</PolicyIndex>
		<Name>QuickTime Picture Viewer</Name>
		<Note/>
		<IsEnabled>true</IsEnabled>
		<IPSHookEnabled>true</IPSHookEnabled>
		<ProcessList>PictureViewer.exe</ProcessList>
	</IPSAppHookRule>
	<IPSAppHookRule>
		<RuleID>IPSAppHookRule_QTTASK</RuleID>
		<PolicyIndex>0</PolicyIndex>
		<Name>QuickTime Task Tray</Name>
		<Note/>
		<IsEnabled>true</IsEnabled>
		<IPSHookEnabled>true</IPSHookEnabled>
		<ProcessList>qttask.exe</ProcessList>
	</IPSAppHookRule>
	<IPSAppHookRule>
		<RuleID>IPSAppHookRule_AOLIM</RuleID>
		<PolicyIndex>0</PolicyIndex>
		<Name>AOL Instant Messenger</Name>
		<Note/>
		<IsEnabled>true</IsEnabled>
		<IPSHookEnabled>true</IPSHookEnabled>
		<ProcessList>aim6.exe</ProcessList>
	</IPSAppHookRule>
	<IPSAppHookRule>
		<RuleID>IPSAppHookRule_NETMEETING</RuleID>
		<PolicyIndex>0</PolicyIndex>
		<Name>Microsoft NetMeeting</Name>
		<Note/>
		<IsEnabled>true</IsEnabled>
		<IPSHookEnabled>true</IPSHookEnabled>
		<ProcessList>conf.exe</ProcessList>
	</IPSAppHookRule>
	<IPSAppHookRule>
		<RuleID>IPSAppHookRule_RMTDESKTOP</RuleID>
		<PolicyIndex>0</PolicyIndex>
		<Name>Microsft Remote Desktop</Name>
		<Note/>
		<IsEnabled>true</IsEnabled>
		<IPSHookEnabled>true</IPSHookEnabled>
		<ProcessList>mstsc.exe</ProcessList>
	</IPSAppHookRule>
	<IPSAppHookRule>
		<RuleID>IPSAppHookRule_WINHLP32</RuleID>
		<PolicyIndex>0</PolicyIndex>
		<Name>winhlp32.exe</Name>
		<Note/>
		<IsEnabled>true</IsEnabled>
		<IPSHookEnabled>true</IPSHookEnabled>
		<ProcessList>winhlp32.exe</ProcessList>
	</IPSAppHookRule>
	<IPSAppHookRule>
		<RuleID>IPSAppHookRule_ADOBEDOWN</RuleID>
		<PolicyIndex>0</PolicyIndex>
		<Name>Adobe Download Manager</Name>
		<Note/>
		<IsEnabled>true</IsEnabled>
		<IPSHookEnabled>true</IPSHookEnabled>
		<ProcessList>AdobeDownloadManager.exe</ProcessList>
	</IPSAppHookRule>
	<IPSAppHookRule>
		<RuleID>IPSAppHookRule_SNMP</RuleID>
		<PolicyIndex>0</PolicyIndex>
		<Name>SNMP Service</Name>
		<Note/>
		<IsEnabled>true</IsEnabled>
		<IPSHookEnabled>true</IPSHookEnabled>
		<ProcessList>snmp.exe</ProcessList>
	</IPSAppHookRule>
	<IPSAppHookRule>
		<RuleID>IPSAppHookRule_INFOPATH</RuleID>
		<PolicyIndex>0</PolicyIndex>
		<Name>Microsoft InfoPath</Name>
		<Note/>
		<IsEnabled>true</IsEnabled>
		<IPSHookEnabled>true</IPSHookEnabled>
		<ProcessList>infopath.exe</ProcessList>
	</IPSAppHookRule>
	<IPSAppHookRule>
		<RuleID>IPSAppHookRule_HELPWKSHOP</RuleID>
		<PolicyIndex>0</PolicyIndex>
		<Name>Microsoft Help WorkShop</Name>
		<Note/>
		<IsEnabled>true</IsEnabled>
		<IPSHookEnabled>true</IPSHookEnabled>
		<ProcessList>hcw.exe</ProcessList>
	</IPSAppHookRule>
	<IPSAppHookRule>
		<RuleID>IPSAppHookRule_MSDEV</RuleID>
		<PolicyIndex>0</PolicyIndex>
		<Name>Microsoft Visual C++</Name>
		<Note/>
		<IsEnabled>true</IsEnabled>
		<IPSHookEnabled>true</IPSHookEnabled>
		<ProcessList>msdev.exe</ProcessList>
	</IPSAppHookRule>
	<IPSAppHookRule>
		<RuleID>IPSAppHookRule_MMC</RuleID>
		<PolicyIndex>0</PolicyIndex>
		<Name>Microsoft Management Console</Name>
		<Note/>
		<IsEnabled>true</IsEnabled>
		<IPSHookEnabled>true</IPSHookEnabled>
		<ProcessList>mmc.exe</ProcessList>
	</IPSAppHookRule>
	<IPSAppHookRule>
		<RuleID>IPSAppHookRule_TOMCAT</RuleID>
		<PolicyIndex>0</PolicyIndex>
		<Name>Tomcat Web Server</Name>
		<Note/>
		<IsEnabled>true</IsEnabled>
		<IPSHookEnabled>true</IPSHookEnabled>
		<ProcessList>tomcat.exe</ProcessList>
	</IPSAppHookRule>
	<IPSAppHookRule>
		<RuleID>IPSAppHookRule_VISTALIC</RuleID>
		<PolicyIndex>0</PolicyIndex>
		<Name>Windows Vista License Service</Name>
		<Note/>
		<IsEnabled>true</IsEnabled>
		<IPSHookEnabled>false</IPSHookEnabled>
		<ProcessList>slsvc.exe</ProcessList>
	</IPSAppHookRule>
	<IPSAppHookRule>
		<RuleID>IPSAppHookRule_DNSSERVER</RuleID>
		<PolicyIndex>0</PolicyIndex>
		<Name>Windows DNS Server</Name>
		<Note/>
		<IsEnabled>true</IsEnabled>
		<IPSHookEnabled>true</IPSHookEnabled>
		<ProcessList>dns.exe</ProcessList>
	</IPSAppHookRule>
	<IPSAppHookRule>
		<RuleID>IPSAppHookRule_NET_RDS</RuleID>
		<PolicyIndex>0</PolicyIndex>
		<Name>NetMeeting Remote Desktop Sharing</Name>
		<Note/>
		<IsEnabled>true</IsEnabled>
		<IPSHookEnabled>true</IPSHookEnabled>
		<ProcessList>mnmsrvc.exe</ProcessList>
	</IPSAppHookRule>
	<IPSAppHookRule>
		<RuleID>IPSAppHookRule_DHCPSER</RuleID>
		<PolicyIndex>0</PolicyIndex>
		<Name>Microsoft Windows Networking Services (DHCPServer, BINLSVC, SimpTcp, LPDSVC)</Name>
		<Note/>
		<IsEnabled>true</IsEnabled>
		<IPSHookEnabled>true</IPSHookEnabled>
		<ProcessList>tcpsvcs.exe</ProcessList>
	</IPSAppHookRule>
	<IPSAppHookRule>
		<RuleID>IPSAppHookRule_EXCHSRVR_STORE</RuleID>
		<PolicyIndex>0</PolicyIndex>
		<Name>Exchange Server Store</Name>
		<Note/>
		<IsEnabled>true</IsEnabled>
		<IPSHookEnabled>true</IPSHookEnabled>
		<ProcessList>store.exe</ProcessList>
	</IPSAppHookRule>
	<IPSAppHookRule>
		<RuleID>IPSAppHookRule_EXCHSRVR_CALCON</RuleID>
		<PolicyIndex>0</PolicyIndex>
		<Name>Exchange Server Calendar</Name>
		<Note/>
		<IsEnabled>true</IsEnabled>
		<IPSHookEnabled>true</IPSHookEnabled>
		<ProcessList>calcon.exe</ProcessList>
	</IPSAppHookRule>
	<IPSAppHookRule>
		<RuleID>IPSAppHookRule_EXCHSRVR_LSCNTRL</RuleID>
		<PolicyIndex>0</PolicyIndex>
		<Name>Exchange Server Connector Support</Name>
		<Note/>
		<IsEnabled>true</IsEnabled>
		<IPSHookEnabled>true</IPSHookEnabled>
		<ProcessList>lscntrl.exe</ProcessList>
	</IPSAppHookRule>
	<IPSAppHookRule>
		<RuleID>IPSAppHookRule_EXCHSRVR_DISPATCH</RuleID>
		<PolicyIndex>0</PolicyIndex>
		<Name>Exchange Server Lotus Notes Dispatch</Name>
		<Note/>
		<IsEnabled>true</IsEnabled>
		<IPSHookEnabled>true</IPSHookEnabled>
		<ProcessList>dispatch.exe</ProcessList>
	</IPSAppHookRule>
	<IPSAppHookRule>
		<RuleID>IPSAppHookRule_EXCHSRVR_EVENTS</RuleID>
		<PolicyIndex>0</PolicyIndex>
		<Name>Exchange Server 5.5 Compatibility Events</Name>
		<Note/>
		<IsEnabled>true</IsEnabled>
		<IPSHookEnabled>true</IPSHookEnabled>
		<ProcessList>events.exe</ProcessList>
	</IPSAppHookRule>
	<IPSAppHookRule>
		<RuleID>IPSAppHookRule_EXCHSRVR_EXMGMT</RuleID>
		<PolicyIndex>0</PolicyIndex>
		<Name>Exchange Server WMI Management</Name>
		<Note/>
		<IsEnabled>true</IsEnabled>
		<IPSHookEnabled>true</IPSHookEnabled>
		<ProcessList>exmgmt.exe</ProcessList>
	</IPSAppHookRule>
	<IPSAppHookRule>
		<RuleID>IPSAppHookRule_EXCHSRVR_EMSMTA</RuleID>
		<PolicyIndex>0</PolicyIndex>
		<Name>Exchange Server X.400 Services</Name>
		<Note/>
		<IsEnabled>true</IsEnabled>
		<IPSHookEnabled>true</IPSHookEnabled>
		<ProcessList>emsmta.exe</ProcessList>
	</IPSAppHookRule>
	<IPSAppHookRule>
		<RuleID>IPSAppHookRule_EXCHSRVR_GWROUTER</RuleID>
		<PolicyIndex>0</PolicyIndex>
		<Name>Exchange Server GroupWise Router</Name>
		<Note/>
		<IsEnabled>true</IsEnabled>
		<IPSHookEnabled>true</IPSHookEnabled>
		<ProcessList>gwrouter.exe</ProcessList>
	</IPSAppHookRule>
	<IPSAppHookRule>
		<RuleID>IPSAppHookRule_EXCHSRVR_SRSMAIN</RuleID>
		<PolicyIndex>0</PolicyIndex>
		<Name>Exchange Server Site Replication Service</Name>
		<Note/>
		<IsEnabled>true</IsEnabled>
		<IPSHookEnabled>true</IPSHookEnabled>
		<ProcessList>srsmain.exe</ProcessList>
	</IPSAppHookRule>
	<IPSAppHookRule>
		<RuleID>IPSAppHookRule_EXCHSRVR_MAD</RuleID>
		<PolicyIndex>0</PolicyIndex>
		<Name>Exchange Server Active Directory Monitoring</Name>
		<Note/>
		<IsEnabled>true</IsEnabled>
		<IPSHookEnabled>true</IPSHookEnabled>
		<ProcessList>mad.exe</ProcessList>
	</IPSAppHookRule>
	<IPSAppHookRule>
		<RuleID>IPSAppHookRule_MS_VIRTUAL_PC</RuleID>
		<PolicyIndex>0</PolicyIndex>
		<Name>Microsoft Virtual PC</Name>
		<Note/>
		<IsEnabled>true</IsEnabled>
		<IPSHookEnabled>true</IPSHookEnabled>
		<ProcessList>Virtual PC.exe</ProcessList>
	</IPSAppHookRule>
	<IPSAppHookRule>
		<RuleID>IPSAppHookRule_EXCHSRVR_DSAMAIN</RuleID>
		<PolicyIndex>0</PolicyIndex>
		<Name>Exchange Server Directory Service</Name>
		<Note/>
		<IsEnabled>true</IsEnabled>
		<IPSHookEnabled>true</IPSHookEnabled>
		<ProcessList>dsamain.exe</ProcessList>
	</IPSAppHookRule>
	<IPSAppHookRule>
		<RuleID>IPSAppHookRule_EXCHSRVR_IMC</RuleID>
		<PolicyIndex>0</PolicyIndex>
		<Name>Exchange Server Internet Mail Connector</Name>
		<Note/>
		<IsEnabled>true</IsEnabled>
		<IPSHookEnabled>true</IPSHookEnabled>
		<ProcessList>msexcimc.exe</ProcessList>
	</IPSAppHookRule>
	<IPSAppHookRule>
		<RuleID>IPSAppHookRule_MS_HELPCTR</RuleID>
		<PolicyIndex>0</PolicyIndex>
		<Name>Microsoft Help and Support Center</Name>
		<Note/>
		<IsEnabled>true</IsEnabled>
		<IPSHookEnabled>true</IPSHookEnabled>
		<ProcessList>helpctr.exe|helpsvc.exe</ProcessList>
	</IPSAppHookRule>
	<IPSAppHookRule>
		<RuleID>IPSAppHookRule_MS_SPOOLSS</RuleID>
		<PolicyIndex>0</PolicyIndex>
		<Name>Microsoft Printer Spooler Subsystem</Name>
		<Note/>
		<IsEnabled>true</IsEnabled>
		<IPSHookEnabled>true</IPSHookEnabled>
		<ProcessList>spoolss.exe</ProcessList>
	</IPSAppHookRule>
	<IPSAppHookRule>
		<RuleID>IPSAppHookRule_MS_DIALER</RuleID>
		<PolicyIndex>0</PolicyIndex>
		<Name>Microsoft Phone Dialing Application</Name>
		<Note/>
		<IsEnabled>true</IsEnabled>
		<IPSHookEnabled>true</IPSHookEnabled>
		<ProcessList>dialer.exe</ProcessList>
	</IPSAppHookRule>
	<IPSAppHookRule>
		<RuleID>IPSAppHookRule_MS_RASMAN</RuleID>
		<PolicyIndex>0</PolicyIndex>
		<Name>Microsoft Remote Access Service</Name>
		<Note/>
		<IsEnabled>true</IsEnabled>
		<IPSHookEnabled>true</IPSHookEnabled>
		<ProcessList>rasman.exe|rasphone.exe</ProcessList>
	</IPSAppHookRule>
	<IPSAppHookRule>
		<RuleID>IPSAppHookRule_MSRPC_LOCATOR</RuleID>
		<PolicyIndex>0</PolicyIndex>
		<Name>Microsoft RPC Locator</Name>
		<Note/>
		<IsEnabled>true</IsEnabled>
		<IPSHookEnabled>true</IPSHookEnabled>
		<ProcessList>locator.exe</ProcessList>
	</IPSAppHookRule>
	<IPSAppHookRule>
		<RuleID>IPSAppHookRule_ALG</RuleID>
		<PolicyIndex>0</PolicyIndex>
		<Name>Application Layer Gateway Service</Name>
		<Note/>
		<IsEnabled>true</IsEnabled>
		<IPSHookEnabled>true</IPSHookEnabled>
		<ProcessList>alg.exe</ProcessList>
	</IPSAppHookRule>
	<IPSAppHookRule>
		<RuleID>IPSAppHookRule_CLIP</RuleID>
		<PolicyIndex>0</PolicyIndex>
		<Name>Microsoft Clipboard-Server</Name>
		<Note/>
		<IsEnabled>true</IsEnabled>
		<IPSHookEnabled>true</IPSHookEnabled>
		<ProcessList>clipsrv.exe</ProcessList>
	</IPSAppHookRule>
	<IPSAppHookRule>
		<RuleID>IPSAppHookRule_DFS</RuleID>
		<PolicyIndex>0</PolicyIndex>
		<Name>Distributed File System</Name>
		<Note/>
		<IsEnabled>true</IsEnabled>
		<IPSHookEnabled>true</IPSHookEnabled>
		<ProcessList>dfssvc.exe</ProcessList>
	</IPSAppHookRule>
	<IPSAppHookRule>
		<RuleID>IPSAppHookRule_FRS</RuleID>
		<PolicyIndex>0</PolicyIndex>
		<Name>File Replication Service</Name>
		<Note/>
		<IsEnabled>true</IsEnabled>
		<IPSHookEnabled>true</IPSHookEnabled>
		<ProcessList>ntfrs.exe</ProcessList>
	</IPSAppHookRule>
	<IPSAppHookRule>
		<RuleID>IPSAppHookRule_MCIS</RuleID>
		<PolicyIndex>0</PolicyIndex>
		<Name>Microsoft Content Index Service</Name>
		<Note/>
		<IsEnabled>true</IsEnabled>
		<IPSHookEnabled>true</IPSHookEnabled>
		<ProcessList>cisvc.exe</ProcessList>
	</IPSAppHookRule>
	<IPSAppHookRule>
		<RuleID>IPSAppHookRule_IMAPICD</RuleID>
		<PolicyIndex>0</PolicyIndex>
		<Name>IMAPI CD-Burning COM Service</Name>
		<Note/>
		<IsEnabled>true</IsEnabled>
		<IPSHookEnabled>true</IPSHookEnabled>
		<ProcessList>imapi.exe</ProcessList>
	</IPSAppHookRule>
	<IPSAppHookRule>
		<RuleID>IPSAppHookRule_MSIM</RuleID>
		<PolicyIndex>0</PolicyIndex>
		<Name>Microsoft Server Intersite Messaging</Name>
		<Note/>
		<IsEnabled>true</IsEnabled>
		<IPSHookEnabled>true</IPSHookEnabled>
		<ProcessList>ismserv.exe</ProcessList>
	</IPSAppHookRule>
	<IPSAppHookRule>
		<RuleID>IPSAppHookRule_DMADMIN</RuleID>
		<PolicyIndex>0</PolicyIndex>
		<Name>Logical Disk Manager Administrative Service</Name>
		<Note/>
		<IsEnabled>true</IsEnabled>
		<IPSHookEnabled>true</IPSHookEnabled>
		<ProcessList>dmadmin.exe</ProcessList>
	</IPSAppHookRule>
	<IPSAppHookRule>
		<RuleID>IPSAppHookRule_MLAS</RuleID>
		<PolicyIndex>0</PolicyIndex>
		<Name>Microsoft Logs and Alerts Service</Name>
		<Note/>
		<IsEnabled>true</IsEnabled>
		<IPSHookEnabled>true</IPSHookEnabled>
		<ProcessList>smlogsvc.exe</ProcessList>
	</IPSAppHookRule>
	<IPSAppHookRule>
		<RuleID>IPSAppHookRule_SESSMGR</RuleID>
		<PolicyIndex>0</PolicyIndex>
		<Name>Microsoft Remote Desktop Help Session Manager</Name>
		<Note/>
		<IsEnabled>true</IsEnabled>
		<IPSHookEnabled>true</IPSHookEnabled>
		<ProcessList>sessmgr.exe</ProcessList>
	</IPSAppHookRule>
	<IPSAppHookRule>
		<RuleID>IPSAppHookRule_JAVAWS</RuleID>
		<PolicyIndex>0</PolicyIndex>
		<Name>Java Web Start</Name>
		<Note/>
		<IsEnabled>true</IsEnabled>
		<IPSHookEnabled>true</IPSHookEnabled>
		<ProcessList>javaws.exe</ProcessList>
	</IPSAppHookRule>
	<IPSAppHookRule>
		<RuleID>IPSAppHookRule_SEAMONKEY</RuleID>
		<PolicyIndex>0</PolicyIndex>
		<Name>SeaMonkey Browser</Name>
		<Note/>
		<IsEnabled>true</IsEnabled>
		<IPSHookEnabled>true</IPSHookEnabled>
		<ProcessList>SeaMonkey.exe</ProcessList>
	</IPSAppHookRule>
	<IPSAppHookRule>
		<RuleID>IPSAppHookRule_MCSHIELD</RuleID>
		<PolicyIndex>0</PolicyIndex>
		<Name>McAfee Virusscan</Name>
		<Note/>
		<IsEnabled>true</IsEnabled>
		<IPSHookEnabled>false</IPSHookEnabled>
		<ProcessList>Mcshield.exe</ProcessList>
	</IPSAppHookRule>
	<IPSAppHookRule>
		<RuleID>IPSAppHookRule_TBIRD</RuleID>
		<PolicyIndex>0</PolicyIndex>
		<Name>Mozilla Thunderbird</Name>
		<Note/>
		<IsEnabled>true</IsEnabled>
		<IPSHookEnabled>true</IPSHookEnabled>
		<ProcessList>thunderbird.exe</ProcessList>
	</IPSAppHookRule>
	<IPSAppHookRule>
		<RuleID>IPSAppHookRule_OPERA</RuleID>
		<PolicyIndex>0</PolicyIndex>
		<Name>Opera Browser</Name>
		<Note/>
		<IsEnabled>true</IsEnabled>
		<IPSHookEnabled>true</IPSHookEnabled>
		<ProcessList>opera.exe</ProcessList>
	</IPSAppHookRule>
	<IPSAppHookRule>
		<RuleID>IPSAppHookRule_YAHOOMSG</RuleID>
		<PolicyIndex>0</PolicyIndex>
		<Name>Yahoo Messenger</Name>
		<Note/>
		<IsEnabled>true</IsEnabled>
		<IPSHookEnabled>true</IPSHookEnabled>
		<ProcessList>yahoomessenger.exe</ProcessList>
	</IPSAppHookRule>
	<IPSAppHookRule>
		<RuleID>IPSAppHookRule_SMARTCARD</RuleID>
		<PolicyIndex>0</PolicyIndex>
		<Name>Smart Card Server</Name>
		<Note/>
		<IsEnabled>true</IsEnabled>
		<IPSHookEnabled>true</IPSHookEnabled>
		<ProcessList>scardsvr.exe</ProcessList>
	</IPSAppHookRule>
	<IPSAppHookRule>
		<RuleID>IPSAppHookRule_TELNETSVR</RuleID>
		<PolicyIndex>0</PolicyIndex>
		<Name>Telnet Server</Name>
		<Note/>
		<IsEnabled>true</IsEnabled>
		<IPSHookEnabled>true</IPSHookEnabled>
		<ProcessList>tlntsvr.exe</ProcessList>
	</IPSAppHookRule>
	<IPSAppHookRule>
		<RuleID>IPSAppHookRule_UPS</RuleID>
		<PolicyIndex>0</PolicyIndex>
		<Name>Uninterruptible Power Supply Service</Name>
		<Note/>
		<IsEnabled>true</IsEnabled>
		<IPSHookEnabled>true</IPSHookEnabled>
		<ProcessList>ups.exe</ProcessList>
	</IPSAppHookRule>
	<IPSAppHookRule>
		<RuleID>IPSAppHookRule_VOLSHADOWCP</RuleID>
		<PolicyIndex>0</PolicyIndex>
		<Name>Volume Shadow Copy</Name>
		<Note/>
		<IsEnabled>true</IsEnabled>
		<IPSHookEnabled>true</IPSHookEnabled>
		<ProcessList>vssvc.exe</ProcessList>
	</IPSAppHookRule>
	<IPSAppHookRule>
		<RuleID>IPSAppHookRule_MSIEXEC</RuleID>
		<PolicyIndex>0</PolicyIndex>
		<Name>Microsoft Installer</Name>
		<Note/>
		<IsEnabled>true</IsEnabled>
		<IPSHookEnabled>true</IPSHookEnabled>
		<ProcessList>msiexec.exe</ProcessList>
	</IPSAppHookRule>
	<IPSAppHookRule>
		<RuleID>IPSAppHookRule_WMI</RuleID>
		<PolicyIndex>0</PolicyIndex>
		<Name>Windows Management Instrumentation Application Service</Name>
		<Note/>
		<IsEnabled>true</IsEnabled>
		<IPSHookEnabled>true</IPSHookEnabled>
		<ProcessList>wmiapsrv.exe</ProcessList>
	</IPSAppHookRule>
	<IPSAppHookRule>
		<RuleID>IPSAppHookRule_QOSRSVP</RuleID>
		<PolicyIndex>0</PolicyIndex>
		<Name>QoS RSVP</Name>
		<Note/>
		<IsEnabled>true</IsEnabled>
		<IPSHookEnabled>true</IPSHookEnabled>
		<ProcessList>rsvp.exe</ProcessList>
	</IPSAppHookRule>
	<IPSAppHookRule>
		<RuleID>IPSAppHookRule_UTILMNGR</RuleID>
		<PolicyIndex>0</PolicyIndex>
		<Name>Utility Manager</Name>
		<Note/>
		<IsEnabled>true</IsEnabled>
		<IPSHookEnabled>true</IPSHookEnabled>
		<ProcessList>utilman.exe</ProcessList>
	</IPSAppHookRule>
	<IPSAppHookRule>
		<RuleID>IPSAppHookRule_KODAKPRV</RuleID>
		<PolicyIndex>0</PolicyIndex>
		<Name>Kodak Preview</Name>
		<Note/>
		<IsEnabled>true</IsEnabled>
		<IPSHookEnabled>true</IPSHookEnabled>
		<ProcessList>kodakprv.exe</ProcessList>
	</IPSAppHookRule>
	<IPSAppHookRule>
		<RuleID>IPSAppHookRule_BAOFENG</RuleID>
		<PolicyIndex>0</PolicyIndex>
		<Name>BaoFeng Storm Player</Name>
		<Note/>
		<IsEnabled>true</IsEnabled>
		<IPSHookEnabled>true</IPSHookEnabled>
		<ProcessList>storm.exe</ProcessList>
	</IPSAppHookRule>
	<IPSAppHookRule>
		<RuleID>IPSAppHookRule_WINVISTAMAIL</RuleID>
		<PolicyIndex>0</PolicyIndex>
		<Name>Windows Vista Mail</Name>
		<Note/>
		<IsEnabled>true</IsEnabled>
		<IPSHookEnabled>true</IPSHookEnabled>
		<ProcessList>winmail.exe</ProcessList>
	</IPSAppHookRule>
	<IPSAppHookRule>
		<RuleID>IPSAppHookRule_MFE_EBSADMIN</RuleID>
		<PolicyIndex>0</PolicyIndex>
		<Name>McAfee E-Business Server Admin Service</Name>
		<Note/>
		<IsEnabled>true</IsEnabled>
		<IPSHookEnabled>true</IPSHookEnabled>
		<ProcessList>ebsadmin.exe</ProcessList>
	</IPSAppHookRule>
	<IPSAppHookRule>
		<RuleID>IPSAppHookRule_TERMSVC</RuleID>
		<PolicyIndex>0</PolicyIndex>
		<Name>Terminal Services</Name>
		<Note/>
		<IsEnabled>true</IsEnabled>
		<IPSHookEnabled>true</IPSHookEnabled>
		<ProcessList>termsrv.exe</ProcessList>
	</IPSAppHookRule>
	<IPSAppHookRule>
		<RuleID>IPSAppHookRule_W3WP</RuleID>
		<PolicyIndex>0</PolicyIndex>
		<Name>Microsoft IIS Worker Process</Name>
		<Note/>
		<IsEnabled>true</IsEnabled>
		<IPSHookEnabled>true</IPSHookEnabled>
		<ProcessList>w3wp.exe</ProcessList>
	</IPSAppHookRule>
	<IPSAppHookRule>
		<RuleID>IPSAppHookRule_RMTREGSVC</RuleID>
		<PolicyIndex>0</PolicyIndex>
		<Name>Remote Registry Service</Name>
		<Note/>
		<IsEnabled>true</IsEnabled>
		<IPSHookEnabled>true</IPSHookEnabled>
		<ProcessList>regsvc.exe</ProcessList>
	</IPSAppHookRule>
	<IPSAppHookRule>
		<RuleID>IPSAppHookRule_VSTUDIO</RuleID>
		<PolicyIndex>0</PolicyIndex>
		<Name>Visual Studio</Name>
		<Note/>
		<IsEnabled>true</IsEnabled>
		<IPSHookEnabled>true</IPSHookEnabled>
		<ProcessList>devenv.exe</ProcessList>
	</IPSAppHookRule>
	<IPSAppHookRule>
		<RuleID>IPSAppHookRule_WINMGMT</RuleID>
		<PolicyIndex>0</PolicyIndex>
		<Name>Windows Management Instrumentation</Name>
		<Note/>
		<IsEnabled>true</IsEnabled>
		<IPSHookEnabled>true</IPSHookEnabled>
		<ProcessList>winmgmt.exe</ProcessList>
	</IPSAppHookRule>
	<IPSAppHookRule>
		<RuleID>IPSAppHookRule_SOFFICEBIN</RuleID>
		<PolicyIndex>0</PolicyIndex>
		<Name>OpenOffice.org (soffice.bin)</Name>
		<Note/>
		<IsEnabled>true</IsEnabled>
		<IPSHookEnabled>true</IPSHookEnabled>
		<ProcessList>soffice.bin</ProcessList>
	</IPSAppHookRule>
	<IPSAppHookRule>
		<RuleID>IPSAppHookRule_SOFFICEEXE</RuleID>
		<PolicyIndex>0</PolicyIndex>
		<Name>OpenOffice.org (soffice.exe)</Name>
		<Note/>
		<IsEnabled>true</IsEnabled>
		<IPSHookEnabled>true</IPSHookEnabled>
		<ProcessList>soffice.exe</ProcessList>
	</IPSAppHookRule>
	<IPSAppHookRule>
		<RuleID>IPSAppHookRule_ITUNES</RuleID>
		<PolicyIndex>0</PolicyIndex>
		<Name>Apple iTunes</Name>
		<Note/>
		<IsEnabled>true</IsEnabled>
		<IPSHookEnabled>true</IPSHookEnabled>
		<ProcessList>iTunes.exe</ProcessList>
	</IPSAppHookRule>
	<IPSAppHookRule>
		<RuleID>IPSAppHookRule_VMWAREVMX</RuleID>
		<PolicyIndex>0</PolicyIndex>
		<Name>VMWare Virtual Machine</Name>
		<Note/>
		<IsEnabled>true</IsEnabled>
		<IPSHookEnabled>true</IPSHookEnabled>
		<ProcessList>vmware-vmx.exe</ProcessList>
	</IPSAppHookRule>
	<IPSAppHookRule>
		<RuleID>IPSAppHookRule_ACROBAT</RuleID>
		<PolicyIndex>0</PolicyIndex>
		<Name>Adobe Acrobat</Name>
		<Note/>
		<IsEnabled>true</IsEnabled>
		<IPSHookEnabled>true</IPSHookEnabled>
		<ProcessList>acrobat.exe</ProcessList>
	</IPSAppHookRule>
	<IPSAppHookRule>
		<RuleID>IPSAppHookRule_REALPLAY</RuleID>
		<PolicyIndex>0</PolicyIndex>
		<Name>RealPlayer</Name>
		<Note/>
		<IsEnabled>true</IsEnabled>
		<IPSHookEnabled>true</IPSHookEnabled>
		<ProcessList>realplay.exe</ProcessList>
	</IPSAppHookRule>
	<IPSAppHookRule>
		<RuleID>IPSAppHookRule_TRILLIAN</RuleID>
		<PolicyIndex>0</PolicyIndex>
		<Name>Trillian</Name>
		<Note/>
		<IsEnabled>true</IsEnabled>
		<IPSHookEnabled>true</IPSHookEnabled>
		<ProcessList>trillian.exe</ProcessList>
	</IPSAppHookRule>
	<IPSAppHookRule>
		<RuleID>IPSAppHookRule_WINAMP</RuleID>
		<PolicyIndex>0</PolicyIndex>
		<Name>Winamp</Name>
		<Note/>
		<IsEnabled>true</IsEnabled>
		<IPSHookEnabled>true</IPSHookEnabled>
		<ProcessList>winamp.exe</ProcessList>
	</IPSAppHookRule>
	<IPSAppHookRule>
		<RuleID>IPSAppHookRule_MSNMSGR</RuleID>
		<PolicyIndex>0</PolicyIndex>
		<Name>MSN Messenger</Name>
		<Note/>
		<IsEnabled>true</IsEnabled>
		<IPSHookEnabled>true</IPSHookEnabled>
		<ProcessList>msnmsgr.exe</ProcessList>
	</IPSAppHookRule>
	<IPSAppHookRule>
		<RuleID>IPSAppHookRule_VISTAGADGETS</RuleID>
		<PolicyIndex>0</PolicyIndex>
		<Name>Vista Gadget Sidebar</Name>
		<Note/>
		<IsEnabled>true</IsEnabled>
		<IPSHookEnabled>true</IPSHookEnabled>
		<ProcessList>sidebar.exe</ProcessList>
	</IPSAppHookRule>
	<IPSAppHookRule>
		<RuleID>IPSAppHookRule_PHOTOSHOP</RuleID>
		<PolicyIndex>0</PolicyIndex>
		<Name>Adobe Photoshop</Name>
		<Note/>
		<IsEnabled>true</IsEnabled>
		<IPSHookEnabled>true</IPSHookEnabled>
		<ProcessList>photoshop.exe</ProcessList>
	</IPSAppHookRule>
	<IPSAppHookRule>
		<RuleID>IPSAppHookRule_VLCMEDIAPLAY</RuleID>
		<PolicyIndex>0</PolicyIndex>
		<Name>VLC Media Player</Name>
		<Note/>
		<IsEnabled>true</IsEnabled>
		<IPSHookEnabled>true</IPSHookEnabled>
		<ProcessList>vlc.exe</ProcessList>
	</IPSAppHookRule>
	<IPSAppHookRule>
		<RuleID>IPSAppHookRule_MACHINEDEBUG</RuleID>
		<PolicyIndex>0</PolicyIndex>
		<Name>Machine Debug Manager</Name>
		<Note/>
		<IsEnabled>true</IsEnabled>
		<IPSHookEnabled>true</IPSHookEnabled>
		<ProcessList>mdm.exe</ProcessList>
	</IPSAppHookRule>
	<IPSAppHookRule>
		<RuleID>IPSAppHookRule_AOLRADIOCTL</RuleID>
		<PolicyIndex>0</PolicyIndex>
		<Name>AOL Radio Playback Control</Name>
		<Note/>
		<IsEnabled>true</IsEnabled>
		<IPSHookEnabled>true</IPSHookEnabled>
		<ProcessList>AOLMediaPlaybackControl.exe</ProcessList>
	</IPSAppHookRule>
	<IPSAppHookRule>
		<RuleID>IPSAppHookRule_ALBUMSTART</RuleID>
		<PolicyIndex>0</PolicyIndex>
		<Name>Adobe Album Starter Edition</Name>
		<Note/>
		<IsEnabled>true</IsEnabled>
		<IPSHookEnabled>true</IPSHookEnabled>
		<ProcessList>Photoshop Album Starter Edition.exe</ProcessList>
	</IPSAppHookRule>
	<IPSAppHookRule>
		<RuleID>IPSAppHookRule_FOXITREADER</RuleID>
		<PolicyIndex>0</PolicyIndex>
		<Name>Foxit Reader</Name>
		<Note/>
		<IsEnabled>true</IsEnabled>
		<IPSHookEnabled>true</IPSHookEnabled>
		<ProcessList>Foxit Reader.exe</ProcessList>
	</IPSAppHookRule>
	<IPSAppHookRule>
		<RuleID>IPSAppHookRule_FLASHPLAYER</RuleID>
		<PolicyIndex>0</PolicyIndex>
		<Name>Adobe Flash Player</Name>
		<Note/>
		<IsEnabled>true</IsEnabled>
		<IPSHookEnabled>true</IPSHookEnabled>
		<ProcessList>FlashPlayer.exe</ProcessList>
	</IPSAppHookRule>
	<IPSAppHookRule>
		<RuleID>IPSAppHookRule_APACHE</RuleID>
		<PolicyIndex>0</PolicyIndex>
		<Name>Apache Web service</Name>
		<Note/>
		<IsEnabled>true</IsEnabled>
		<IPSHookEnabled>true</IPSHookEnabled>
		<ProcessList>httpd.exe|Apache.exe</ProcessList>
	</IPSAppHookRule>
	<IPSAppHookRule>
		<RuleID>IPSAppHookRule_MOVIE_MAKER</RuleID>
		<PolicyIndex>0</PolicyIndex>
		<Name>Windows Movie Maker</Name>
		<Note/>
		<IsEnabled>true</IsEnabled>
		<IPSHookEnabled>true</IPSHookEnabled>
		<ProcessList>moviemk.exe</ProcessList>
	</IPSAppHookRule>
	<IPSAppHookRule>
		<RuleID>IPSAppHookRule_REGEDIT</RuleID>
		<PolicyIndex>0</PolicyIndex>
		<Name>Registry Editor</Name>
		<Note/>
		<IsEnabled>true</IsEnabled>
		<IPSHookEnabled>true</IPSHookEnabled>
		<ProcessList>regedit.exe</ProcessList>
	</IPSAppHookRule>
	<IPSAppHookRule>
		<RuleID>IPSAppHookRule_MEDIA_SERVER</RuleID>
		<PolicyIndex>0</PolicyIndex>
		<Name>Windows Media Service</Name>
		<Note/>
		<IsEnabled>true</IsEnabled>
		<IPSHookEnabled>true</IPSHookEnabled>
		<ProcessList>nsum.exe</ProcessList>
	</IPSAppHookRule>
	<IPSAppHookRule>
		<RuleID>IPSAppHookRule_WMPNETWK</RuleID>
		<PolicyIndex>0</PolicyIndex>
		<Name>Windows Media Network Sharing Service</Name>
		<Note/>
		<IsEnabled>true</IsEnabled>
		<IPSHookEnabled>true</IPSHookEnabled>
		<ProcessList>wmpnetwk.exe</ProcessList>
	</IPSAppHookRule>
	<IPSAppHookRule>
		<RuleID>IPSAppHookRule_SAFARI</RuleID>
		<PolicyIndex>0</PolicyIndex>
		<Name>Apple Safari</Name>
		<Note/>
		<IsEnabled>true</IsEnabled>
		<IPSHookEnabled>true</IPSHookEnabled>
		<ProcessList>safari.exe</ProcessList>
	</IPSAppHookRule>
	<IPSAppHookRule>
		<RuleID>IPSAppHookRule_CHROME</RuleID>
		<PolicyIndex>0</PolicyIndex>
		<Name>Google Chrome</Name>
		<Note/>
		<IsEnabled>true</IsEnabled>
		<IPSHookEnabled>true</IPSHookEnabled>
		<ProcessList>chrome.exe</ProcessList>
	</IPSAppHookRule>
	<IPSAppHookRule>
		<RuleID>IPSAppHookRule_FXSCOVER</RuleID>
		<PolicyIndex>0</PolicyIndex>
		<Name>Microsoft Fax Cover Page Editor</Name>
		<Note/>
		<IsEnabled>true</IsEnabled>
		<IPSHookEnabled>true</IPSHookEnabled>
		<ProcessList>fxscover.exe</ProcessList>
	</IPSAppHookRule>
	<IPSAppHookRule>
		<RuleID>IPSAppHookRule_JAVA</RuleID>
		<PolicyIndex>0</PolicyIndex>
		<Name>Java Platform SE binary</Name>
		<Note/>
		<IsEnabled>true</IsEnabled>
		<IPSHookEnabled>true</IPSHookEnabled>
		<ProcessList>java.exe</ProcessList>
	</IPSAppHookRule>
	<IPSAppHookRule>
		<RuleID>IPSAppHookRule_SYMPCANYWHERE</RuleID>
		<PolicyIndex>0</PolicyIndex>
		<Name>pcAnywhere Host</Name>
		<Note/>
		<IsEnabled>true</IsEnabled>
		<IPSHookEnabled>true</IPSHookEnabled>
		<ProcessList>awhost32.exe</ProcessList>
	</IPSAppHookRule>
	<IPSAppHookRule>
		<RuleID>IPSAppHookRule_DLPENDPOINT</RuleID>
		<PolicyIndex>0</PolicyIndex>
		<Name>DLP Endpoint</Name>
		<Note/>
		<IsEnabled>true</IsEnabled>
		<IPSHookEnabled>true</IPSHookEnabled>
		<ProcessList>fcagte.exe</ProcessList>
	</IPSAppHookRule>
	<IPSAppHookRule>
		<RuleID>IPSAppHookRule_FIREFOXPLUGINS</RuleID>
		<PolicyIndex>0</PolicyIndex>
		<Name>Plugin Container for Firefox</Name>
		<Note/>
		<IsEnabled>true</IsEnabled>
		<IPSHookEnabled>true</IPSHookEnabled>
		<ProcessList>plugin-container.exe</ProcessList>
	</IPSAppHookRule>
	<IPSAppHookRule>
		<RuleID>IPSAppHookRule_DOTNETFRAMEWORKHOST</RuleID>
		<PolicyIndex>0</PolicyIndex>
		<Name>.Net Framework Host</Name>
		<Note/>
		<IsEnabled>true</IsEnabled>
		<IPSHookEnabled>true</IPSHookEnabled>
		<ProcessList>PresentationHost.exe</ProcessList>
	</IPSAppHookRule>
	<IPSAppHookRule>
		<RuleID>IPSAppHookRule_JAVAW</RuleID>
		<PolicyIndex>0</PolicyIndex>
		<Name>Java(TM) Platform SE binary</Name>
		<Note/>
		<IsEnabled>true</IsEnabled>
		<IPSHookEnabled>true</IPSHookEnabled>
		<ProcessList>javaw.exe</ProcessList>
	</IPSAppHookRule>
	<IPSAppHookRule>
		<RuleID>IPSAppHookRule_ADOBECOLLABSYNC</RuleID>
		<PolicyIndex>0</PolicyIndex>
		<Name>Adobe Collaboration Synchronizer</Name>
		<Note/>
		<IsEnabled>true</IsEnabled>
		<IPSHookEnabled>true</IPSHookEnabled>
		<ProcessList>AdobeCollabSync.exe</ProcessList>
	</IPSAppHookRule>
</IPS_Hooking_Whitelist>