<?xml version="1.0" encoding="UTF-8"?>
<IPS_Hooking_Whitelist xmlns="http://www.mcafee.com/namespace" xmlns:xsi="http://www.w3.org/2001/XMLSchema-instance" xsi:schemaLocation="http://www.mcafee.com/namespace
.\ips_hooking_whitelist_8.xsd">
	<IPSAppHookRule>
		<RuleID>IPSAppHookRule_MSIE</RuleID>
		<UUID>b5472c60-4e8d-11df-9879-0800200c9a66</UUID>
		<Name>Microsoft Internet Explorer</Name>
		<Note>iexplore.exe</Note>
		<IsEnabled>true</IsEnabled>
		<IPSHookEnabled>true</IPSHookEnabled>
		<ProcessList>
			<Process>
				<Path>**\iexplore.exe</Path>
				<FileDescription/>
				<Signer/>
				<FingerPrint/>
			</Process>
		</ProcessList>
	</IPSAppHookRule>
	<IPSAppHookRule>
		<RuleID>IPSAppHookRule_MSIMN</RuleID>
		<UUID>b5472c61-4e8d-11df-9879-0800200c9a66</UUID>
		<Name>Microsoft Outlook Express</Name>
		<Note>msimn.exe</Note>
		<IsEnabled>true</IsEnabled>
		<IPSHookEnabled>true</IPSHookEnabled>
		<ProcessList>
			<Process>
				<Path>**\msimn.exe</Path>
				<FileDescription/>
				<Signer/>
				<FingerPrint/>
			</Process>
		</ProcessList>
	</IPSAppHookRule>
	<IPSAppHookRule>
		<RuleID>IPSAppHookRule_SVCHOST</RuleID>
		<UUID>b5472c62-4e8d-11df-9879-0800200c9a66</UUID>
		<Name>Microsoft Application Hosting Services</Name>
		<Note>svchost.exe</Note>
		<IsEnabled>true</IsEnabled>
		<IPSHookEnabled>true</IPSHookEnabled>
		<ProcessList>
			<Process>
				<Path>**\svchost.exe</Path>
				<FileDescription/>
				<Signer/>
				<FingerPrint/>
			</Process>
		</ProcessList>
	</IPSAppHookRule>
	<IPSAppHookRule>
		<RuleID>IPSAppHookRule_RUNDLL32</RuleID>
		<UUID>b5472c63-4e8d-11df-9879-0800200c9a66</UUID>
		<Name>Microsoft Run a DLL as an App</Name>
		<Note>rundll32.exe</Note>
		<IsEnabled>true</IsEnabled>
		<IPSHookEnabled>true</IPSHookEnabled>
		<ProcessList>
			<Process>
				<Path>**\rundll32.exe</Path>
				<FileDescription/>
				<Signer/>
				<FingerPrint/>
			</Process>
		</ProcessList>
	</IPSAppHookRule>
	<IPSAppHookRule>
		<RuleID>IPSAppHookRule_EXPLORER</RuleID>
		<UUID>b5472c64-4e8d-11df-9879-0800200c9a66</UUID>
		<Name>Microsoft Windows Explorer</Name>
		<Note>explorer.exe</Note>
		<IsEnabled>true</IsEnabled>
		<IPSHookEnabled>true</IPSHookEnabled>
		<ProcessList>
			<Process>
				<Path>**\explorer.exe</Path>
				<FileDescription/>
				<Signer/>
				<FingerPrint/>
			</Process>
		</ProcessList>
	</IPSAppHookRule>
	<IPSAppHookRule>
		<RuleID>IPSAppHookRule_MAPISP32</RuleID>
		<UUID>b5472c65-4e8d-11df-9879-0800200c9a66</UUID>
		<Name>Microsoft Outlook component</Name>
		<Note>mapisp32.exe</Note>
		<IsEnabled>true</IsEnabled>
		<IPSHookEnabled>true</IPSHookEnabled>
		<ProcessList>
			<Process>
				<Path>**\mapisp32.exe</Path>
				<FileDescription/>
				<Signer/>
				<FingerPrint/>
			</Process>
		</ProcessList>
	</IPSAppHookRule>
	<IPSAppHookRule>
		<RuleID>IPSAppHookRule_FTP</RuleID>
		<UUID>b5472c66-4e8d-11df-9879-0800200c9a66</UUID>
		<Name>Microsoft FTP Client</Name>
		<Note>ftp.exe</Note>
		<IsEnabled>true</IsEnabled>
		<IPSHookEnabled>true</IPSHookEnabled>
		<ProcessList>
			<Process>
				<Path>**\ftp.exe</Path>
				<FileDescription/>
				<Signer/>
				<FingerPrint/>
			</Process>
		</ProcessList>
	</IPSAppHookRule>
	<IPSAppHookRule>
		<RuleID>IPSAppHookRule_SERVICES</RuleID>
		<UUID>b5472c67-4e8d-11df-9879-0800200c9a66</UUID>
		<Name>Microsoft Windows Services</Name>
		<Note>services.exe</Note>
		<IsEnabled>true</IsEnabled>
		<IPSHookEnabled>true</IPSHookEnabled>
		<ProcessList>
			<Process>
				<Path>**\services.exe</Path>
				<FileDescription/>
				<Signer/>
				<FingerPrint/>
			</Process>
		</ProcessList>
	</IPSAppHookRule>
	<IPSAppHookRule>
		<RuleID>IPSAppHookRule_LSASS</RuleID>
		<UUID>b5472c68-4e8d-11df-9879-0800200c9a66</UUID>
		<Name>Microsoft Local Security Authority</Name>
		<Note>lsass.exe</Note>
		<IsEnabled>true</IsEnabled>
		<IPSHookEnabled>true</IPSHookEnabled>
		<ProcessList>
			<Process>
				<Path>**\lsass.exe</Path>
				<FileDescription/>
				<Signer/>
				<FingerPrint/>
			</Process>
		</ProcessList>
	</IPSAppHookRule>
	<IPSAppHookRule>
		<RuleID>IPSAppHookRule_INETINFO</RuleID>
		<UUID>b5472c69-4e8d-11df-9879-0800200c9a66</UUID>
		<Name>Microsoft IIS</Name>
		<Note>inetinfo.exe</Note>
		<IsEnabled>true</IsEnabled>
		<IPSHookEnabled>true</IPSHookEnabled>
		<ProcessList>
			<Process>
				<Path>**\inetinfo.exe</Path>
				<FileDescription/>
				<Signer/>
				<FingerPrint/>
			</Process>
		</ProcessList>
	</IPSAppHookRule>
	<IPSAppHookRule>
		<RuleID>IPSAppHookRule_OUTLOOK</RuleID>
		<UUID>b5472c6a-4e8d-11df-9879-0800200c9a66</UUID>
		<Name>Microsoft Outlook</Name>
		<Note>outlook.exe</Note>
		<IsEnabled>true</IsEnabled>
		<IPSHookEnabled>true</IPSHookEnabled>
		<ProcessList>
			<Process>
				<Path>**\outlook.exe</Path>
				<FileDescription/>
				<Signer/>
				<FingerPrint/>
			</Process>
		</ProcessList>
	</IPSAppHookRule>
	<IPSAppHookRule>
		<RuleID>IPSAppHookRule_WMPLAYER</RuleID>
		<UUID>b5472c6b-4e8d-11df-9879-0800200c9a66</UUID>
		<Name>Microsoft Windows Media Player</Name>
		<Note>wmplayer.exe</Note>
		<IsEnabled>true</IsEnabled>
		<IPSHookEnabled>true</IPSHookEnabled>
		<ProcessList>
			<Process>
				<Path>**\wmplayer.exe</Path>
				<FileDescription/>
				<Signer/>
				<FingerPrint/>
			</Process>
		</ProcessList>
	</IPSAppHookRule>
	<IPSAppHookRule>
		<RuleID>IPSAppHookRule_MPLAYER2</RuleID>
		<UUID>b5472c6c-4e8d-11df-9879-0800200c9a66</UUID>
		<Name>Microsoft Windows Media Player</Name>
		<Note>mplayer2.exe</Note>
		<IsEnabled>true</IsEnabled>
		<IPSHookEnabled>true</IPSHookEnabled>
		<ProcessList>
			<Process>
				<Path>**\mplayer2.exe</Path>
				<FileDescription/>
				<Signer/>
				<FingerPrint/>
			</Process>
		</ProcessList>
	</IPSAppHookRule>
	<IPSAppHookRule>
		<RuleID>IPSAppHookRule_RPCSS</RuleID>
		<UUID>b5472c6d-4e8d-11df-9879-0800200c9a66</UUID>
		<Name>Microsoft Windows RPC Subsystem</Name>
		<Note>rpcss.exe</Note>
		<IsEnabled>true</IsEnabled>
		<IPSHookEnabled>true</IPSHookEnabled>
		<ProcessList>
			<Process>
				<Path>**\rpcss.exe</Path>
				<FileDescription/>
				<Signer/>
				<FingerPrint/>
			</Process>
		</ProcessList>
	</IPSAppHookRule>
	<IPSAppHookRule>
		<RuleID>IPSAppHookRule_MSMSGS</RuleID>
		<UUID>b5472c6e-4e8d-11df-9879-0800200c9a66</UUID>
		<Name>Microsoft Windows Messenger</Name>
		<Note>msmsgs.exe</Note>
		<IsEnabled>true</IsEnabled>
		<IPSHookEnabled>true</IPSHookEnabled>
		<ProcessList>
			<Process>
				<Path>**\msmsgs.exe</Path>
				<FileDescription/>
				<Signer/>
				<FingerPrint/>
			</Process>
		</ProcessList>
	</IPSAppHookRule>
	<IPSAppHookRule>
		<RuleID>IPSAppHookRule_WORD</RuleID>
		<UUID>b5472c6f-4e8d-11df-9879-0800200c9a66</UUID>
		<Name>Microsoft Word</Name>
		<Note>winword.exe</Note>
		<IsEnabled>true</IsEnabled>
		<IPSHookEnabled>true</IPSHookEnabled>
		<ProcessList>
			<Process>
				<Path>**\winword.exe</Path>
				<FileDescription/>
				<Signer/>
				<FingerPrint/>
			</Process>
		</ProcessList>
	</IPSAppHookRule>
	<IPSAppHookRule>
		<RuleID>IPSAppHookRule_EXCEL</RuleID>
		<UUID>b5472c70-4e8d-11df-9879-0800200c9a66</UUID>
		<Name>Microsoft Excel</Name>
		<Note>excel.exe</Note>
		<IsEnabled>true</IsEnabled>
		<IPSHookEnabled>true</IPSHookEnabled>
		<ProcessList>
			<Process>
				<Path>**\excel.exe</Path>
				<FileDescription/>
				<Signer/>
				<FingerPrint/>
			</Process>
		</ProcessList>
	</IPSAppHookRule>
	<IPSAppHookRule>
		<RuleID>IPSAppHookRule_MSTASK</RuleID>
		<UUID>b5472c71-4e8d-11df-9879-0800200c9a66</UUID>
		<Name>Microsoft Scheduled Task Services</Name>
		<Note>mstask.exe</Note>
		<IsEnabled>true</IsEnabled>
		<IPSHookEnabled>true</IPSHookEnabled>
		<ProcessList>
			<Process>
				<Path>**\mstask.exe</Path>
				<FileDescription/>
				<Signer/>
				<FingerPrint/>
			</Process>
		</ProcessList>
	</IPSAppHookRule>
	<IPSAppHookRule>
		<RuleID>IPSAppHookRule_POWERPOINT</RuleID>
		<UUID>b5472c72-4e8d-11df-9879-0800200c9a66</UUID>
		<Name>Microsoft Powerpoint</Name>
		<Note>powerpnt.exe</Note>
		<IsEnabled>true</IsEnabled>
		<IPSHookEnabled>true</IPSHookEnabled>
		<ProcessList>
			<Process>
				<Path>**\powerpnt.exe</Path>
				<FileDescription/>
				<Signer/>
				<FingerPrint/>
			</Process>
		</ProcessList>
	</IPSAppHookRule>
	<IPSAppHookRule>
		<RuleID>IPSAppHookRule_ACCESS</RuleID>
		<UUID>b5472c73-4e8d-11df-9879-0800200c9a66</UUID>
		<Name>Microsoft Access</Name>
		<Note>msaccess.exe</Note>
		<IsEnabled>true</IsEnabled>
		<IPSHookEnabled>true</IPSHookEnabled>
		<ProcessList>
			<Process>
				<Path>**\msaccess.exe</Path>
				<FileDescription/>
				<Signer/>
				<FingerPrint/>
			</Process>
		</ProcessList>
	</IPSAppHookRule>
	<IPSAppHookRule>
		<RuleID>IPSAppHookRule_VISIO</RuleID>
		<UUID>b5472c74-4e8d-11df-9879-0800200c9a66</UUID>
		<Name>Microsoft Visio</Name>
		<Note>visio32.exe|VISIO.EXE</Note>
		<IsEnabled>true</IsEnabled>
		<IPSHookEnabled>true</IPSHookEnabled>
		<ProcessList>
			<Process>
				<Path>**\visio32.exe</Path>
				<FileDescription/>
				<Signer/>
				<FingerPrint/>
			</Process>
			<Process>
				<Path>**\VISIO.EXE</Path>
				<FileDescription/>
				<Signer/>
				<FingerPrint/>
			</Process>
		</ProcessList>
	</IPSAppHookRule>
	<IPSAppHookRule>
		<RuleID>IPSAppHookRule_ONENOTE</RuleID>
		<UUID>b5472c75-4e8d-11df-9879-0800200c9a66</UUID>
		<Name>Microsoft One Note</Name>
		<Note>onenote.exe</Note>
		<IsEnabled>true</IsEnabled>
		<IPSHookEnabled>true</IPSHookEnabled>
		<ProcessList>
			<Process>
				<Path>**\onenote.exe</Path>
				<FileDescription/>
				<Signer/>
				<FingerPrint/>
			</Process>
		</ProcessList>
	</IPSAppHookRule>
	<IPSAppHookRule>
		<RuleID>IPSAppHookRule_FRONTPAGE</RuleID>
		<UUID>b5472c76-4e8d-11df-9879-0800200c9a66</UUID>
		<Name>Microsoft FrontPage</Name>
		<Note>frontpg.exe</Note>
		<IsEnabled>true</IsEnabled>
		<IPSHookEnabled>true</IPSHookEnabled>
		<ProcessList>
			<Process>
				<Path>**\frontpg.exe</Path>
				<FileDescription/>
				<Signer/>
				<FingerPrint/>
			</Process>
		</ProcessList>
	</IPSAppHookRule>
	<IPSAppHookRule>
		<RuleID>IPSAppHookRule_PUBLISHER</RuleID>
		<UUID>b5472c77-4e8d-11df-9879-0800200c9a66</UUID>
		<Name>Microsoft Publisher</Name>
		<Note>mspub.exe</Note>
		<IsEnabled>true</IsEnabled>
		<IPSHookEnabled>true</IPSHookEnabled>
		<ProcessList>
			<Process>
				<Path>**\mspub.exe</Path>
				<FileDescription/>
				<Signer/>
				<FingerPrint/>
			</Process>
		</ProcessList>
	</IPSAppHookRule>
	<IPSAppHookRule>
		<RuleID>IIPSAppHookRule_PROJECT</RuleID>
		<UUID>b5472c78-4e8d-11df-9879-0800200c9a66</UUID>
		<Name>Microsoft Project</Name>
		<Note>winproj.exe</Note>
		<IsEnabled>true</IsEnabled>
		<IPSHookEnabled>true</IPSHookEnabled>
		<ProcessList>
			<Process>
				<Path>**\winproj.exe</Path>
				<FileDescription/>
				<Signer/>
				<FingerPrint/>
			</Process>
		</ProcessList>
	</IPSAppHookRule>
	<IPSAppHookRule>
		<RuleID>IPSAppHookRule_WINUPDATE</RuleID>
		<UUID>b5472c79-4e8d-11df-9879-0800200c9a66</UUID>
		<Name>Microsoft Windows Update</Name>
		<Note>wuauclt.exe</Note>
		<IsEnabled>true</IsEnabled>
		<IPSHookEnabled>true</IPSHookEnabled>
		<ProcessList>
			<Process>
				<Path>**\wuauclt.exe</Path>
				<FileDescription/>
				<Signer/>
				<FingerPrint/>
			</Process>
		</ProcessList>
	</IPSAppHookRule>
	<IPSAppHookRule>
		<RuleID>IPSAppHookRule_SQLSERVER</RuleID>
		<UUID>b5472c7a-4e8d-11df-9879-0800200c9a66</UUID>
		<Name>Microsoft SQL Server</Name>
		<Note>sqlservr.exe</Note>
		<IsEnabled>true</IsEnabled>
		<IPSHookEnabled>true</IPSHookEnabled>
		<ProcessList>
			<Process>
				<Path>**\sqlservr.exe</Path>
				<FileDescription/>
				<Signer/>
				<FingerPrint/>
			</Process>
		</ProcessList>
	</IPSAppHookRule>
	<IPSAppHookRule>
		<RuleID>IPSAppHookRule_DLLHOST</RuleID>
		<UUID>b5472c7b-4e8d-11df-9879-0800200c9a66</UUID>
		<Name>Microsoft DLL Hosting Services</Name>
		<Note>dllhost.exe</Note>
		<IsEnabled>true</IsEnabled>
		<IPSHookEnabled>true</IPSHookEnabled>
		<ProcessList>
			<Process>
				<Path>**\dllhost.exe</Path>
				<FileDescription/>
				<Signer/>
				<FingerPrint/>
			</Process>
		</ProcessList>
	</IPSAppHookRule>
	<IPSAppHookRule>
		<RuleID>IPSAppHookRule_HH</RuleID>
		<UUID>b5472c7d-4e8d-11df-9879-0800200c9a66</UUID>
		<Name>Microsoft HTML Help</Name>
		<Note>hh.exe</Note>
		<IsEnabled>true</IsEnabled>
		<IPSHookEnabled>true</IPSHookEnabled>
		<ProcessList>
			<Process>
				<Path>**\hh.exe</Path>
				<FileDescription/>
				<Signer/>
				<FingerPrint/>
			</Process>
		</ProcessList>
	</IPSAppHookRule>
	<IPSAppHookRule>
		<RuleID>IPSAppHookRule_WORDPAD</RuleID>
		<UUID>b5472c7e-4e8d-11df-9879-0800200c9a66</UUID>
		<Name>Microsoft Wordpad</Name>
		<Note>wordpad.exe</Note>
		<IsEnabled>true</IsEnabled>
		<IPSHookEnabled>true</IPSHookEnabled>
		<ProcessList>
			<Process>
				<Path>**\wordpad.exe</Path>
				<FileDescription/>
				<Signer/>
				<FingerPrint/>
			</Process>
		</ProcessList>
	</IPSAppHookRule>
	<IPSAppHookRule>
		<RuleID>IPSAppHookRule_HYPERTRM</RuleID>
		<UUID>b5472c7f-4e8d-11df-9879-0800200c9a66</UUID>
		<Name>Microsoft HyperTerminal</Name>
		<Note>hypertrm.exe</Note>
		<IsEnabled>true</IsEnabled>
		<IPSHookEnabled>true</IPSHookEnabled>
		<ProcessList>
			<Process>
				<Path>**\hypertrm.exe</Path>
				<FileDescription/>
				<Signer/>
				<FingerPrint/>
			</Process>
		</ProcessList>
	</IPSAppHookRule>
	<IPSAppHookRule>
		<RuleID>IPSAppHookRule_STEPBYSTEP</RuleID>
		<UUID>b5472c80-4e8d-11df-9879-0800200c9a66</UUID>
		<Name>Microsoft Step-by-Step Interactive Training</Name>
		<Note>Lrun32.exe|Mrun32.exe|Orun32.exe</Note>
		<IsEnabled>true</IsEnabled>
		<IPSHookEnabled>true</IPSHookEnabled>
		<ProcessList>
			<Process>
				<Path>**\Lrun32.exe</Path>
				<FileDescription/>
				<Signer/>
				<FingerPrint/>
			</Process>
			<Process>
				<Path>**\Mrun32.exe</Path>
				<FileDescription/>
				<Signer/>
				<FingerPrint/>
			</Process>
			<Process>
				<Path>**\Orun32.exe</Path>
				<FileDescription/>
				<Signer/>
				<FingerPrint/>
			</Process>
		</ProcessList>
	</IPSAppHookRule>
	<IPSAppHookRule>
		<RuleID>IPSAppHookRule_EPO</RuleID>
		<UUID>b5472c81-4e8d-11df-9879-0800200c9a66</UUID>
		<Name>McAfee ePO</Name>
		<Note>frameworkservice.exe|naPrdMgr.exe|SrvMon.exe|NaiMServ.exe|EventParser.exe</Note>
		<IsEnabled>true</IsEnabled>
		<IPSHookEnabled>true</IPSHookEnabled>
		<ProcessList>
			<Process>
				<Path>**\frameworkservice.exe</Path>
				<FileDescription/>
				<Signer/>
				<FingerPrint/>
			</Process>
			<Process>
				<Path>**\naPrdMgr.exe</Path>
				<FileDescription/>
				<Signer/>
				<FingerPrint/>
			</Process>
			<Process>
				<Path>**\SrvMon.exe</Path>
				<FileDescription/>
				<Signer/>
				<FingerPrint/>
			</Process>
			<Process>
				<Path>**\EventParser.exe</Path>
				<FileDescription/>
				<Signer/>
				<FingerPrint/>
			</Process>
			<Process>
				<Path>**\NaiMServ.exe</Path>
				<FileDescription/>
				<Signer/>
				<FingerPrint/>
			</Process>
		</ProcessList>
	</IPSAppHookRule>
	<IPSAppHookRule>
		<RuleID>IPSAppHookRule_GRPCONV</RuleID>
		<UUID>b5472c82-4e8d-11df-9879-0800200c9a66</UUID>
		<Name>Microsoft Windows Program Group Converter</Name>
		<Note>grpconv.exe</Note>
		<IsEnabled>true</IsEnabled>
		<IPSHookEnabled>true</IPSHookEnabled>
		<ProcessList>
			<Process>
				<Path>**\grpconv.exe</Path>
				<FileDescription/>
				<Signer/>
				<FingerPrint/>
			</Process>
		</ProcessList>
	</IPSAppHookRule>
	<IPSAppHookRule>
		<RuleID>IPSAppHookRule_WINLOGON</RuleID>
		<UUID>b5472c83-4e8d-11df-9879-0800200c9a66</UUID>
		<Name>Microsoft Windows Logon Service</Name>
		<Note>winlogon.exe</Note>
		<IsEnabled>true</IsEnabled>
		<IPSHookEnabled>true</IPSHookEnabled>
		<ProcessList>
			<Process>
				<Path>**\winlogon.exe</Path>
				<FileDescription/>
				<Signer/>
				<FingerPrint/>
			</Process>
		</ProcessList>
	</IPSAppHookRule>
	<IPSAppHookRule>
		<RuleID>IPSAppHookRule_PSXSS</RuleID>
		<UUID>b5472c84-4e8d-11df-9879-0800200c9a66</UUID>
		<Name>Microsoft Windows Posix Subsystem</Name>
		<Note>psxss.exe</Note>
		<IsEnabled>true</IsEnabled>
		<IPSHookEnabled>true</IPSHookEnabled>
		<ProcessList>
			<Process>
				<Path>**\psxss.exe</Path>
				<FileDescription/>
				<Signer/>
				<FingerPrint/>
			</Process>
		</ProcessList>
	</IPSAppHookRule>
	<IPSAppHookRule>
		<RuleID>IPSAppHookRule_NETDDE</RuleID>
		<UUID>b5472c85-4e8d-11df-9879-0800200c9a66</UUID>
		<Name>Microsoft Windows Network DDE Service</Name>
		<Note>netdde.exe</Note>
		<IsEnabled>true</IsEnabled>
		<IPSHookEnabled>true</IPSHookEnabled>
		<ProcessList>
			<Process>
				<Path>**\netdde.exe</Path>
				<FileDescription/>
				<Signer/>
				<FingerPrint/>
			</Process>
		</ProcessList>
	</IPSAppHookRule>
	<IPSAppHookRule>
		<RuleID>IPSAppHookRule_WINS</RuleID>
		<UUID>b5472c86-4e8d-11df-9879-0800200c9a66</UUID>
		<Name>Microsoft Windows WINS Service</Name>
		<Note>wins.exe</Note>
		<IsEnabled>true</IsEnabled>
		<IPSHookEnabled>true</IPSHookEnabled>
		<ProcessList>
			<Process>
				<Path>**\wins.exe</Path>
				<FileDescription/>
				<Signer/>
				<FingerPrint/>
			</Process>
		</ProcessList>
	</IPSAppHookRule>
	<IPSAppHookRule>
		<RuleID>IPSAppHookRule_LLSSRV</RuleID>
		<UUID>b5472c87-4e8d-11df-9879-0800200c9a66</UUID>
		<Name>Microsoft Windows License Logging Service</Name>
		<Note>llssrv.exe</Note>
		<IsEnabled>true</IsEnabled>
		<IPSHookEnabled>true</IPSHookEnabled>
		<ProcessList>
			<Process>
				<Path>**\llssrv.exe</Path>
				<FileDescription/>
				<Signer/>
				<FingerPrint/>
			</Process>
		</ProcessList>
	</IPSAppHookRule>
	<IPSAppHookRule>
		<RuleID>IPSAppHookRule_CSRSS</RuleID>
		<UUID>b5472c88-4e8d-11df-9879-0800200c9a66</UUID>
		<Name>Microsoft Windows Win32 Runtime Subsystem</Name>
		<Note>csrss.exe</Note>
		<IsEnabled>true</IsEnabled>
		<IPSHookEnabled>true</IPSHookEnabled>
		<ProcessList>
			<Process>
				<Path>**\csrss.exe</Path>
				<FileDescription/>
				<Signer/>
				<FingerPrint/>
			</Process>
		</ProcessList>
	</IPSAppHookRule>
	<IPSAppHookRule>
		<RuleID>pHookRule_MQSVC</RuleID>
		<UUID>b5472c89-4e8d-11df-9879-0800200c9a66</UUID>
		<Name>Microsoft Windows Message Queueing Service</Name>
		<Note>mqsvc.exe</Note>
		<IsEnabled>true</IsEnabled>
		<IPSHookEnabled>true</IPSHookEnabled>
		<ProcessList>
			<Process>
				<Path>**\mqsvc.exe</Path>
				<FileDescription/>
				<Signer/>
				<FingerPrint/>
			</Process>
		</ProcessList>
	</IPSAppHookRule>
	<IPSAppHookRule>
		<RuleID>IPSAppHookRule_SPOOLSV</RuleID>
		<UUID>b5472c8a-4e8d-11df-9879-0800200c9a66</UUID>
		<Name>Microsoft Windows Printer Spooling Service</Name>
		<Note>spoolsv.exe</Note>
		<IsEnabled>true</IsEnabled>
		<IPSHookEnabled>true</IPSHookEnabled>
		<ProcessList>
			<Process>
				<Path>**\spoolsv.exe</Path>
				<FileDescription/>
				<Signer/>
				<FingerPrint/>
			</Process>
		</ProcessList>
	</IPSAppHookRule>
	<IPSAppHookRule>
		<RuleID>okRule_MSDTC</RuleID>
		<UUID>d2eae580-514f-11df-9879-0800200c9a66</UUID>
		<Name>Microsoft Windows Distributed Transaction Co-ordinator Service</Name>
		<Note>msdtc.exe</Note>
		<IsEnabled>true</IsEnabled>
		<IPSHookEnabled>true</IPSHookEnabled>
		<ProcessList>
			<Process>
				<Path>**\msdtc.exe</Path>
				<FileDescription/>
				<Signer/>
				<FingerPrint/>
			</Process>
		</ProcessList>
	</IPSAppHookRule>
	<IPSAppHookRule>
		<RuleID>IPSAppHookRule_MSPAINT</RuleID>
		<UUID>d2eae581-514f-11df-9879-0800200c9a66</UUID>
		<Name>Microsoft Paint</Name>
		<Note>mspaint.exe</Note>
		<IsEnabled>true</IsEnabled>
		<IPSHookEnabled>true</IPSHookEnabled>
		<ProcessList>
			<Process>
				<Path>**\mspaint.exe</Path>
				<FileDescription/>
				<Signer/>
				<FingerPrint/>
			</Process>
		</ProcessList>
	</IPSAppHookRule>
	<IPSAppHookRule>
		<RuleID>IPSAppHookRule_PPTVIEWER</RuleID>
		<UUID>d2eae582-514f-11df-9879-0800200c9a66</UUID>
		<Name>Microsoft Powerpoint Viewer</Name>
		<Note>pptview.exe</Note>
		<IsEnabled>true</IsEnabled>
		<IPSHookEnabled>true</IPSHookEnabled>
		<ProcessList>
			<Process>
				<Path>**\pptview.exe</Path>
				<FileDescription/>
				<Signer/>
				<FingerPrint/>
			</Process>
		</ProcessList>
	</IPSAppHookRule>
	<IPSAppHookRule>
		<RuleID>IPSAppHookRule_PICTMGR</RuleID>
		<UUID>d2eae583-514f-11df-9879-0800200c9a66</UUID>
		<Name>Microsoft Office Picture Manager</Name>
		<Note>ois.exe</Note>
		<IsEnabled>true</IsEnabled>
		<IPSHookEnabled>true</IPSHookEnabled>
		<ProcessList>
			<Process>
				<Path>**\ois.exe</Path>
				<FileDescription/>
				<Signer/>
				<FingerPrint/>
			</Process>
		</ProcessList>
	</IPSAppHookRule>
	<IPSAppHookRule>
		<RuleID>IPSAppHookRule_Firefox</RuleID>
		<UUID>d2eae584-514f-11df-9879-0800200c9a66</UUID>
		<Name>Firefox</Name>
		<Note>firefox.exe</Note>
		<IsEnabled>true</IsEnabled>
		<IPSHookEnabled>true</IPSHookEnabled>
		<ProcessList>
			<Process>
				<Path>**\firefox.exe</Path>
				<FileDescription/>
				<Signer/>
				<FingerPrint/>
			</Process>
		</ProcessList>
	</IPSAppHookRule>
	<IPSAppHookRule>
		<RuleID>IPSAppHookRule_Mozilla</RuleID>
		<UUID>d2eae585-514f-11df-9879-0800200c9a66</UUID>
		<Name>Mozilla</Name>
		<Note>mozilla.exe</Note>
		<IsEnabled>true</IsEnabled>
		<IPSHookEnabled>true</IPSHookEnabled>
		<ProcessList>
			<Process>
				<Path>**\mozilla.exe</Path>
				<FileDescription/>
				<Signer/>
				<FingerPrint/>
			</Process>
		</ProcessList>
	</IPSAppHookRule>
	<IPSAppHookRule>
		<RuleID>IPSAppHookRule_Netscape</RuleID>
		<UUID>d2eae586-514f-11df-9879-0800200c9a66</UUID>
		<Name>Netscape Browser</Name>
		<Note>netscape.exe|netscp.exe</Note>
		<IsEnabled>true</IsEnabled>
		<IPSHookEnabled>true</IPSHookEnabled>
		<ProcessList>
			<Process>
				<Path>**\netscape.exe</Path>
				<FileDescription/>
				<Signer/>
				<FingerPrint/>
			</Process>
			<Process>
				<Path>**\netscp.exe</Path>
				<FileDescription/>
				<Signer/>
				<FingerPrint/>
			</Process>
		</ProcessList>
	</IPSAppHookRule>
	<IPSAppHookRule>
		<RuleID>IPSAppHookRule_KodakImg</RuleID>
		<UUID>d2eae587-514f-11df-9879-0800200c9a66</UUID>
		<Name>Kodak Imaging</Name>
		<Note>kodakimg.exe</Note>
		<IsEnabled>true</IsEnabled>
		<IPSHookEnabled>true</IPSHookEnabled>
		<ProcessList>
			<Process>
				<Path>**\kodakimg.exe</Path>
				<FileDescription/>
				<Signer/>
				<FingerPrint/>
			</Process>
		</ProcessList>
	</IPSAppHookRule>
	<IPSAppHookRule>
		<RuleID>IPSAppHookRule_MSHTA</RuleID>
		<UUID>d2eae588-514f-11df-9879-0800200c9a66</UUID>
		<Name>Microsoft HTML Application Host</Name>
		<Note>mshta.exe</Note>
		<IsEnabled>true</IsEnabled>
		<IPSHookEnabled>true</IPSHookEnabled>
		<ProcessList>
			<Process>
				<Path>**\mshta.exe</Path>
				<FileDescription/>
				<Signer/>
				<FingerPrint/>
			</Process>
		</ProcessList>
	</IPSAppHookRule>
	<IPSAppHookRule>
		<RuleID>IPSAppHookRule_WORDVIEW</RuleID>
		<UUID>d2eae589-514f-11df-9879-0800200c9a66</UUID>
		<Name>Microsoft Word Viewer</Name>
		<Note>wordview.exe</Note>
		<IsEnabled>true</IsEnabled>
		<IPSHookEnabled>true</IPSHookEnabled>
		<ProcessList>
			<Process>
				<Path>**\wordview.exe</Path>
				<FileDescription/>
				<Signer/>
				<FingerPrint/>
			</Process>
		</ProcessList>
	</IPSAppHookRule>
	<IPSAppHookRule>
		<RuleID>IPSAppHookRule_EXCELVIEW</RuleID>
		<UUID>d2eae58a-514f-11df-9879-0800200c9a66</UUID>
		<Name>Microsoft Excel Viewer</Name>
		<Note>xlview.exe</Note>
		<IsEnabled>true</IsEnabled>
		<IPSHookEnabled>true</IPSHookEnabled>
		<ProcessList>
			<Process>
				<Path>**\xlview.exe</Path>
				<FileDescription/>
				<Signer/>
				<FingerPrint/>
			</Process>
		</ProcessList>
	</IPSAppHookRule>
	<IPSAppHookRule>
		<RuleID>IPSAppHookRule_MSAGENT</RuleID>
		<UUID>d2eae58b-514f-11df-9879-0800200c9a66</UUID>
		<Name>Microsoft Agent</Name>
		<Note>agentsvr.exe</Note>
		<IsEnabled>true</IsEnabled>
		<IPSHookEnabled>true</IPSHookEnabled>
		<ProcessList>
			<Process>
				<Path>**\agentsvr.exe</Path>
				<FileDescription/>
				<Signer/>
				<FingerPrint/>
			</Process>
		</ProcessList>
	</IPSAppHookRule>
	<IPSAppHookRule>
		<RuleID>IIPSAppHookRule_ADOBEACRO</RuleID>
		<UUID>d2eae58c-514f-11df-9879-0800200c9a66</UUID>
		<Name>Adobe Acrobat Reader</Name>
		<Note>AcroRd32.exe</Note>
		<IsEnabled>true</IsEnabled>
		<IPSHookEnabled>true</IPSHookEnabled>
		<ProcessList>
			<Process>
				<Path>**\AcroRd32.exe</Path>
				<FileDescription/>
				<Signer/>
				<FingerPrint/>
			</Process>
		</ProcessList>
	</IPSAppHookRule>
	<IPSAppHookRule>
		<RuleID>IPSAppHookRule_WINZIP</RuleID>
		<UUID>d2eae58d-514f-11df-9879-0800200c9a66</UUID>
		<Name>WinZip</Name>
		<Note>WINZIP32.EXE</Note>
		<IsEnabled>true</IsEnabled>
		<IPSHookEnabled>true</IPSHookEnabled>
		<ProcessList>
			<Process>
				<Path>**\WINZIP32.EXE</Path>
				<FileDescription/>
				<Signer/>
				<FingerPrint/>
			</Process>
		</ProcessList>
	</IPSAppHookRule>
	<IPSAppHookRule>
		<RuleID>IPSAppHookRule_WINZIPTRAY</RuleID>
		<UUID>d2eae58e-514f-11df-9879-0800200c9a66</UUID>
		<Name>WinZip QuickPick</Name>
		<Note>WZQKPICK.EXE</Note>
		<IsEnabled>true</IsEnabled>
		<IPSHookEnabled>true</IPSHookEnabled>
		<ProcessList>
			<Process>
				<Path>**\WZQKPICK.EXE</Path>
				<FileDescription/>
				<Signer/>
				<FingerPrint/>
			</Process>
		</ProcessList>
	</IPSAppHookRule>
	<IPSAppHookRule>
		<RuleID>IPSAppHookRule_WINZIPSEPE</RuleID>
		<UUID>d2eae58f-514f-11df-9879-0800200c9a66</UUID>
		<Name>WinZip Self Extracting PE</Name>
		<Note>WZSEPE32.EXE</Note>
		<IsEnabled>true</IsEnabled>
		<IPSHookEnabled>true</IPSHookEnabled>
		<ProcessList>
			<Process>
				<Path>**\WZSEPE32.EXE</Path>
				<FileDescription/>
				<Signer/>
				<FingerPrint/>
			</Process>
		</ProcessList>
	</IPSAppHookRule>
	<IPSAppHookRule>
		<RuleID>IPSAppHookRule_QUICKTIME</RuleID>
		<UUID>d2eae590-514f-11df-9879-0800200c9a66</UUID>
		<Name>QuickTime Player</Name>
		<Note>QuickTimePlayer.exe</Note>
		<IsEnabled>true</IsEnabled>
		<IPSHookEnabled>true</IPSHookEnabled>
		<ProcessList>
			<Process>
				<Path>**\QuickTimePlayer.exe</Path>
				<FileDescription/>
				<Signer/>
				<FingerPrint/>
			</Process>
		</ProcessList>
	</IPSAppHookRule>
	<IPSAppHookRule>
		<RuleID>IPSAppHookRule_QUICKTMPIC</RuleID>
		<UUID>d2eae591-514f-11df-9879-0800200c9a66</UUID>
		<Name>QuickTime Picture Viewer</Name>
		<Note>PictureViewer.exe</Note>
		<IsEnabled>true</IsEnabled>
		<IPSHookEnabled>true</IPSHookEnabled>
		<ProcessList>
			<Process>
				<Path>**\PictureViewer.exe</Path>
				<FileDescription/>
				<Signer/>
				<FingerPrint/>
			</Process>
		</ProcessList>
	</IPSAppHookRule>
	<IPSAppHookRule>
		<RuleID>IPSAppHookRule_QTTASK</RuleID>
		<UUID>d2eae592-514f-11df-9879-0800200c9a66</UUID>
		<Name>QuickTime Task Tray</Name>
		<Note>qttask.exe</Note>
		<IsEnabled>true</IsEnabled>
		<IPSHookEnabled>true</IPSHookEnabled>
		<ProcessList>
			<Process>
				<Path>**\qttask.exe</Path>
				<FileDescription/>
				<Signer/>
				<FingerPrint/>
			</Process>
		</ProcessList>
	</IPSAppHookRule>
	<IPSAppHookRule>
		<RuleID>IPSAppHookRule_AOLIM</RuleID>
		<UUID>d2eae593-514f-11df-9879-0800200c9a66</UUID>
		<Name>AOL Instant Messenger</Name>
		<Note>aim6.exe</Note>
		<IsEnabled>true</IsEnabled>
		<IPSHookEnabled>true</IPSHookEnabled>
		<ProcessList>
			<Process>
				<Path>**\aim6.exe</Path>
				<FileDescription/>
				<Signer/>
				<FingerPrint/>
			</Process>
		</ProcessList>
	</IPSAppHookRule>
	<IPSAppHookRule>
		<RuleID>IPSAppHookRule_NETMEETING</RuleID>
		<UUID>d2eae594-514f-11df-9879-0800200c9a66</UUID>
		<Name>Microsoft NetMeeting</Name>
		<Note>conf.exe</Note>
		<IsEnabled>true</IsEnabled>
		<IPSHookEnabled>true</IPSHookEnabled>
		<ProcessList>
			<Process>
				<Path>**\conf.exe</Path>
				<FileDescription/>
				<Signer/>
				<FingerPrint/>
			</Process>
		</ProcessList>
	</IPSAppHookRule>
	<IPSAppHookRule>
		<RuleID>IPSAppHookRule_RMTDESKTOP</RuleID>
		<UUID>d2eae595-514f-11df-9879-0800200c9a66</UUID>
		<Name>Microsft Remote Desktop</Name>
		<Note>mstsc.exe</Note>
		<IsEnabled>true</IsEnabled>
		<IPSHookEnabled>true</IPSHookEnabled>
		<ProcessList>
			<Process>
				<Path>**\mstsc.exe</Path>
				<FileDescription/>
				<Signer/>
				<FingerPrint/>
			</Process>
		</ProcessList>
	</IPSAppHookRule>
	<IPSAppHookRule>
		<RuleID>IPSAppHookRule_WINHLP32</RuleID>
		<UUID>d2eae596-514f-11df-9879-0800200c9a66</UUID>
		<Name>winhlp32.exe</Name>
		<Note>winhlp32.exe</Note>
		<IsEnabled>true</IsEnabled>
		<IPSHookEnabled>true</IPSHookEnabled>
		<ProcessList>
			<Process>
				<Path>**\winhlp32.exe</Path>
				<FileDescription/>
				<Signer/>
				<FingerPrint/>
			</Process>
		</ProcessList>
	</IPSAppHookRule>
	<IPSAppHookRule>
		<RuleID>IPSAppHookRule_ADOBEDOWN</RuleID>
		<UUID>d2eae597-514f-11df-9879-0800200c9a66</UUID>
		<Name>Adobe Download Manager</Name>
		<Note>AdobeDownloadManager.exe</Note>
		<IsEnabled>true</IsEnabled>
		<IPSHookEnabled>true</IPSHookEnabled>
		<ProcessList>
			<Process>
				<Path>**\AdobeDownloadManager.exe</Path>
				<FileDescription/>
				<Signer/>
				<FingerPrint/>
			</Process>
		</ProcessList>
	</IPSAppHookRule>
	<IPSAppHookRule>
		<RuleID>IPSAppHookRule_SNMP</RuleID>
		<UUID>d2eae598-514f-11df-9879-0800200c9a66</UUID>
		<Name>SNMP Service</Name>
		<Note>snmp.exe</Note>
		<IsEnabled>true</IsEnabled>
		<IPSHookEnabled>true</IPSHookEnabled>
		<ProcessList>
			<Process>
				<Path>**\snmp.exe</Path>
				<FileDescription/>
				<Signer/>
				<FingerPrint/>
			</Process>
		</ProcessList>
	</IPSAppHookRule>
	<IPSAppHookRule>
		<RuleID>IPSAppHookRule_INFOPATH</RuleID>
		<UUID>d2eae599-514f-11df-9879-0800200c9a66</UUID>
		<Name>Microsoft InfoPath</Name>
		<Note>infopath.exe</Note>
		<IsEnabled>true</IsEnabled>
		<IPSHookEnabled>true</IPSHookEnabled>
		<ProcessList>
			<Process>
				<Path>**\infopath.exe</Path>
				<FileDescription/>
				<Signer/>
				<FingerPrint/>
			</Process>
		</ProcessList>
	</IPSAppHookRule>
	<IPSAppHookRule>
		<RuleID>IPSAppHookRule_HELPWKSHOP</RuleID>
		<UUID>d2eae59a-514f-11df-9879-0800200c9a66</UUID>
		<Name>Microsoft Help WorkShop</Name>
		<Note>hcw.exe</Note>
		<IsEnabled>true</IsEnabled>
		<IPSHookEnabled>true</IPSHookEnabled>
		<ProcessList>
			<Process>
				<Path>**\hcw.exe</Path>
				<FileDescription/>
				<Signer/>
				<FingerPrint/>
			</Process>
		</ProcessList>
	</IPSAppHookRule>
	<IPSAppHookRule>
		<RuleID>IPSAppHookRule_MSDEV</RuleID>
		<UUID>d2eae59b-514f-11df-9879-0800200c9a66</UUID>
		<Name>Microsoft Visual C++</Name>
		<Note>msdev.exe</Note>
		<IsEnabled>true</IsEnabled>
		<IPSHookEnabled>true</IPSHookEnabled>
		<ProcessList>
			<Process>
				<Path>**\msdev.exe</Path>
				<FileDescription/>
				<Signer/>
				<FingerPrint/>
			</Process>
		</ProcessList>
	</IPSAppHookRule>
	<IPSAppHookRule>
		<RuleID>IPSAppHookRule_MMC</RuleID>
		<UUID>d2eae59c-514f-11df-9879-0800200c9a66</UUID>
		<Name>Microsoft Management Console</Name>
		<Note>mmc.exe</Note>
		<IsEnabled>true</IsEnabled>
		<IPSHookEnabled>true</IPSHookEnabled>
		<ProcessList>
			<Process>
				<Path>**\mmc.exe</Path>
				<FileDescription/>
				<Signer/>
				<FingerPrint/>
			</Process>
		</ProcessList>
	</IPSAppHookRule>
	<IPSAppHookRule>
		<RuleID>IPSAppHookRule_TOMCAT</RuleID>
		<UUID>d2eae59d-514f-11df-9879-0800200c9a66</UUID>
		<Name>Tomcat Web Server</Name>
		<Note>tomcat.exe</Note>
		<IsEnabled>true</IsEnabled>
		<IPSHookEnabled>true</IPSHookEnabled>
		<ProcessList>
			<Process>
				<Path>**\tomcat.exe</Path>
				<FileDescription/>
				<Signer/>
				<FingerPrint/>
			</Process>
		</ProcessList>
	</IPSAppHookRule>
	<IPSAppHookRule>
		<RuleID>IPSAppHookRule_VISTALIC</RuleID>
		<UUID>d2eae59e-514f-11df-9879-0800200c9a66</UUID>
		<Name>Windows Vista License Service</Name>
		<Note>slsvc.exe</Note>
		<IsEnabled>true</IsEnabled>
		<IPSHookEnabled>false</IPSHookEnabled>
		<ProcessList>
			<Process>
				<Path>**\slsvc.exe</Path>
				<FileDescription/>
				<Signer/>
				<FingerPrint/>
			</Process>
		</ProcessList>
	</IPSAppHookRule>
	<IPSAppHookRule>
		<RuleID>IPSAppHookRule_DNSSERVER</RuleID>
		<UUID>d2eae59f-514f-11df-9879-0800200c9a66</UUID>
		<Name>Windows DNS Server</Name>
		<Note>dns.exe</Note>
		<IsEnabled>true</IsEnabled>
		<IPSHookEnabled>true</IPSHookEnabled>
		<ProcessList>
			<Process>
				<Path>**\dns.exe</Path>
				<FileDescription/>
				<Signer/>
				<FingerPrint/>
			</Process>
		</ProcessList>
	</IPSAppHookRule>
	<IPSAppHookRule>
		<RuleID>IPSAppHookRule_NET_RDS</RuleID>
		<UUID>d2eae5a0-514f-11df-9879-0800200c9a66</UUID>
		<Name>NetMeeting Remote Desktop Sharing</Name>
		<Note>mnmsrvc.exe</Note>
		<IsEnabled>true</IsEnabled>
		<IPSHookEnabled>true</IPSHookEnabled>
		<ProcessList>
			<Process>
				<Path>**\mnmsrvc.exe</Path>
				<FileDescription/>
				<Signer/>
				<FingerPrint/>
			</Process>
		</ProcessList>
	</IPSAppHookRule>
	<IPSAppHookRule>
		<RuleID>IPSAppHookRule_DHCPSER</RuleID>
		<UUID>d2eae5a1-514f-11df-9879-0800200c9a66</UUID>
		<Name>Microsoft Windows Networking Services (DHCPServer, BINLSVC, SimpTcp, LPDSVC)</Name>
		<Note>tcpsvcs.exe</Note>
		<IsEnabled>true</IsEnabled>
		<IPSHookEnabled>true</IPSHookEnabled>
		<ProcessList>
			<Process>
				<Path>**\tcpsvcs.exe</Path>
				<FileDescription/>
				<Signer/>
				<FingerPrint/>
			</Process>
		</ProcessList>
	</IPSAppHookRule>
	<IPSAppHookRule>
		<RuleID>IPSAppHookRule_EXCHSRVR_STORE</RuleID>
		<UUID>d2eae5a2-514f-11df-9879-0800200c9a66</UUID>
		<Name>Exchange Server Store</Name>
		<Note>store.exe</Note>
		<IsEnabled>true</IsEnabled>
		<IPSHookEnabled>true</IPSHookEnabled>
		<ProcessList>
			<Process>
				<Path>**\store.exe</Path>
				<FileDescription/>
				<Signer/>
				<FingerPrint/>
			</Process>
		</ProcessList>
	</IPSAppHookRule>
	<IPSAppHookRule>
		<RuleID>IPSAppHookRule_EXCHSRVR_CALCON</RuleID>
		<UUID>d2eae5a3-514f-11df-9879-0800200c9a66</UUID>
		<Name>Exchange Server Calendar</Name>
		<Note>calcon.exe</Note>
		<IsEnabled>true</IsEnabled>
		<IPSHookEnabled>true</IPSHookEnabled>
		<ProcessList>
			<Process>
				<Path>**\calcon.exe</Path>
				<FileDescription/>
				<Signer/>
				<FingerPrint/>
			</Process>
		</ProcessList>
	</IPSAppHookRule>
	<IPSAppHookRule>
		<RuleID>IPSAppHookRule_EXCHSRVR_LSCNTRL</RuleID>
		<UUID>d2eae5a4-514f-11df-9879-0800200c9a66</UUID>
		<Name>Exchange Server Connector Support</Name>
		<Note>lscntrl.exe</Note>
		<IsEnabled>true</IsEnabled>
		<IPSHookEnabled>true</IPSHookEnabled>
		<ProcessList>
			<Process>
				<Path>**\lscntrl.exe</Path>
				<FileDescription/>
				<Signer/>
				<FingerPrint/>
			</Process>
		</ProcessList>
	</IPSAppHookRule>
	<IPSAppHookRule>
		<RuleID>IPSAppHookRule_EXCHSRVR_DISPATCH</RuleID>
		<UUID>d2eae5a5-514f-11df-9879-0800200c9a66</UUID>
		<Name>Exchange Server Lotus Notes Dispatch</Name>
		<Note>dispatch.exe</Note>
		<IsEnabled>true</IsEnabled>
		<IPSHookEnabled>true</IPSHookEnabled>
		<ProcessList>
			<Process>
				<Path>**\dispatch.exe</Path>
				<FileDescription/>
				<Signer/>
				<FingerPrint/>
			</Process>
		</ProcessList>
	</IPSAppHookRule>
	<IPSAppHookRule>
		<RuleID>IPSAppHookRule_EXCHSRVR_EVENTS</RuleID>
		<UUID>d2eae5a6-514f-11df-9879-0800200c9a66</UUID>
		<Name>Exchange Server 5.5 Compatibility Events</Name>
		<Note>events.exe</Note>
		<IsEnabled>true</IsEnabled>
		<IPSHookEnabled>true</IPSHookEnabled>
		<ProcessList>
			<Process>
				<Path>**\events.exe</Path>
				<FileDescription/>
				<Signer/>
				<FingerPrint/>
			</Process>
		</ProcessList>
	</IPSAppHookRule>
	<IPSAppHookRule>
		<RuleID>IPSAppHookRule_EXCHSRVR_EXMGMT</RuleID>
		<UUID>d2eae5a7-514f-11df-9879-0800200c9a66</UUID>
		<Name>Exchange Server WMI Management</Name>
		<Note>exmgmt.exe</Note>
		<IsEnabled>true</IsEnabled>
		<IPSHookEnabled>true</IPSHookEnabled>
		<ProcessList>
			<Process>
				<Path>**\exmgmt.exe</Path>
				<FileDescription/>
				<Signer/>
				<FingerPrint/>
			</Process>
		</ProcessList>
	</IPSAppHookRule>
	<IPSAppHookRule>
		<RuleID>IPSAppHookRule_EXCHSRVR_EMSMTA</RuleID>
		<UUID>d2eae5a8-514f-11df-9879-0800200c9a66</UUID>
		<Name>Exchange Server X.400 Services</Name>
		<Note>emsmta.exe</Note>
		<IsEnabled>true</IsEnabled>
		<IPSHookEnabled>true</IPSHookEnabled>
		<ProcessList>
			<Process>
				<Path>**\emsmta.exe</Path>
				<FileDescription/>
				<Signer/>
				<FingerPrint/>
			</Process>
		</ProcessList>
	</IPSAppHookRule>
	<IPSAppHookRule>
		<RuleID>IPSAppHookRule_EXCHSRVR_GWROUTER</RuleID>
		<UUID>d2eae5a9-514f-11df-9879-0800200c9a66</UUID>
		<Name>Exchange Server GroupWise Router</Name>
		<Note>gwrouter.exe</Note>
		<IsEnabled>true</IsEnabled>
		<IPSHookEnabled>true</IPSHookEnabled>
		<ProcessList>
			<Process>
				<Path>**\gwrouter.exe</Path>
				<FileDescription/>
				<Signer/>
				<FingerPrint/>
			</Process>
		</ProcessList>
	</IPSAppHookRule>
	<IPSAppHookRule>
		<RuleID>IPSAppHookRule_EXCHSRVR_SRSMAIN</RuleID>
		<UUID>d2eae5aa-514f-11df-9879-0800200c9a66</UUID>
		<Name>Exchange Server Site Replication Service</Name>
		<Note>srsmain.exe</Note>
		<IsEnabled>true</IsEnabled>
		<IPSHookEnabled>true</IPSHookEnabled>
		<ProcessList>
			<Process>
				<Path>**\srsmain.exe</Path>
				<FileDescription/>
				<Signer/>
				<FingerPrint/>
			</Process>
		</ProcessList>
	</IPSAppHookRule>
	<IPSAppHookRule>
		<RuleID>IPSAppHookRule_EXCHSRVR_MAD</RuleID>
		<UUID>d2eae5ab-514f-11df-9879-0800200c9a66</UUID>
		<Name>Exchange Server Active Directory Monitoring</Name>
		<Note>mad.exe</Note>
		<IsEnabled>true</IsEnabled>
		<IPSHookEnabled>true</IPSHookEnabled>
		<ProcessList>
			<Process>
				<Path>**\mad.exe</Path>
				<FileDescription/>
				<Signer/>
				<FingerPrint/>
			</Process>
		</ProcessList>
	</IPSAppHookRule>
	<IPSAppHookRule>
		<RuleID>IPSAppHookRule_MS_VIRTUAL_PC</RuleID>
		<UUID>d2eae5ac-514f-11df-9879-0800200c9a66</UUID>
		<Name>Microsoft Virtual PC</Name>
		<Note>Virtual PC.exe</Note>
		<IsEnabled>true</IsEnabled>
		<IPSHookEnabled>true</IPSHookEnabled>
		<ProcessList>
			<Process>
				<Path>**\Virtual PC.exe</Path>
				<FileDescription/>
				<Signer/>
				<FingerPrint/>
			</Process>
		</ProcessList>
	</IPSAppHookRule>
	<IPSAppHookRule>
		<RuleID>IPSAppHookRule_EXCHSRVR_DSAMAIN</RuleID>
		<UUID>d2eae5ad-514f-11df-9879-0800200c9a66</UUID>
		<Name>Exchange Server Directory Service</Name>
		<Note>dsamain.exe</Note>
		<IsEnabled>true</IsEnabled>
		<IPSHookEnabled>true</IPSHookEnabled>
		<ProcessList>
			<Process>
				<Path>**\dsamain.exe</Path>
				<FileDescription/>
				<Signer/>
				<FingerPrint/>
			</Process>
		</ProcessList>
	</IPSAppHookRule>
	<IPSAppHookRule>
		<RuleID>IPSAppHookRule_EXCHSRVR_IMC</RuleID>
		<UUID>d2eae5ae-514f-11df-9879-0800200c9a66</UUID>
		<Name>Exchange Server Internet Mail Connector</Name>
		<Note>msexcimc.exe</Note>
		<IsEnabled>true</IsEnabled>
		<IPSHookEnabled>true</IPSHookEnabled>
		<ProcessList>
			<Process>
				<Path>**\msexcimc.exe</Path>
				<FileDescription/>
				<Signer/>
				<FingerPrint/>
			</Process>
		</ProcessList>
	</IPSAppHookRule>
	<IPSAppHookRule>
		<RuleID>IPSAppHookRule_MS_HELPCTR</RuleID>
		<UUID>d2eae5af-514f-11df-9879-0800200c9a66</UUID>
		<Name>Microsoft Help and Support Center</Name>
		<Note>helpctr.exe|helpsvc.exe</Note>
		<IsEnabled>true</IsEnabled>
		<IPSHookEnabled>true</IPSHookEnabled>
		<ProcessList>
			<Process>
				<Path>**\helpctr.exe</Path>
				<FileDescription/>
				<Signer/>
				<FingerPrint/>
			</Process>
			<Process>
				<Path>**\helpsvc.exe</Path>
				<FileDescription/>
				<Signer/>
				<FingerPrint/>
			</Process>
		</ProcessList>
	</IPSAppHookRule>
	<IPSAppHookRule>
		<RuleID>IPSAppHookRule_MS_SPOOLSS</RuleID>
		<UUID>d2eae5b0-514f-11df-9879-0800200c9a66</UUID>
		<Name>Microsoft Printer Spooler Subsystem</Name>
		<Note>spoolss.exe</Note>
		<IsEnabled>true</IsEnabled>
		<IPSHookEnabled>true</IPSHookEnabled>
		<ProcessList>
			<Process>
				<Path>**\spoolss.exe</Path>
				<FileDescription/>
				<Signer/>
				<FingerPrint/>
			</Process>
		</ProcessList>
	</IPSAppHookRule>
	<IPSAppHookRule>
		<RuleID>IPSAppHookRule_MS_DIALER</RuleID>
		<UUID>d2eb0c90-514f-11df-9879-0800200c9a66</UUID>
		<Name>Microsoft Phone Dialing Application</Name>
		<Note>dialer.exe</Note>
		<IsEnabled>true</IsEnabled>
		<IPSHookEnabled>true</IPSHookEnabled>
		<ProcessList>
			<Process>
				<Path>**\dialer.exe</Path>
				<FileDescription/>
				<Signer/>
				<FingerPrint/>
			</Process>
		</ProcessList>
	</IPSAppHookRule>
	<IPSAppHookRule>
		<RuleID>IPSAppHookRule_MS_RASMAN</RuleID>
		<UUID>d2eb0c91-514f-11df-9879-0800200c9a66</UUID>
		<Name>Microsoft Remote Access Service</Name>
		<Note>rasman.exe|rasphone.exe</Note>
		<IsEnabled>true</IsEnabled>
		<IPSHookEnabled>true</IPSHookEnabled>
		<ProcessList>
			<Process>
				<Path>**\rasphone.exe</Path>
				<FileDescription/>
				<Signer/>
				<FingerPrint/>
			</Process>
			<Process>
				<Path>**\rasman.exe</Path>
				<FileDescription/>
				<Signer/>
				<FingerPrint/>
			</Process>
		</ProcessList>
	</IPSAppHookRule>
	<IPSAppHookRule>
		<RuleID>IPSAppHookRule_MSRPC_LOCATOR</RuleID>
		<UUID>d2eb0c92-514f-11df-9879-0800200c9a66</UUID>
		<Name>Microsoft RPC Locator</Name>
		<Note>locator.exe</Note>
		<IsEnabled>true</IsEnabled>
		<IPSHookEnabled>true</IPSHookEnabled>
		<ProcessList>
			<Process>
				<Path>**\locator.exe</Path>
				<FileDescription/>
				<Signer/>
				<FingerPrint/>
			</Process>
		</ProcessList>
	</IPSAppHookRule>
	<IPSAppHookRule>
		<RuleID>IPSAppHookRule_ALG</RuleID>
		<UUID>d2eb0c93-514f-11df-9879-0800200c9a66</UUID>
		<Name>Application Layer Gateway Service</Name>
		<Note>alg.exe</Note>
		<IsEnabled>true</IsEnabled>
		<IPSHookEnabled>true</IPSHookEnabled>
		<ProcessList>
			<Process>
				<Path>**\alg.exe</Path>
				<FileDescription/>
				<Signer/>
				<FingerPrint/>
			</Process>
		</ProcessList>
	</IPSAppHookRule>
	<IPSAppHookRule>
		<RuleID>IPSAppHookRule_CLIP</RuleID>
		<UUID>d2eb0c94-514f-11df-9879-0800200c9a66</UUID>
		<Name>Microsoft Clipboard-Server</Name>
		<Note>clipsrv.exe</Note>
		<IsEnabled>true</IsEnabled>
		<IPSHookEnabled>true</IPSHookEnabled>
		<ProcessList>
			<Process>
				<Path>**\clipsrv.exe</Path>
				<FileDescription/>
				<Signer/>
				<FingerPrint/>
			</Process>
		</ProcessList>
	</IPSAppHookRule>
	<IPSAppHookRule>
		<RuleID>IPSAppHookRule_DFS</RuleID>
		<UUID>d2eb0c95-514f-11df-9879-0800200c9a66</UUID>
		<Name>Distributed File System</Name>
		<Note>dfssvc.exe</Note>
		<IsEnabled>true</IsEnabled>
		<IPSHookEnabled>true</IPSHookEnabled>
		<ProcessList>
			<Process>
				<Path>**\dfssvc.exe</Path>
				<FileDescription/>
				<Signer/>
				<FingerPrint/>
			</Process>
		</ProcessList>
	</IPSAppHookRule>
	<IPSAppHookRule>
		<RuleID>IPSAppHookRule_FRS</RuleID>
		<UUID>d2eb0c96-514f-11df-9879-0800200c9a66</UUID>
		<Name>File Replication Service</Name>
		<Note>ntfrs.exe</Note>
		<IsEnabled>true</IsEnabled>
		<IPSHookEnabled>true</IPSHookEnabled>
		<ProcessList>
			<Process>
				<Path>**\ntfrs.exe</Path>
				<FileDescription/>
				<Signer/>
				<FingerPrint/>
			</Process>
		</ProcessList>
	</IPSAppHookRule>
	<IPSAppHookRule>
		<RuleID>IPSAppHookRule_MCIS</RuleID>
		<UUID>d2eb0c97-514f-11df-9879-0800200c9a66</UUID>
		<Name>Microsoft Content Index Service</Name>
		<Note>cisvc.exe</Note>
		<IsEnabled>true</IsEnabled>
		<IPSHookEnabled>true</IPSHookEnabled>
		<ProcessList>
			<Process>
				<Path>**\cisvc.exe</Path>
				<FileDescription/>
				<Signer/>
				<FingerPrint/>
			</Process>
		</ProcessList>
	</IPSAppHookRule>
	<IPSAppHookRule>
		<RuleID>IPSAppHookRule_IMAPICD</RuleID>
		<UUID>9e674760-51c5-11df-9879-0800200c9a66</UUID>
		<Name>IMAPI CD-Burning COM Service</Name>
		<Note>imapi.exe</Note>
		<IsEnabled>true</IsEnabled>
		<IPSHookEnabled>true</IPSHookEnabled>
		<ProcessList>
			<Process>
				<Path>**\imapi.exe</Path>
				<FileDescription/>
				<Signer/>
				<FingerPrint/>
			</Process>
		</ProcessList>
	</IPSAppHookRule>
	<IPSAppHookRule>
		<RuleID>IPSAppHookRule_MSIM</RuleID>
		<UUID>9e674761-51c5-11df-9879-0800200c9a66</UUID>
		<Name>Microsoft Server Intersite Messaging</Name>
		<Note>ismserv.exe</Note>
		<IsEnabled>true</IsEnabled>
		<IPSHookEnabled>true</IPSHookEnabled>
		<ProcessList>
			<Process>
				<Path>**\ismserv.exe</Path>
				<FileDescription/>
				<Signer/>
				<FingerPrint/>
			</Process>
		</ProcessList>
	</IPSAppHookRule>
	<IPSAppHookRule>
		<RuleID>IPSAppHookRule_DMADMIN</RuleID>
		<UUID>9e674762-51c5-11df-9879-0800200c9a66</UUID>
		<Name>Logical Disk Manager Administrative Service</Name>
		<Note>dmadmin.exe</Note>
		<IsEnabled>true</IsEnabled>
		<IPSHookEnabled>true</IPSHookEnabled>
		<ProcessList>
			<Process>
				<Path>**\dmadmin.exe</Path>
				<FileDescription/>
				<Signer/>
				<FingerPrint/>
			</Process>
		</ProcessList>
	</IPSAppHookRule>
	<IPSAppHookRule>
		<RuleID>IPSAppHookRule_MLAS</RuleID>
		<UUID>9e674763-51c5-11df-9879-0800200c9a66</UUID>
		<Name>Microsoft Logs and Alerts Service</Name>
		<Note>smlogsvc.exe</Note>
		<IsEnabled>true</IsEnabled>
		<IPSHookEnabled>true</IPSHookEnabled>
		<ProcessList>
			<Process>
				<Path>**\smlogsvc.exe</Path>
				<FileDescription/>
				<Signer/>
				<FingerPrint/>
			</Process>
		</ProcessList>
	</IPSAppHookRule>
	<IPSAppHookRule>
		<RuleID>IPSAppHookRule_SESSMGR</RuleID>
		<UUID>9e674764-51c5-11df-9879-0800200c9a66</UUID>
		<Name>Microsoft Remote Desktop Help Session Manager</Name>
		<Note>sessmgr.exe</Note>
		<IsEnabled>true</IsEnabled>
		<IPSHookEnabled>true</IPSHookEnabled>
		<ProcessList>
			<Process>
				<Path>**\sessmgr.exe</Path>
				<FileDescription/>
				<Signer/>
				<FingerPrint/>
			</Process>
		</ProcessList>
	</IPSAppHookRule>
	<IPSAppHookRule>
		<RuleID>IPSAppHookRule_JAVAWS</RuleID>
		<UUID>9e674765-51c5-11df-9879-0800200c9a66</UUID>
		<Name>Java Web Start</Name>
		<Note>javaws.exe</Note>
		<IsEnabled>true</IsEnabled>
		<IPSHookEnabled>true</IPSHookEnabled>
		<ProcessList>
			<Process>
				<Path>**\javaws.exe</Path>
				<FileDescription/>
				<Signer/>
				<FingerPrint/>
			</Process>
		</ProcessList>
	</IPSAppHookRule>
	<IPSAppHookRule>
		<RuleID>IPSAppHookRule_SEAMONKEY</RuleID>
		<UUID>9e674766-51c5-11df-9879-0800200c9a66</UUID>
		<Name>SeaMonkey Browser</Name>
		<Note>SeaMonkey.exe</Note>
		<IsEnabled>true</IsEnabled>
		<IPSHookEnabled>true</IPSHookEnabled>
		<ProcessList>
			<Process>
				<Path>**\SeaMonkey.exe</Path>
				<FileDescription/>
				<Signer/>
				<FingerPrint/>
			</Process>
		</ProcessList>
	</IPSAppHookRule>
	<IPSAppHookRule>
		<RuleID>IPSAppHookRule_MCSHIELD</RuleID>
		<UUID>9e674767-51c5-11df-9879-0800200c9a66</UUID>
		<Name>McAfee Virusscan</Name>
		<Note>Mcshield.exe</Note>
		<IsEnabled>true</IsEnabled>
		<IPSHookEnabled>false</IPSHookEnabled>
		<ProcessList>
			<Process>
				<Path>**\Mcshield.exe</Path>
				<FileDescription/>
				<Signer/>
				<FingerPrint/>
			</Process>
		</ProcessList>
	</IPSAppHookRule>
	<IPSAppHookRule>
		<RuleID>IPSAppHookRule_TBIRD</RuleID>
		<UUID>9e674768-51c5-11df-9879-0800200c9a66</UUID>
		<Name>Mozilla Thunderbird</Name>
		<Note>thunderbird.exe</Note>
		<IsEnabled>true</IsEnabled>
		<IPSHookEnabled>true</IPSHookEnabled>
		<ProcessList>
			<Process>
				<Path>**\thunderbird.exe</Path>
				<FileDescription/>
				<Signer/>
				<FingerPrint/>
			</Process>
		</ProcessList>
	</IPSAppHookRule>
	<IPSAppHookRule>
		<RuleID>IPSAppHookRule_OPERA</RuleID>
		<UUID>9e674769-51c5-11df-9879-0800200c9a66</UUID>
		<Name>Opera Browser</Name>
		<Note>opera.exe</Note>
		<IsEnabled>true</IsEnabled>
		<IPSHookEnabled>true</IPSHookEnabled>
		<ProcessList>
			<Process>
				<Path>**\opera.exe</Path>
				<FileDescription/>
				<Signer/>
				<FingerPrint/>
			</Process>
		</ProcessList>
	</IPSAppHookRule>
	<IPSAppHookRule>
		<RuleID>IPSAppHookRule_YAHOOMSG</RuleID>
		<UUID>9e67476a-51c5-11df-9879-0800200c9a66</UUID>
		<Name>Yahoo Messenger</Name>
		<Note>yahoomessenger.exe</Note>
		<IsEnabled>true</IsEnabled>
		<IPSHookEnabled>true</IPSHookEnabled>
		<ProcessList>
			<Process>
				<Path>**\yahoomessenger.exe</Path>
				<FileDescription/>
				<Signer/>
				<FingerPrint/>
			</Process>
		</ProcessList>
	</IPSAppHookRule>
	<IPSAppHookRule>
		<RuleID>IPSAppHookRule_SMARTCARD</RuleID>
		<UUID>9e67476b-51c5-11df-9879-0800200c9a66</UUID>
		<Name>Smart Card Server</Name>
		<Note>scardsvr.exe</Note>
		<IsEnabled>true</IsEnabled>
		<IPSHookEnabled>true</IPSHookEnabled>
		<ProcessList>
			<Process>
				<Path>**\scardsvr.exe</Path>
				<FileDescription/>
				<Signer/>
				<FingerPrint/>
			</Process>
		</ProcessList>
	</IPSAppHookRule>
	<IPSAppHookRule>
		<RuleID>IPSAppHookRule_TELNETSVR</RuleID>
		<UUID>9e67476c-51c5-11df-9879-0800200c9a66</UUID>
		<Name>Telnet Server</Name>
		<Note>tlntsvr.exe</Note>
		<IsEnabled>true</IsEnabled>
		<IPSHookEnabled>true</IPSHookEnabled>
		<ProcessList>
			<Process>
				<Path>**\tlntsvr.exe</Path>
				<FileDescription/>
				<Signer/>
				<FingerPrint/>
			</Process>
		</ProcessList>
	</IPSAppHookRule>
	<IPSAppHookRule>
		<RuleID>IPSAppHookRule_UPS</RuleID>
		<UUID>9e67476d-51c5-11df-9879-0800200c9a66</UUID>
		<Name>Uninterruptible Power Supply Service</Name>
		<Note>ups.exe</Note>
		<IsEnabled>true</IsEnabled>
		<IPSHookEnabled>true</IPSHookEnabled>
		<ProcessList>
			<Process>
				<Path>**\ups.exe</Path>
				<FileDescription/>
				<Signer/>
				<FingerPrint/>
			</Process>
		</ProcessList>
	</IPSAppHookRule>
	<IPSAppHookRule>
		<RuleID>IPSAppHookRule_VOLSHADOWCP</RuleID>
		<UUID>9e67476e-51c5-11df-9879-0800200c9a66</UUID>
		<Name>Volume Shadow Copy</Name>
		<Note>vssvc.exe</Note>
		<IsEnabled>true</IsEnabled>
		<IPSHookEnabled>true</IPSHookEnabled>
		<ProcessList>
			<Process>
				<Path>**\vssvc.exe</Path>
				<FileDescription/>
				<Signer/>
				<FingerPrint/>
			</Process>
		</ProcessList>
	</IPSAppHookRule>
	<IPSAppHookRule>
		<RuleID>IPSAppHookRule_MSIEXEC</RuleID>
		<UUID>9e67476f-51c5-11df-9879-0800200c9a66</UUID>
		<Name>Microsoft Installer</Name>
		<Note>msiexec.exe</Note>
		<IsEnabled>true</IsEnabled>
		<IPSHookEnabled>true</IPSHookEnabled>
		<ProcessList>
			<Process>
				<Path>**\msiexec.exe</Path>
				<FileDescription/>
				<Signer/>
				<FingerPrint/>
			</Process>
		</ProcessList>
	</IPSAppHookRule>
	<IPSAppHookRule>
		<RuleID>IPSAppHookRule_WMI</RuleID>
		<UUID>9e674770-51c5-11df-9879-0800200c9a66</UUID>
		<Name>Windows Management Instrumentation Application Service</Name>
		<Note>wmiapsrv.exe</Note>
		<IsEnabled>true</IsEnabled>
		<IPSHookEnabled>true</IPSHookEnabled>
		<ProcessList>
			<Process>
				<Path>**\wmiapsrv.exe</Path>
				<FileDescription/>
				<Signer/>
				<FingerPrint/>
			</Process>
		</ProcessList>
	</IPSAppHookRule>
	<IPSAppHookRule>
		<RuleID>IPSAppHookRule_QOSRSVP</RuleID>
		<UUID>9e674771-51c5-11df-9879-0800200c9a66</UUID>
		<Name>QoS RSVP</Name>
		<Note>rsvp.exe</Note>
		<IsEnabled>true</IsEnabled>
		<IPSHookEnabled>true</IPSHookEnabled>
		<ProcessList>
			<Process>
				<Path>**\rsvp.exe</Path>
				<FileDescription/>
				<Signer/>
				<FingerPrint/>
			</Process>
		</ProcessList>
	</IPSAppHookRule>
	<IPSAppHookRule>
		<RuleID>IPSAppHookRule_UTILMNGR</RuleID>
		<UUID>9e674772-51c5-11df-9879-0800200c9a66</UUID>
		<Name>Utility Manager</Name>
		<Note>utilman.exe</Note>
		<IsEnabled>true</IsEnabled>
		<IPSHookEnabled>true</IPSHookEnabled>
		<ProcessList>
			<Process>
				<Path>**\utilman.exe</Path>
				<FileDescription/>
				<Signer/>
				<FingerPrint/>
			</Process>
		</ProcessList>
	</IPSAppHookRule>
	<IPSAppHookRule>
		<RuleID>IPSAppHookRule_KODAKPRV</RuleID>
		<UUID>9e674773-51c5-11df-9879-0800200c9a66</UUID>
		<Name>Kodak Preview</Name>
		<Note>kodakprv.exe</Note>
		<IsEnabled>true</IsEnabled>
		<IPSHookEnabled>true</IPSHookEnabled>
		<ProcessList>
			<Process>
				<Path>**\kodakprv.exe</Path>
				<FileDescription/>
				<Signer/>
				<FingerPrint/>
			</Process>
		</ProcessList>
	</IPSAppHookRule>
	<IPSAppHookRule>
		<RuleID>IPSAppHookRule_BAOFENG</RuleID>
		<UUID>9e674774-51c5-11df-9879-0800200c9a66</UUID>
		<Name>BaoFeng Storm Player</Name>
		<Note>storm.exe</Note>
		<IsEnabled>true</IsEnabled>
		<IPSHookEnabled>true</IPSHookEnabled>
		<ProcessList>
			<Process>
				<Path>**\storm.exe</Path>
				<FileDescription/>
				<Signer/>
				<FingerPrint/>
			</Process>
		</ProcessList>
	</IPSAppHookRule>
	<IPSAppHookRule>
		<RuleID>IPSAppHookRule_WINVISTAMAIL</RuleID>
		<UUID>9e674775-51c5-11df-9879-0800200c9a66</UUID>
		<Name>Windows Vista Mail</Name>
		<Note>winmail.exe</Note>
		<IsEnabled>true</IsEnabled>
		<IPSHookEnabled>true</IPSHookEnabled>
		<ProcessList>
			<Process>
				<Path>**\winmail.exe</Path>
				<FileDescription/>
				<Signer/>
				<FingerPrint/>
			</Process>
		</ProcessList>
	</IPSAppHookRule>
	<IPSAppHookRule>
		<RuleID>IPSAppHookRule_MFE_EBSADMIN</RuleID>
		<UUID>9e674776-51c5-11df-9879-0800200c9a66</UUID>
		<Name>McAfee E-Business Server Admin Service</Name>
		<Note>ebsadmin.exe</Note>
		<IsEnabled>true</IsEnabled>
		<IPSHookEnabled>true</IPSHookEnabled>
		<ProcessList>
			<Process>
				<Path>**\ebsadmin.exe</Path>
				<FileDescription/>
				<Signer/>
				<FingerPrint/>
			</Process>
		</ProcessList>
	</IPSAppHookRule>
	<IPSAppHookRule>
		<RuleID>IPSAppHookRule_TERMSVC</RuleID>
		<UUID>9e674777-51c5-11df-9879-0800200c9a66</UUID>
		<Name>Terminal Services</Name>
		<Note>termsrv.exe</Note>
		<IsEnabled>true</IsEnabled>
		<IPSHookEnabled>true</IPSHookEnabled>
		<ProcessList>
			<Process>
				<Path>**\termsrv.exe</Path>
				<FileDescription/>
				<Signer/>
				<FingerPrint/>
			</Process>
		</ProcessList>
	</IPSAppHookRule>
	<IPSAppHookRule>
		<RuleID>IPSAppHookRule_W3WP</RuleID>
		<UUID>9e674778-51c5-11df-9879-0800200c9a66</UUID>
		<Name>Microsoft IIS Worker Process</Name>
		<Note>w3wp.exe</Note>
		<IsEnabled>true</IsEnabled>
		<IPSHookEnabled>true</IPSHookEnabled>
		<ProcessList>
			<Process>
				<Path>**\w3wp.exe</Path>
				<FileDescription/>
				<Signer/>
				<FingerPrint/>
			</Process>
		</ProcessList>
	</IPSAppHookRule>
	<IPSAppHookRule>
		<RuleID>IPSAppHookRule_RMTREGSVC</RuleID>
		<UUID>9e674779-51c5-11df-9879-0800200c9a66</UUID>
		<Name>Remote Registry Service</Name>
		<Note>regsvc.exe</Note>
		<IsEnabled>true</IsEnabled>
		<IPSHookEnabled>true</IPSHookEnabled>
		<ProcessList>
			<Process>
				<Path>**\regsvc.exe</Path>
				<FileDescription/>
				<Signer/>
				<FingerPrint/>
			</Process>
		</ProcessList>
	</IPSAppHookRule>
	<IPSAppHookRule>
		<RuleID>IPSAppHookRule_VSTUDIO</RuleID>
		<UUID>9e67477a-51c5-11df-9879-0800200c9a66</UUID>
		<Name>Visual Studio</Name>
		<Note>devenv.exe</Note>
		<IsEnabled>true</IsEnabled>
		<IPSHookEnabled>true</IPSHookEnabled>
		<ProcessList>
			<Process>
				<Path>**\devenv.exe</Path>
				<FileDescription/>
				<Signer/>
				<FingerPrint/>
			</Process>
		</ProcessList>
	</IPSAppHookRule>
	<IPSAppHookRule>
		<RuleID>IPSAppHookRule_WINMGMT</RuleID>
		<UUID>9e67477b-51c5-11df-9879-0800200c9a66</UUID>
		<Name>Windows Management Instrumentation</Name>
		<Note>winmgmt.exe</Note>
		<IsEnabled>true</IsEnabled>
		<IPSHookEnabled>true</IPSHookEnabled>
		<ProcessList>
			<Process>
				<Path>**\winmgmt.exe</Path>
				<FileDescription/>
				<Signer/>
				<FingerPrint/>
			</Process>
		</ProcessList>
	</IPSAppHookRule>
	<IPSAppHookRule>
		<RuleID>IPSAppHookRule_SOFFICEBIN</RuleID>
		<UUID>9e67477c-51c5-11df-9879-0800200c9a66</UUID>
		<Name>OpenOffice.org (soffice.bin)</Name>
		<Note>soffice.bin</Note>
		<IsEnabled>true</IsEnabled>
		<IPSHookEnabled>true</IPSHookEnabled>
		<ProcessList>
			<Process>
				<Path>**\soffice.bin</Path>
				<FileDescription/>
				<Signer/>
				<FingerPrint/>
			</Process>
		</ProcessList>
	</IPSAppHookRule>
	<IPSAppHookRule>
		<RuleID>IPSAppHookRule_SOFFICEEXE</RuleID>
		<UUID>9e67477d-51c5-11df-9879-0800200c9a66</UUID>
		<Name>OpenOffice.org (soffice.exe)</Name>
		<Note>soffice.exe</Note>
		<IsEnabled>true</IsEnabled>
		<IPSHookEnabled>true</IPSHookEnabled>
		<ProcessList>
			<Process>
				<Path>**\soffice.exe</Path>
				<FileDescription/>
				<Signer/>
				<FingerPrint/>
			</Process>
		</ProcessList>
	</IPSAppHookRule>
	<IPSAppHookRule>
		<RuleID>IPSAppHookRule_ITUNES</RuleID>
		<UUID>5dc35370-521f-11df-9879-0800200c9a66</UUID>
		<Name>Apple iTunes</Name>
		<Note>iTunes.exe</Note>
		<IsEnabled>true</IsEnabled>
		<IPSHookEnabled>true</IPSHookEnabled>
		<ProcessList>
			<Process>
				<Path>**\iTunes.exe</Path>
				<FileDescription/>
				<Signer/>
				<FingerPrint/>
			</Process>
		</ProcessList>
	</IPSAppHookRule>
	<IPSAppHookRule>
		<RuleID>IPSAppHookRule_VMWAREVMX</RuleID>
		<UUID>5dc35371-521f-11df-9879-0800200c9a66</UUID>
		<Name>VMWare Virtual Machine</Name>
		<Note>vmware-vmx.exe</Note>
		<IsEnabled>true</IsEnabled>
		<IPSHookEnabled>true</IPSHookEnabled>
		<ProcessList>
			<Process>
				<Path>**\vmware-vmx.exe</Path>
				<FileDescription/>
				<Signer/>
				<FingerPrint/>
			</Process>
		</ProcessList>
	</IPSAppHookRule>
	<IPSAppHookRule>
		<RuleID>IPSAppHookRule_ACROBAT</RuleID>
		<UUID>5dc35372-521f-11df-9879-0800200c9a66</UUID>
		<Name>Adobe Acrobat</Name>
		<Note>acrobat.exe</Note>
		<IsEnabled>true</IsEnabled>
		<IPSHookEnabled>true</IPSHookEnabled>
		<ProcessList>
			<Process>
				<Path>**\acrobat.exe</Path>
				<FileDescription/>
				<Signer/>
				<FingerPrint/>
			</Process>
		</ProcessList>
	</IPSAppHookRule>
	<IPSAppHookRule>
		<RuleID>IPSAppHookRule_REALPLAY</RuleID>
		<UUID>5dc35373-521f-11df-9879-0800200c9a66</UUID>
		<Name>RealPlayer</Name>
		<Note>realplay.exe</Note>
		<IsEnabled>true</IsEnabled>
		<IPSHookEnabled>true</IPSHookEnabled>
		<ProcessList>
			<Process>
				<Path>**\realplay.exe</Path>
				<FileDescription/>
				<Signer/>
				<FingerPrint/>
			</Process>
		</ProcessList>
	</IPSAppHookRule>
	<IPSAppHookRule>
		<RuleID>IPSAppHookRule_TRILLIAN</RuleID>
		<UUID>5dc35374-521f-11df-9879-0800200c9a66</UUID>
		<Name>Trillian</Name>
		<Note>trillian.exe</Note>
		<IsEnabled>true</IsEnabled>
		<IPSHookEnabled>true</IPSHookEnabled>
		<ProcessList>
			<Process>
				<Path>**\trillian.exe</Path>
				<FileDescription/>
				<Signer/>
				<FingerPrint/>
			</Process>
		</ProcessList>
	</IPSAppHookRule>
	<IPSAppHookRule>
		<RuleID>IPSAppHookRule_WINAMP</RuleID>
		<UUID>5dc35375-521f-11df-9879-0800200c9a66</UUID>
		<Name>Winamp</Name>
		<Note>winamp.exe</Note>
		<IsEnabled>true</IsEnabled>
		<IPSHookEnabled>true</IPSHookEnabled>
		<ProcessList>
			<Process>
				<Path>**\winamp.exe</Path>
				<FileDescription/>
				<Signer/>
				<FingerPrint/>
			</Process>
		</ProcessList>
	</IPSAppHookRule>
	<IPSAppHookRule>
		<RuleID>IPSAppHookRule_MSNMSGR</RuleID>
		<UUID>5dc35376-521f-11df-9879-0800200c9a66</UUID>
		<Name>MSN Messenger</Name>
		<Note>msnmsgr.exe</Note>
		<IsEnabled>true</IsEnabled>
		<IPSHookEnabled>true</IPSHookEnabled>
		<ProcessList>
			<Process>
				<Path>**\msnmsgr.exe</Path>
				<FileDescription/>
				<Signer/>
				<FingerPrint/>
			</Process>
		</ProcessList>
	</IPSAppHookRule>
	<IPSAppHookRule>
		<RuleID>IPSAppHookRule_VISTAGADGETS</RuleID>
		<UUID>5dc35377-521f-11df-9879-0800200c9a66</UUID>
		<Name>Vista Gadget Sidebar</Name>
		<Note>sidebar.exe</Note>
		<IsEnabled>true</IsEnabled>
		<IPSHookEnabled>true</IPSHookEnabled>
		<ProcessList>
			<Process>
				<Path>**\sidebar.exe</Path>
				<FileDescription/>
				<Signer/>
				<FingerPrint/>
			</Process>
		</ProcessList>
	</IPSAppHookRule>
	<IPSAppHookRule>
		<RuleID>IPSAppHookRule_PHOTOSHOP</RuleID>
		<UUID>5dc35378-521f-11df-9879-0800200c9a66</UUID>
		<Name>Adobe Photoshop</Name>
		<Note>photoshop.exe</Note>
		<IsEnabled>true</IsEnabled>
		<IPSHookEnabled>true</IPSHookEnabled>
		<ProcessList>
			<Process>
				<Path>**\photoshop.exe</Path>
				<FileDescription/>
				<Signer/>
				<FingerPrint/>
			</Process>
		</ProcessList>
	</IPSAppHookRule>
	<IPSAppHookRule>
		<RuleID>IPSAppHookRule_VLCMEDIAPLAY</RuleID>
		<UUID>5dc35379-521f-11df-9879-0800200c9a66</UUID>
		<Name>VLC Media Player</Name>
		<Note>vlc.exe</Note>
		<IsEnabled>true</IsEnabled>
		<IPSHookEnabled>true</IPSHookEnabled>
		<ProcessList>
			<Process>
				<Path>**\vlc.exe</Path>
				<FileDescription/>
				<Signer/>
				<FingerPrint/>
			</Process>
		</ProcessList>
	</IPSAppHookRule>
	<IPSAppHookRule>
		<RuleID>IPSAppHookRule_MACHINEDEBUG</RuleID>
		<UUID>5dc3537a-521f-11df-9879-0800200c9a66</UUID>
		<Name>Machine Debug Manager</Name>
		<Note>mdm.exe</Note>
		<IsEnabled>true</IsEnabled>
		<IPSHookEnabled>true</IPSHookEnabled>
		<ProcessList>
			<Process>
				<Path>**\mdm.exe</Path>
				<FileDescription/>
				<Signer/>
				<FingerPrint/>
			</Process>
		</ProcessList>
	</IPSAppHookRule>
	<IPSAppHookRule>
		<RuleID>IPSAppHookRule_AOLRADIOCTL</RuleID>
		<UUID>5dc37a80-521f-11df-9879-0800200c9a66</UUID>
		<Name>AOL Radio Playback Control</Name>
		<Note>AOLMediaPlaybackControl.exe</Note>
		<IsEnabled>true</IsEnabled>
		<IPSHookEnabled>true</IPSHookEnabled>
		<ProcessList>
			<Process>
				<Path>**\AOLMediaPlaybackControl.exe</Path>
				<FileDescription/>
				<Signer/>
				<FingerPrint/>
			</Process>
		</ProcessList>
	</IPSAppHookRule>
	<IPSAppHookRule>
		<RuleID>IPSAppHookRule_ALBUMSTART</RuleID>
		<UUID>5dc37a81-521f-11df-9879-0800200c9a66</UUID>
		<Name>Adobe Album Starter Edition</Name>
		<Note>Photoshop Album Starter Edition.exe</Note>
		<IsEnabled>true</IsEnabled>
		<IPSHookEnabled>true</IPSHookEnabled>
		<ProcessList>
			<Process>
				<Path>**\Photoshop Album Starter Edition.exe</Path>
				<FileDescription/>
				<Signer/>
				<FingerPrint/>
			</Process>
		</ProcessList>
	</IPSAppHookRule>
	<IPSAppHookRule>
		<RuleID>IPSAppHookRule_FOXITREADER</RuleID>
		<UUID>5dc37a82-521f-11df-9879-0800200c9a66</UUID>
		<Name>Foxit Reader</Name>
		<Note>Foxit Reader.exe</Note>
		<IsEnabled>true</IsEnabled>
		<IPSHookEnabled>true</IPSHookEnabled>
		<ProcessList>
			<Process>
				<Path>**\Foxit Reader.exe</Path>
				<FileDescription/>
				<Signer/>
				<FingerPrint/>
			</Process>
		</ProcessList>
	</IPSAppHookRule>
	<IPSAppHookRule>
		<RuleID>IPSAppHookRule_FLASHPLAYER</RuleID>
		<UUID>5dc37a83-521f-11df-9879-0800200c9a66</UUID>
		<Name>Adobe Flash Player</Name>
		<Note>FlashPlayer.exe</Note>
		<IsEnabled>true</IsEnabled>
		<IPSHookEnabled>true</IPSHookEnabled>
		<ProcessList>
			<Process>
				<Path>**\FlashPlayer.exe</Path>
				<FileDescription/>
				<Signer/>
				<FingerPrint/>
			</Process>
		</ProcessList>
	</IPSAppHookRule>
	<IPSAppHookRule>
		<RuleID>IPSAppHookRule_APACHE</RuleID>
		<UUID>5dc37a84-521f-11df-9879-0800200c9a66</UUID>
		<Name>Apache Web service</Name>
		<Note>httpd.exe|Apache.exe</Note>
		<IsEnabled>true</IsEnabled>
		<IPSHookEnabled>true</IPSHookEnabled>
		<ProcessList>
			<Process>
				<Path>**\httpd.exe</Path>
				<FileDescription/>
				<Signer/>
				<FingerPrint/>
			</Process>
			<Process>
				<Path>**\Apache.exe</Path>
				<FileDescription/>
				<Signer/>
				<FingerPrint/>
			</Process>
		</ProcessList>
	</IPSAppHookRule>
	<IPSAppHookRule>
		<RuleID>IPSAppHookRule_MOVIE_MAKER</RuleID>
		<UUID>5dc37a85-521f-11df-9879-0800200c9a66</UUID>
		<Name>Windows Movie Maker</Name>
		<Note>moviemk.exe</Note>
		<IsEnabled>true</IsEnabled>
		<IPSHookEnabled>true</IPSHookEnabled>
		<ProcessList>
			<Process>
				<Path>**\moviemk.exe</Path>
				<FileDescription/>
				<Signer/>
				<FingerPrint/>
			</Process>
		</ProcessList>
	</IPSAppHookRule>
	<IPSAppHookRule>
		<RuleID>IPSAppHookRule_MEDIA_SERVER</RuleID>
		<UUID>5dc37a86-521f-11df-9879-0800200c9a66</UUID>
		<Name>Windows Media Service</Name>
		<Note>nsum.exe</Note>
		<IsEnabled>true</IsEnabled>
		<IPSHookEnabled>true</IPSHookEnabled>
		<ProcessList>
			<Process>
				<Path>**\nsum.exe</Path>
				<FileDescription/>
				<Signer/>
				<FingerPrint/>
			</Process>
		</ProcessList>
	</IPSAppHookRule>
	<IPSAppHookRule>
		<RuleID>IPSAppHookRule_REGEDIT</RuleID>
		<UUID>5dc37a87-521f-11df-9879-0800200c9a66</UUID>
		<Name>Registry Editor</Name>
		<Note>regedit.exe</Note>
		<IsEnabled>true</IsEnabled>
		<IPSHookEnabled>true</IPSHookEnabled>
		<ProcessList>
			<Process>
				<Path>**\regedit.exe</Path>
				<FileDescription/>
				<Signer/>
				<FingerPrint/>
			</Process>
		</ProcessList>
	</IPSAppHookRule>
	<IPSAppHookRule>
		<RuleID>IPSAppHookRule_WMPNETWK</RuleID>
		<UUID>5dc37a88-521f-11df-9879-0800200c9a66</UUID>
		<Name>Windows Media Network Sharing Service</Name>
		<Note>wmpnetwk.exe</Note>
		<IsEnabled>true</IsEnabled>
		<IPSHookEnabled>true</IPSHookEnabled>
		<ProcessList>
			<Process>
				<Path>**\wmpnetwk.exe</Path>
				<FileDescription/>
				<Signer/>
				<FingerPrint/>
			</Process>
		</ProcessList>
	</IPSAppHookRule>
	<IPSAppHookRule>
		<RuleID>IPSAppHookRule_SAFARI</RuleID>
		<UUID>5dc37a89-521f-11df-9879-0800200c9a66</UUID>
		<Name>Apple Safari</Name>
		<Note>safari.exe</Note>
		<IsEnabled>true</IsEnabled>
		<IPSHookEnabled>true</IPSHookEnabled>
		<ProcessList>
			<Process>
				<Path>**\safari.exe</Path>
				<FileDescription/>
				<Signer/>
				<FingerPrint/>
			</Process>
		</ProcessList>
	</IPSAppHookRule>
	<IPSAppHookRule>
		<RuleID>IPSAppHookRule_CHROME</RuleID>
		<UUID>5dc37a8a-521f-11df-9879-0800200c9a66</UUID>
		<Name>Google Chrome</Name>
		<Note>chrome.exe</Note>
		<IsEnabled>true</IsEnabled>
		<IPSHookEnabled>false</IPSHookEnabled>
		<ProcessList>
			<Process>
				<Path>**\chrome.exe</Path>
				<FileDescription/>
				<Signer/>
				<FingerPrint/>
			</Process>
		</ProcessList>
	</IPSAppHookRule>
	<IPSAppHookRule>
		<RuleID>IPSAppHookRule_FXSCOVER</RuleID>
		<UUID>5dc37a8b-521f-11df-9879-0800200c9a66</UUID>
		<Name>Microsoft Fax Cover Page Editor</Name>
		<Note>fxscover.exe</Note>
		<IsEnabled>true</IsEnabled>
		<IPSHookEnabled>true</IPSHookEnabled>
		<ProcessList>
			<Process>
				<Path>**\fxscover.exe</Path>
				<FileDescription/>
				<Signer/>
				<FingerPrint/>
			</Process>
		</ProcessList>
	</IPSAppHookRule>
	<IPSAppHookRule>
		<RuleID>IPSAppHookRule_JAVA</RuleID>
		<UUID>5dc37a8c-521f-11df-9879-0800200c9a66</UUID>
		<Name>Java Platform SE binary</Name>
		<Note>java.exe</Note>
		<IsEnabled>true</IsEnabled>
		<IPSHookEnabled>true</IPSHookEnabled>
		<ProcessList>
			<Process>
				<Path>**\java.exe</Path>
				<FileDescription/>
				<Signer/>
				<FingerPrint/>
			</Process>
		</ProcessList>
	</IPSAppHookRule>
	<IPSAppHookRule>
		<RuleID>IPSAppHookRule_SYMPCANYWHERE</RuleID>
		<UUID>5dc37a8d-521f-11df-9879-0800200c9a66</UUID>
		<Name>pcAnywhere Host</Name>
		<Note>awhost32.exe</Note>
		<IsEnabled>true</IsEnabled>
		<IPSHookEnabled>true</IPSHookEnabled>
		<ProcessList>
			<Process>
				<Path>**\awhost32.exe</Path>
				<FileDescription/>
				<Signer/>
				<FingerPrint/>
			</Process>
		</ProcessList>
	</IPSAppHookRule>
	<IPSAppHookRule>
		<RuleID>IPSAppHookRule_DLPENDPOINT</RuleID>
		<UUID>5dc37a8e-521f-11df-9879-0800200c9a66</UUID>
		<Name>DLP Endpoint</Name>
		<Note>fcagte.exe</Note>
		<IsEnabled>true</IsEnabled>
		<IPSHookEnabled>true</IPSHookEnabled>
		<ProcessList>
			<Process>
				<Path>**\fcagte.exe</Path>
				<FileDescription/>
				<Signer/>
				<FingerPrint/>
			</Process>
		</ProcessList>
	</IPSAppHookRule>
	<IPSAppHookRule>
		<RuleID>IPSAppHookRule_FIREFOXPLUGINS</RuleID>
		<UUID>5dc37a8f-521f-11df-9879-0800200c9a66</UUID>
		<Name>Plugin Container for Firefox</Name>
		<Note>plugin-container.exe</Note>
		<IsEnabled>true</IsEnabled>
		<IPSHookEnabled>true</IPSHookEnabled>
		<ProcessList>
			<Process>
				<Path>**\plugin-container.exe</Path>
				<FileDescription/>
				<Signer/>
				<FingerPrint/>
			</Process>
		</ProcessList>
	</IPSAppHookRule>
	<IPSAppHookRule>
		<RuleID>IPSAppHookRule_DOTNETFRAMEWORKHOST</RuleID>
		<UUID>5dc37a90-521f-11df-9879-0800200c9a66</UUID>
		<Name>.Net Framework Host</Name>
		<Note>PresentationHost.exe</Note>
		<IsEnabled>true</IsEnabled>
		<IPSHookEnabled>true</IPSHookEnabled>
		<ProcessList>
			<Process>
				<Path>**\PresentationHost.exe</Path>
				<FileDescription/>
				<Signer/>
				<FingerPrint/>
			</Process>
		</ProcessList>
	</IPSAppHookRule>	
	<IPSAppHookRule>
		<RuleID>IPSAppHookRule_JAVAW</RuleID>
		<UUID>5dc37a91-521f-11df-9879-0800200c9a66</UUID>
		<Name>Java(TM) Platform SE binary</Name>
		<Note>javaw.exe</Note>
		<IsEnabled>true</IsEnabled>
		<IPSHookEnabled>true</IPSHookEnabled>
		<ProcessList>
			<Process>
				<Path>**\javaw.exe</Path>
				<FileDescription/>
				<Signer/>
				<FingerPrint/>
			</Process>
		</ProcessList>
	</IPSAppHookRule>
	<IPSAppHookRule>
		<RuleID>IPSAppHookRule_ADOBECOLLABSYNC</RuleID>
		<UUID>5dc37a92-521f-11df-9879-0800200c9a66</UUID>
		<Name>Adobe Collaboration Synchronizer</Name>
		<Note>AdobeCollabSync.exe</Note>
		<IsEnabled>true</IsEnabled>
		<IPSHookEnabled>true</IPSHookEnabled>
		<ProcessList>
			<Process>
				<Path>**\AdobeCollabSync.exe</Path>
				<FileDescription/>
				<Signer/>
				<FingerPrint/>
			</Process>
		</ProcessList>
	</IPSAppHookRule>
	<IPSAppHookRule>
		<RuleID>IPSAppHookRule_POWERSHELL</RuleID>
		<UUID>5dc37a93-521f-11df-9879-0800200c9a66</UUID>
		<Name>Microsoft Windows POWERSHELL</Name>
		<Note>powershell.exe</Note>
		<IsEnabled>true</IsEnabled>
		<IPSHookEnabled>true</IPSHookEnabled>
		<ProcessList>
			<Process>
				<Path>**\powershell.exe</Path>
				<FileDescription/>
			    <Signer/>
				<FingerPrint/>
			</Process>
		</ProcessList>
    </IPSAppHookRule>
	<IPSAppHookRule>
		<RuleID>IPSAppHookRule_REGSVR32</RuleID>
		<UUID>5dc37a94-521f-11df-9879-0800200c9a66</UUID>
		<Name>Microsoft Register Server</Name>
		<Note>REGSVR32.EXE</Note>
		<IsEnabled>true</IsEnabled>
		<IPSHookEnabled>true</IPSHookEnabled>
		<ProcessList>
			<Process>
				<Path>**\REGSVR32.EXE</Path>
				<FileDescription/>
			    <Signer/>
				<FingerPrint/>
			</Process>
		</ProcessList>
    </IPSAppHookRule>
	<IPSAppHookRule>
		<RuleID>IPSAppHookRule_FLASHPLAYERPLUGIN</RuleID>
		<UUID>5dc37a95-521f-11df-9879-0800200c9a66</UUID>
		<Name>Adobe Flash Player Plugin</Name>
		<Note>FLASHPLAYERPLUGIN_*_*_*_*.EXE</Note>
		<IsEnabled>true</IsEnabled>
		<IPSHookEnabled>true</IPSHookEnabled>
		<ProcessList>
			<Process>
				<Path>**\FLASH\FLASHPLAYERPLUGIN_*_*_*_*.EXE</Path>
				<FileDescription/>
			    <Signer/>
				<FingerPrint/>
			</Process>
		</ProcessList>
    </IPSAppHookRule>
	<IPSAppHookRule>
		<RuleID>IPSAppHookRule_RuntimeBroker</RuleID>
		<UUID>5dc37a96-521f-11df-9879-0800200c9a66</UUID>
		<Name>Runtime Broker</Name>
		<Note>RUNTIMEBROKER.EXE</Note>
		<IsEnabled>true</IsEnabled>
		<IPSHookEnabled>false</IPSHookEnabled>
		<ProcessList>
			<Process>
				<Path>**\RUNTIMEBROKER.EXE</Path>
				<FileDescription/>
			    <Signer/>
				<FingerPrint/>
			</Process>
		</ProcessList>
    </IPSAppHookRule>
	<IPSAppHookRule>
		<RuleID>IPSAppHookRule_MicrosoftEdge</RuleID>
		<UUID>5dc37a97-521f-11df-9879-0800200c9a66</UUID>
		<Name>Microsoft Edge</Name>
		<Note>MICROSOFTEDGE.EXE</Note>
		<IsEnabled>true</IsEnabled>
		<IPSHookEnabled>false</IPSHookEnabled>
		<ProcessList>
			<Process>
				<Path>**\MICROSOFTEDGE.EXE</Path>
				<FileDescription/>
			    <Signer/>
				<FingerPrint/>
			</Process>
		</ProcessList>
    </IPSAppHookRule>
	<IPSAppHookRule>
		<RuleID>IPSAppHookRule_MICROSOFTEDGECP</RuleID>
		<UUID>5dc37a98-521f-11df-9879-0800200c9a66</UUID>
		<Name>Microsoft Edge Content Process</Name>
		<Note>MICROSOFTEDGECP.EXE</Note>
		<IsEnabled>true</IsEnabled>
		<IPSHookEnabled>false</IPSHookEnabled>
		<ProcessList>
			<Process>
				<Path>**\MICROSOFTEDGECP.EXE</Path>
				<FileDescription/>
			    <Signer/>
				<FingerPrint/>
			</Process>
		</ProcessList>
    </IPSAppHookRule>
	<IPSAppHookRule>
		<RuleID>IPSAppHookRule_APPLICATIONFRAMEHOST</RuleID>
		<UUID>5dc37a99-521f-11df-9879-0800200c9a66</UUID>
		<Name>ApplicationFrameHost</Name>
		<Note>ApplicationFrameHost.exe</Note>
		<IsEnabled>true</IsEnabled>
		<IPSHookEnabled>false</IPSHookEnabled>
		<ProcessList>
			<Process>
				<Path>**\ApplicationFrameHost.exe</Path>
				<FileDescription/>
			    <Signer/>
				<FingerPrint/>
			</Process>
		</ProcessList>
    </IPSAppHookRule>
	<IPSAppHookRule>
		<RuleID>IPSAppHookRule_BROWSERBROKER</RuleID>
		<UUID>5dc37a9a-521f-11df-9879-0800200c9a66</UUID>
		<Name>BrowserBroker</Name>
		<Note>browser_broker.exe</Note>
		<IsEnabled>true</IsEnabled>
		<IPSHookEnabled>false</IPSHookEnabled>
		<ProcessList>
			<Process>
				<Path>**\browser_broker.exe</Path>
				<FileDescription/>
			    <Signer/>
				<FingerPrint/>
			</Process>
		</ProcessList>
    </IPSAppHookRule>
	<IPSAppHookRule>
		<RuleID>IPSAppHookRule_CSCRIPT</RuleID>
		<UUID>5dc37a9b-521f-11df-9879-0800200c9a66</UUID>
		<Name>CScript</Name>
		<Note>cscript.exe</Note>
		<IsEnabled>true</IsEnabled>
		<IPSHookEnabled>true</IPSHookEnabled>
		<ProcessList>
			<Process>
				<Path>**\cscript.exe</Path>
				<FileDescription/>
			    <Signer/>
				<FingerPrint/>
			</Process>
		</ProcessList>
    </IPSAppHookRule>
	<IPSAppHookRule>
		<RuleID>IPSAppHookRule_WSCRIPT</RuleID>
		<UUID>5dc37a9c-521f-11df-9879-0800200c9a66</UUID>
		<Name>Wscript</Name>
		<Note>wscript.exe</Note>
		<IsEnabled>true</IsEnabled>
		<IPSHookEnabled>true</IPSHookEnabled>
		<ProcessList>
			<Process>
				<Path>**\wscript.exe</Path>
				<FileDescription/>
			    <Signer/>
				<FingerPrint/>
			</Process>
		</ProcessList>
    </IPSAppHookRule>
	<IPSAppHookRule>
		<RuleID>IPSAppHookRule_COOLREADER</RuleID>
		<UUID>5dc37a9d-521f-11df-9879-0800200c9a66</UUID>
		<Name>CoolReader</Name>
		<Note>CoolReader.exe</Note>
		<IsEnabled>true</IsEnabled>
		<IPSHookEnabled>true</IPSHookEnabled>
		<ProcessList>
			<Process>
				<Path>**\CoolReader.exe</Path>
				<FileDescription/>
			    <Signer/>
				<FingerPrint/>
			</Process>
		</ProcessList>
    </IPSAppHookRule>
	<IPSAppHookRule>
		<RuleID>IPSAppHookRule_COOLPDFREADER</RuleID>
		<UUID>5dc37a9e-521f-11df-9879-0800200c9a66</UUID>
		<Name>CoolPDFReader</Name>
		<Note>CoolPDFReader.exe</Note>
		<IsEnabled>true</IsEnabled>
		<IPSHookEnabled>true</IPSHookEnabled>
		<ProcessList>
			<Process>
				<Path>**\*CoolPDFReader.exe</Path>
				<FileDescription/>
			    <Signer/>
				<FingerPrint/>
			</Process>
		</ProcessList>
    </IPSAppHookRule>
	<IPSAppHookRule>
		<RuleID>IPSAppHookRule_MSXSL</RuleID>
		<UUID>5dc37a9f-521f-11df-9879-0800200c9a66</UUID>
		<Name>MSCommandLineXSLT</Name>
		<Note>msxsl.exe</Note>
		<IsEnabled>true</IsEnabled>
		<IPSHookEnabled>true</IPSHookEnabled>
		<ProcessList>
			<Process>
				<Path>**\msxsl.exe</Path>
				<FileDescription/>
			    <Signer/>
				<FingerPrint/>
			</Process>
		</ProcessList>
    </IPSAppHookRule>
    <IPSAppHookRule>
		<RuleID>IPSAppHookRule_EQNEDT32</RuleID>
		<UUID>5dc37aa2-521f-11df-9879-0800200c9a66</UUID>
		<Name>EquationEditor</Name>
		<Note>eqnedt32.exe</Note>
		<IsEnabled>true</IsEnabled>
		<IPSHookEnabled>true</IPSHookEnabled>
		<ProcessList>
			<Process>
				<Path>**\eqnedt32.exe</Path>
				<FileDescription/>
			    <Signer/>
				<FingerPrint/>
			</Process>
		</ProcessList>
    </IPSAppHookRule>	
	<IPSAppHookRule>
		<RuleID>IPSAppHookRule_WMIC</RuleID>
		<UUID>5dc37aa4-521f-11df-9879-0800200c9a66</UUID>
		<Name>WMIC</Name>
		<Note>wmic.exe</Note>
		<IsEnabled>true</IsEnabled>
		<IPSHookEnabled>true</IPSHookEnabled>
		<ProcessList>
			<Process>
				<Path>**\wmic.exe</Path>
				<FileDescription/>
			    <Signer/>
				<FingerPrint/>
			</Process>
		</ProcessList>
    </IPSAppHookRule>		
</IPS_Hooking_Whitelist>
