<?xml version="1.0" encoding="UTF-8"?>
<TrustedApps xmlns="http://www.mcafee.com/namespace" xmlns:xsi="http://www.w3.org/2001/XMLSchema-instance" xsi:schemaLocation="http://www.mcafee.com/namespace
.\TrustedApps_8.xsd">
	<TrustedApp>
		<AppID>TrustedApp_ALL_McAfee_Signed_Application</AppID>
		<UUID>e7a2dca0-646c-11df-a08a-0800200c9a66</UUID>
		<Name>All McAfee Signed Application</Name>
		<Note>All McAfee Signed Application</Note>
		<IsEnabled>true</IsEnabled>
		<IPSTrustedStatus>true</IPSTrustedStatus>
		<FWTrustedStatus>true</FWTrustedStatus>
		<ProcessList>
			<Process>
				<Path/>
				<FileDescription/>
				<Signer>CN="McAfee, Inc.", OU=IIS, OU=Digital ID Class 3 - Microsoft Software Validation v2, O="McAfee, Inc.", L=Santa Clara, S=California, C=US</Signer>
				<FingerPrint/>
			</Process>
			<Process>
				<Path/>
				<FileDescription/>
				<Signer>CN="McAfee, Inc.", OU=Engineering, OU=Digital ID Class 3 - Microsoft Software Validation v2, O="McAfee, Inc.", L=Santa Clara, S=Oregon, C=US</Signer>
				<FingerPrint/>
			</Process>
			<Process>
				<Path/>
				<FileDescription/>
				<Signer>CN=MCAFEE INTERNATIONAL LTD., OU=R&amp;D, OU=DIGITAL ID CLASS 3 - MICROSOFT SOFTWARE VALIDATION V2, O=MCAFEE INTERNATIONAL LTD., L=HOVE, S=EAST SUSSEX, C=GB</Signer>
				<FingerPrint/>
			</Process>
			<Process>
				<Path/>
				<FileDescription/>
				<Signer>CN=Intel Corporation, OU=ISecG Enterprise, O=Intel Corporation, STREET = 2200 Mission College Blvd, STREET = FM1-110, L=Santa Clara, S=CA, PostalCode = 95054, C=US</Signer>
				<FingerPrint/>
			</Process>
			<Process>
				<Path/>
				<FileDescription/>
				<Signer>CN="McAfee, Inc.", OU=Engineering, O="McAfee, Inc.", L=Santa Clara, S=California, C=US</Signer>
				<FingerPrint/>
			</Process>
			<Process>
				<Path/>
				<FileDescription/>
				<Signer>CN="McAfee, LLC", OU=Enterprise, O="McAfee, LLC", STREET = 2821 Mission College Blvd, L=Santa Clara, S=CA, PostalCode = 95054, C=US</Signer>
				<FingerPrint/>
			</Process>
		</ProcessList>
	</TrustedApp>
	<TrustedApp>
		<AppID>TrustedApp_McAfee_VirusScan_Enterprise_80</AppID>
		<UUID>69061511-4928-11df-9879-0800200c9a66</UUID>
		<Name>McAfee VirusScan Enterprise 8.0i and 8.5</Name>
		<Note>Scan.exe|TBMon.exe</Note>
		<IsEnabled>true</IsEnabled>
		<IPSTrustedStatus>true</IPSTrustedStatus>
		<FWTrustedStatus>false</FWTrustedStatus>
		<ProcessList>
			<Process>
				<Path>%CommonProgramFiles%\Network Associates\Engine\Scan.exe</Path>
				<FileDescription>AV Scanner Shell</FileDescription>
				<Signer/>
				<FingerPrint/>
			</Process>
			<Process>
				<Path>%CommonProgramFiles%\Network Associates\TalkBack\TBMon.exe</Path>
				<FileDescription>TalkBack Monitor</FileDescription>
				<Signer/>
				<FingerPrint/>
			</Process>
			<Process>
				<Path>%ProgramFiles%\Network Associates\VirusScan\*</Path>
				<FileDescription/>
				<Signer>CN="McAfee, Inc.", OU=IIS, OU=Digital ID Class 3 - Microsoft Software Validation v2, O="McAfee, Inc.", L=Santa Clara, S=California, C=US</Signer>
				<FingerPrint/>
			</Process>
			<Process>
				<Path>%ProgramFiles%\Network Associates\VirusScan\*</Path>
				<FileDescription/>
				<Signer>CN="McAfee, Inc.", OU=Engineering, OU=Digital ID Class 3 - Microsoft Software Validation v2, O="McAfee, Inc.", L=Santa Clara, S=Oregon, C=US</Signer>
				<FingerPrint/>
			</Process>
			<Process>
				<Path>%ProgramFiles%\Network Associates\VirusScan\*</Path>
				<FileDescription/>
				<Signer>CN=Intel Corporation, OU=ISecG Enterprise, O=Intel Corporation, STREET = 2200 Mission College Blvd, STREET = FM1-110, L=Santa Clara, S=CA, PostalCode = 95054, C=US</Signer>
				<FingerPrint/>
			</Process>
			<Process>
				<Path>%ProgramFiles%\Network Associates\VirusScan\*</Path>
				<FileDescription/>
				<Signer>CN="McAfee, Inc.", OU=Engineering, O="McAfee, Inc.", L=Santa Clara, S=California, C=US</Signer>
				<FingerPrint/>
			</Process>
			<Process>
				<Path>%ProgramFiles%\Network Associates\VirusScan\*</Path>
				<FileDescription/>
				<Signer>CN="McAfee, LLC", OU=Enterprise, O="McAfee, LLC", STREET = 2821 Mission College Blvd, L=Santa Clara, S=CA, PostalCode = 95054, C=US</Signer>
				<FingerPrint/>
			</Process>
			<Process>
				<Path>%ProgramFiles%\McAfee\VirusScan Enterprise\*</Path>
				<FileDescription/>
				<Signer>CN="McAfee, Inc.", OU=IIS, OU=Digital ID Class 3 - Microsoft Software Validation v2, O="McAfee, Inc.", L=Santa Clara, S=California, C=US</Signer>
				<FingerPrint/>
			</Process>
			<Process>
				<Path>%ProgramFiles%\McAfee\VirusScan Enterprise\*</Path>
				<FileDescription/>
				<Signer>CN="McAfee, Inc.", OU=Engineering, OU=Digital ID Class 3 - Microsoft Software Validation v2, O="McAfee, Inc.", L=Santa Clara, S=Oregon, C=US</Signer>
				<FingerPrint/>
			</Process>
			<Process>
				<Path>%ProgramFiles%\McAfee\VirusScan Enterprise\*</Path>
				<FileDescription/>
				<Signer>CN=Intel Corporation, OU=ISecG Enterprise, O=Intel Corporation, STREET = 2200 Mission College Blvd, STREET = FM1-110, L=Santa Clara, S=CA, PostalCode = 95054, C=US</Signer>
				<FingerPrint/>
			</Process>
			<Process>
				<Path>%ProgramFiles%\McAfee\VirusScan Enterprise\*</Path>
				<FileDescription/>
				<Signer>CN="McAfee, Inc.", OU=Engineering, O="McAfee, Inc.", L=Santa Clara, S=California, C=US</Signer>
				<FingerPrint/>
			</Process>
			<Process>
				<Path>%ProgramFiles%\McAfee\VirusScan Enterprise\*</Path>
				<FileDescription/>
				<Signer>CN="McAfee, LLC", OU=Enterprise, O="McAfee, LLC", STREET = 2821 Mission College Blvd, L=Santa Clara, S=CA, PostalCode = 95054, C=US</Signer>
				<FingerPrint/>
			</Process>
		</ProcessList>
	</TrustedApp>
	<TrustedApp>
		<AppID>TrustedApp_McAfee_Common_Framework</AppID>
		<UUID>69061512-4928-11df-9879-0800200c9a66</UUID>
		<Name>McAfee Common Framework</Name>
		<Note/>
		<IsEnabled>true</IsEnabled>
		<IPSTrustedStatus>true</IPSTrustedStatus>
		<FWTrustedStatus>true</FWTrustedStatus>
		<ProcessList>
			<Process>
				<Path>%ProgramFiles%\McAfee\Common Framework\*</Path>
				<FileDescription/>
				<Signer>CN="McAfee, Inc.", OU=IIS, OU=Digital ID Class 3 - Microsoft Software Validation v2, O="McAfee, Inc.", L=Santa Clara, S=California, C=US</Signer>
				<FingerPrint/>
			</Process>
			<Process>
				<Path>%ProgramFiles%\McAfee\Common Framework\*</Path>
				<FileDescription/>
				<Signer>CN="McAfee, Inc.", OU=Engineering, OU=Digital ID Class 3 - Microsoft Software Validation v2, O="McAfee, Inc.", L=Santa Clara, S=Oregon, C=US</Signer>
				<FingerPrint/>
			</Process>
			<Process>
				<Path>%ProgramFiles%\McAfee\Common Framework\*</Path>
				<FileDescription/>
				<Signer>CN=Intel Corporation, OU=ISecG Enterprise, O=Intel Corporation, STREET = 2200 Mission College Blvd, STREET = FM1-110, L=Santa Clara, S=CA, PostalCode = 95054, C=US</Signer>
				<FingerPrint/>
			</Process>
			<Process>
				<Path>%ProgramFiles%\McAfee\Common Framework\*</Path>
				<FileDescription/>
				<Signer>CN="McAfee, Inc.", OU=Engineering, O="McAfee, Inc.", L=Santa Clara, S=California, C=US</Signer>
				<FingerPrint/>
			</Process>
			<Process>
				<Path>%ProgramFiles%\McAfee\Common Framework\*</Path>
				<FileDescription/>
				<Signer>CN="McAfee, LLC", OU=Enterprise, O="McAfee, LLC", STREET = 2821 Mission College Blvd, L=Santa Clara, S=CA, PostalCode = 95054, C=US</Signer>
				<FingerPrint/>
			</Process>
			<Process>
				<Path>%ProgramFiles%\Network Associates\Common Framework\*</Path>
				<FileDescription/>
				<Signer>CN="McAfee, Inc.", OU=IIS, OU=Digital ID Class 3 - Microsoft Software Validation v2, O="McAfee, Inc.", L=Santa Clara, S=California, C=US</Signer>
				<FingerPrint/>
			</Process>
			<Process>
				<Path>%ProgramFiles%\Network Associates\Common Framework\*</Path>
				<FileDescription/>
				<Signer>CN="McAfee, Inc.", OU=Engineering, OU=Digital ID Class 3 - Microsoft Software Validation v2, O="McAfee, Inc.", L=Santa Clara, S=Oregon, C=US</Signer>
				<FingerPrint/>
			</Process>
			<Process>
				<Path>%ProgramFiles%\Network Associates\Common Framework\*</Path>
				<FileDescription/>
				<Signer>CN=Intel Corporation, OU=ISecG Enterprise, O=Intel Corporation, STREET = 2200 Mission College Blvd, STREET = FM1-110, L=Santa Clara, S=CA, PostalCode = 95054, C=US</Signer>
				<FingerPrint/>
			</Process>
			<Process>
				<Path>%ProgramFiles%\Network Associates\Common Framework\*</Path>
				<FileDescription/>
				<Signer>CN="McAfee, Inc.", OU=Engineering, O="McAfee, Inc.", L=Santa Clara, S=California, C=US</Signer>
				<FingerPrint/>
			</Process>
			<Process>
				<Path>%ProgramFiles%\Network Associates\Common Framework\*</Path>
				<FileDescription/>
				<Signer>CN="McAfee, LLC", OU=Enterprise, O="McAfee, LLC", STREET = 2821 Mission College Blvd, L=Santa Clara, S=CA, PostalCode = 95054, C=US</Signer>
				<FingerPrint/>
			</Process>
		</ProcessList>
	</TrustedApp>
	<TrustedApp>
		<AppID>TrustedApp_McAfee_ePO_36</AppID>
		<UUID>e75bbdb0-4c53-11df-9879-0800200c9a66</UUID>
		<Name>McAfee ePO 3.6 and 3.6.1</Name>
		<Note>Dasetup.exe|DISTRIB.exe|Replmerg.exe|Bcp.exe|cnfgsvr.exe|DTSRUN.exe|scm.exe|sqlmangr.exe|SVRNETCN.exe</Note>
		<IsEnabled>true</IsEnabled>
		<IPSTrustedStatus>true</IPSTrustedStatus>
		<FWTrustedStatus>false</FWTrustedStatus>
		<ProcessList>
			<Process>
				<Path>%CommonProgramFiles%\Microsoft Shared\dasetup\dasetup.exe</Path>
				<FileDescription/>
				<Signer>CN=Microsoft Windows, O=Microsoft Corporation, L=Redmond, S=Washington, C=US</Signer>
				<FingerPrint/>
			</Process>
			<Process>
				<Path>%CommonProgramFiles%\Microsoft Shared\dasetup\dasetup.exe</Path>
				<FileDescription/>
				<Signer>CN=Microsoft Windows, OU=MOPR, O=Microsoft Corporation, L=Redmond, S=Washington, C=US</Signer>
				<FingerPrint/>
			</Process>
			<Process>
				<Path>%CommonProgramFiles%\Microsoft Shared\dasetup\dasetup.exe</Path>
				<FileDescription/>
				<Signer>CN=Microsoft Corporation, OU=MOPR, O=Microsoft Corporation, L=Redmond, S=Washington, C=US</Signer>
				<FingerPrint/>
			</Process>
			<Process>
				<Path>%CommonProgramFiles%\Microsoft Shared\dasetup\dasetup.exe</Path>
				<FileDescription/>
				<Signer>CN=Microsoft Windows Component Publisher, O=Microsoft Corporation, L=Redmond, S=Washington, C=US</Signer>
				<FingerPrint/>
			</Process>
			<Process>
				<Path>%ProgramFiles%\Microsoft SQL Server\80\COM\DISTRIB.exe</Path>
				<FileDescription/>
				<Signer>CN=Microsoft Windows, O=Microsoft Corporation, L=Redmond, S=Washington, C=US</Signer>
				<FingerPrint/>
			</Process>
			<Process>
				<Path>%ProgramFiles%\Microsoft SQL Server\80\COM\DISTRIB.exe</Path>
				<FileDescription/>
				<Signer>CN=Microsoft Windows, OU=MOPR, O=Microsoft Corporation, L=Redmond, S=Washington, C=US</Signer>
				<FingerPrint/>
			</Process>
			<Process>
				<Path>%ProgramFiles%\Microsoft SQL Server\80\COM\DISTRIB.exe</Path>
				<FileDescription/>
				<Signer>CN=Microsoft Corporation, OU=MOPR, O=Microsoft Corporation, L=Redmond, S=Washington, C=US</Signer>
				<FingerPrint/>
			</Process>
			<Process>
				<Path>%ProgramFiles%\Microsoft SQL Server\80\COM\DISTRIB.exe</Path>
				<FileDescription/>
				<Signer>CN=Microsoft Windows Component Publisher, O=Microsoft Corporation, L=Redmond, S=Washington, C=US</Signer>
				<FingerPrint/>
			</Process>
			<Process>
				<Path>%ProgramFiles%\Microsoft SQL Server\80\COM\replmerg.exe</Path>
				<FileDescription/>
				<Signer>CN=Microsoft Windows, O=Microsoft Corporation, L=Redmond, S=Washington, C=US</Signer>
				<FingerPrint/>
			</Process>
			<Process>
				<Path>%ProgramFiles%\Microsoft SQL Server\80\COM\replmerg.exe</Path>
				<FileDescription/>
				<Signer>CN=Microsoft Windows, OU=MOPR, O=Microsoft Corporation, L=Redmond, S=Washington, C=US</Signer>
				<FingerPrint/>
			</Process>
			<Process>
				<Path>%ProgramFiles%\Microsoft SQL Server\80\COM\replmerg.exe</Path>
				<FileDescription/>
				<Signer>CN=Microsoft Corporation, OU=MOPR, O=Microsoft Corporation, L=Redmond, S=Washington, C=US</Signer>
				<FingerPrint/>
			</Process>
			<Process>
				<Path>%ProgramFiles%\Microsoft SQL Server\80\COM\replmerg.exe</Path>
				<FileDescription/>
				<Signer>CN=Microsoft Windows Component Publisher, O=Microsoft Corporation, L=Redmond, S=Washington, C=US</Signer>
				<FingerPrint/>
			</Process>
			<Process>
				<Path>%ProgramFiles%\Microsoft SQL Server\80\COM\snapshot.exe</Path>
				<FileDescription/>
				<Signer>CN=Microsoft Windows, O=Microsoft Corporation, L=Redmond, S=Washington, C=US</Signer>
				<FingerPrint/>
			</Process>
			<Process>
				<Path>%ProgramFiles%\Microsoft SQL Server\80\COM\snapshot.exe</Path>
				<FileDescription/>
				<Signer>CN=Microsoft Windows, OU=MOPR, O=Microsoft Corporation, L=Redmond, S=Washington, C=US</Signer>
				<FingerPrint/>
			</Process>
			<Process>
				<Path>%ProgramFiles%\Microsoft SQL Server\80\COM\snapshot.exe</Path>
				<FileDescription/>
				<Signer>CN=Microsoft Corporation, OU=MOPR, O=Microsoft Corporation, L=Redmond, S=Washington, C=US</Signer>
				<FingerPrint/>
			</Process>
			<Process>
				<Path>%ProgramFiles%\Microsoft SQL Server\80\COM\snapshot.exe</Path>
				<FileDescription/>
				<Signer>CN=Microsoft Windows Component Publisher, O=Microsoft Corporation, L=Redmond, S=Washington, C=US</Signer>
				<FingerPrint/>
			</Process>
			<Process>
				<Path>%ProgramFiles%\Microsoft SQL Server\80\Tools\Binn\bcp.exe</Path>
				<FileDescription/>
				<Signer>CN=Microsoft Windows, O=Microsoft Corporation, L=Redmond, S=Washington, C=US</Signer>
				<FingerPrint/>
			</Process>
			<Process>
				<Path>%ProgramFiles%\Microsoft SQL Server\80\Tools\Binn\bcp.exe</Path>
				<FileDescription/>
				<Signer>CN=Microsoft Windows, OU=MOPR, O=Microsoft Corporation, L=Redmond, S=Washington, C=US</Signer>
				<FingerPrint/>
			</Process>
			<Process>
				<Path>%ProgramFiles%\Microsoft SQL Server\80\Tools\Binn\bcp.exe</Path>
				<FileDescription/>
				<Signer>CN=Microsoft Corporation, OU=MOPR, O=Microsoft Corporation, L=Redmond, S=Washington, C=US</Signer>
				<FingerPrint/>
			</Process>
			<Process>
				<Path>%ProgramFiles%\Microsoft SQL Server\80\Tools\Binn\bcp.exe</Path>
				<FileDescription/>
				<Signer>CN=Microsoft Windows Component Publisher, O=Microsoft Corporation, L=Redmond, S=Washington, C=US</Signer>
				<FingerPrint/>
			</Process>
			<Process>
				<Path>%ProgramFiles%\Microsoft SQL Server\80\Tools\Binn\cnfgsvr.exe</Path>
				<FileDescription/>
				<Signer>CN=Microsoft Windows, O=Microsoft Corporation, L=Redmond, S=Washington, C=US</Signer>
				<FingerPrint/>
			</Process>
			<Process>
				<Path>%ProgramFiles%\Microsoft SQL Server\80\Tools\Binn\cnfgsvr.exe</Path>
				<FileDescription/>
				<Signer>CN=Microsoft Windows, OU=MOPR, O=Microsoft Corporation, L=Redmond, S=Washington, C=US</Signer>
				<FingerPrint/>
			</Process>
			<Process>
				<Path>%ProgramFiles%\Microsoft SQL Server\80\Tools\Binn\cnfgsvr.exe</Path>
				<FileDescription/>
				<Signer>CN=Microsoft Corporation, OU=MOPR, O=Microsoft Corporation, L=Redmond, S=Washington, C=US</Signer>
				<FingerPrint/>
			</Process>
			<Process>
				<Path>%ProgramFiles%\Microsoft SQL Server\80\Tools\Binn\cnfgsvr.exe</Path>
				<FileDescription/>
				<Signer>CN=Microsoft Windows Component Publisher, O=Microsoft Corporation, L=Redmond, S=Washington, C=US</Signer>
				<FingerPrint/>
			</Process>
			<Process>
				<Path>%ProgramFiles%\Microsoft SQL Server\80\Tools\Binn\DTSRUN.exe</Path>
				<FileDescription/>
				<Signer>CN=Microsoft Windows, O=Microsoft Corporation, L=Redmond, S=Washington, C=US</Signer>
				<FingerPrint/>
			</Process>
			<Process>
				<Path>%ProgramFiles%\Microsoft SQL Server\80\Tools\Binn\DTSRUN.exe</Path>
				<FileDescription/>
				<Signer>CN=Microsoft Windows, OU=MOPR, O=Microsoft Corporation, L=Redmond, S=Washington, C=US</Signer>
				<FingerPrint/>
			</Process>
			<Process>
				<Path>%ProgramFiles%\Microsoft SQL Server\80\Tools\Binn\DTSRUN.exe</Path>
				<FileDescription/>
				<Signer>CN=Microsoft Corporation, OU=MOPR, O=Microsoft Corporation, L=Redmond, S=Washington, C=US</Signer>
				<FingerPrint/>
			</Process>
			<Process>
				<Path>%ProgramFiles%\Microsoft SQL Server\80\Tools\Binn\DTSRUN.exe</Path>
				<FileDescription/>
				<Signer>CN=Microsoft Windows Component Publisher, O=Microsoft Corporation, L=Redmond, S=Washington, C=US</Signer>
				<FingerPrint/>
			</Process>
			<Process>
				<Path>%ProgramFiles%\Microsoft SQL Server\80\Tools\Binn\scm.exe</Path>
				<FileDescription/>
				<Signer>CN=Microsoft Windows, O=Microsoft Corporation, L=Redmond, S=Washington, C=US</Signer>
				<FingerPrint/>
			</Process>
			<Process>
				<Path>%ProgramFiles%\Microsoft SQL Server\80\Tools\Binn\scm.exe</Path>
				<FileDescription/>
				<Signer>CN=Microsoft Windows, OU=MOPR, O=Microsoft Corporation, L=Redmond, S=Washington, C=US</Signer>
				<FingerPrint/>
			</Process>
			<Process>
				<Path>%ProgramFiles%\Microsoft SQL Server\80\Tools\Binn\scm.exe</Path>
				<FileDescription/>
				<Signer>CN=Microsoft Corporation, OU=MOPR, O=Microsoft Corporation, L=Redmond, S=Washington, C=US</Signer>
				<FingerPrint/>
			</Process>
			<Process>
				<Path>%ProgramFiles%\Microsoft SQL Server\80\Tools\Binn\scm.exe</Path>
				<FileDescription/>
				<Signer>CN=Microsoft Windows Component Publisher, O=Microsoft Corporation, L=Redmond, S=Washington, C=US</Signer>
				<FingerPrint/>
			</Process>
			<Process>
				<Path>%ProgramFiles%\Microsoft SQL Server\80\Tools\Binn\sqlmangr.exe</Path>
				<FileDescription/>
				<Signer>CN=Microsoft Windows, O=Microsoft Corporation, L=Redmond, S=Washington, C=US</Signer>
				<FingerPrint/>
			</Process>
			<Process>
				<Path>%ProgramFiles%\Microsoft SQL Server\80\Tools\Binn\sqlmangr.exe</Path>
				<FileDescription/>
				<Signer>CN=Microsoft Windows, OU=MOPR, O=Microsoft Corporation, L=Redmond, S=Washington, C=US</Signer>
				<FingerPrint/>
			</Process>
			<Process>
				<Path>%ProgramFiles%\Microsoft SQL Server\80\Tools\Binn\sqlmangr.exe</Path>
				<FileDescription/>
				<Signer>CN=Microsoft Corporation, OU=MOPR, O=Microsoft Corporation, L=Redmond, S=Washington, C=US</Signer>
				<FingerPrint/>
			</Process>
			<Process>
				<Path>%ProgramFiles%\Microsoft SQL Server\80\Tools\Binn\sqlmangr.exe</Path>
				<FileDescription/>
				<Signer>CN=Microsoft Windows Component Publisher, O=Microsoft Corporation, L=Redmond, S=Washington, C=US</Signer>
				<FingerPrint/>
			</Process>
			<Process>
				<Path>%ProgramFiles%\Microsoft SQL Server\80\Tools\Binn\SVRNETCN.exe</Path>
				<FileDescription/>
				<Signer>CN=Microsoft Windows, O=Microsoft Corporation, L=Redmond, S=Washington, C=US</Signer>
				<FingerPrint/>
			</Process>
			<Process>
				<Path>%ProgramFiles%\Microsoft SQL Server\80\Tools\Binn\SVRNETCN.exe</Path>
				<FileDescription/>
				<Signer>CN=Microsoft Windows, OU=MOPR, O=Microsoft Corporation, L=Redmond, S=Washington, C=US</Signer>
				<FingerPrint/>
			</Process>
			<Process>
				<Path>%ProgramFiles%\Microsoft SQL Server\80\Tools\Binn\SVRNETCN.exe</Path>
				<FileDescription/>
				<Signer>CN=Microsoft Corporation, OU=MOPR, O=Microsoft Corporation, L=Redmond, S=Washington, C=US</Signer>
				<FingerPrint/>
			</Process>
			<Process>
				<Path>%ProgramFiles%\Microsoft SQL Server\80\Tools\Binn\SVRNETCN.exe</Path>
				<FileDescription/>
				<Signer>CN=Microsoft Windows Component Publisher, O=Microsoft Corporation, L=Redmond, S=Washington, C=US</Signer>
				<FingerPrint/>
			</Process>
			<Process>
				<Path>%CommonProgramFiles%\McAfee\Apache2\bin\*</Path>
				<FileDescription/>
				<Signer>CN="McAfee, Inc.", OU=IIS, OU=Digital ID Class 3 - Microsoft Software Validation v2, O="McAfee, Inc.", L=Santa Clara, S=California, C=US</Signer>
				<FingerPrint/>
			</Process>
			<Process>
				<Path>%CommonProgramFiles%\McAfee\Apache2\bin\*</Path>
				<FileDescription/>
				<Signer>CN="McAfee, Inc.", OU=Engineering, OU=Digital ID Class 3 - Microsoft Software Validation v2, O="McAfee, Inc.", L=Santa Clara, S=Oregon, C=US</Signer>
				<FingerPrint/>
			</Process>
			<Process>
				<Path>%CommonProgramFiles%\McAfee\Apache2\bin\*</Path>
				<FileDescription/>
				<Signer>CN=Intel Corporation, OU=ISecG Enterprise, O=Intel Corporation, STREET = 2200 Mission College Blvd, STREET = FM1-110, L=Santa Clara, S=CA, PostalCode = 95054, C=US</Signer>
				<FingerPrint/>
			</Process>
			<Process>
				<Path>%CommonProgramFiles%\McAfee\Apache2\bin\*</Path>
				<FileDescription/>
				<Signer>CN="McAfee, LLC", OU=Enterprise, O="McAfee, LLC", STREET = 2821 Mission College Blvd, L=Santa Clara, S=CA, PostalCode = 95054, C=US</Signer>
				<FingerPrint/>
			</Process>
			<Process>
				<Path>%CommonProgramFiles%\McAfee\Apache2\bin\*</Path>
				<FileDescription/>
				<Signer>CN="McAfee, Inc.", OU=Engineering, O="McAfee, Inc.", L=Santa Clara, S=California, C=US</Signer>
				<FingerPrint/>
			</Process>
			<Process>
				<Path>%CommonProgramFiles%\McAfee\Common Framework\*</Path>
				<FileDescription/>
				<Signer>CN="McAfee, Inc.", OU=IIS, OU=Digital ID Class 3 - Microsoft Software Validation v2, O="McAfee, Inc.", L=Santa Clara, S=California, C=US</Signer>
				<FingerPrint/>
			</Process>
			<Process>
				<Path>%CommonProgramFiles%\McAfee\Common Framework\*</Path>
				<FileDescription/>
				<Signer>CN="McAfee, Inc.", OU=Engineering, OU=Digital ID Class 3 - Microsoft Software Validation v2, O="McAfee, Inc.", L=Santa Clara, S=Oregon, C=US</Signer>
				<FingerPrint/>
			</Process>
			<Process>
				<Path>%CommonProgramFiles%\McAfee\Common Framework\*</Path>
				<FileDescription/>
				<Signer>CN=Intel Corporation, OU=ISecG Enterprise, O=Intel Corporation, STREET = 2200 Mission College Blvd, STREET = FM1-110, L=Santa Clara, S=CA, PostalCode = 95054, C=US</Signer>
				<FingerPrint/>
			</Process>
			<Process>
				<Path>%CommonProgramFiles%\McAfee\Common Framework\*</Path>
				<FileDescription/>
				<Signer>CN="McAfee, LLC", OU=Enterprise, O="McAfee, LLC", STREET = 2821 Mission College Blvd, L=Santa Clara, S=CA, PostalCode = 95054, C=US</Signer>
				<FingerPrint/>
			</Process>
			<Process>
				<Path>%CommonProgramFiles%\McAfee\Common Framework\*</Path>
				<FileDescription/>
				<Signer>CN="McAfee, Inc.", OU=Engineering, O="McAfee, Inc.", L=Santa Clara, S=California, C=US</Signer>
				<FingerPrint/>
			</Process>
			<Process>
				<Path>%ProgramFiles%\McAfee\Common Framework\*</Path>
				<FileDescription/>
				<Signer>CN="McAfee, Inc.", OU=IIS, OU=Digital ID Class 3 - Microsoft Software Validation v2, O="McAfee, Inc.", L=Santa Clara, S=California, C=US</Signer>
				<FingerPrint/>
			</Process>
			<Process>
				<Path>%ProgramFiles%\McAfee\Common Framework\*</Path>
				<FileDescription/>
				<Signer>CN="McAfee, Inc.", OU=Engineering, OU=Digital ID Class 3 - Microsoft Software Validation v2, O="McAfee, Inc.", L=Santa Clara, S=Oregon, C=US</Signer>
				<FingerPrint/>
			</Process>
			<Process>
				<Path>%ProgramFiles%\McAfee\Common Framework\*</Path>
				<FileDescription/>
				<Signer>CN=Intel Corporation, OU=ISecG Enterprise, O=Intel Corporation, STREET = 2200 Mission College Blvd, STREET = FM1-110, L=Santa Clara, S=CA, PostalCode = 95054, C=US</Signer>
				<FingerPrint/>
			</Process>
			<Process>
				<Path>%ProgramFiles%\McAfee\Common Framework\*</Path>
				<FileDescription/>
				<Signer>CN="McAfee, LLC", OU=Enterprise, O="McAfee, LLC", STREET = 2821 Mission College Blvd, L=Santa Clara, S=CA, PostalCode = 95054, C=US</Signer>
				<FingerPrint/>
			</Process>
			<Process>
				<Path>%ProgramFiles%\McAfee\Common Framework\*</Path>
				<FileDescription/>
				<Signer>CN="McAfee, Inc.", OU=Engineering, O="McAfee, Inc.", L=Santa Clara, S=California, C=US</Signer>
				<FingerPrint/>
			</Process>
			<Process>
				<Path>%ProgramFiles%\Network Associates\Common Framework\*</Path>
				<FileDescription/>
				<Signer>CN="McAfee, Inc.", OU=IIS, OU=Digital ID Class 3 - Microsoft Software Validation v2, O="McAfee, Inc.", L=Santa Clara, S=California, C=US</Signer>
				<FingerPrint/>
			</Process>
			<Process>
				<Path>%ProgramFiles%\Network Associates\Common Framework\*</Path>
				<FileDescription/>
				<Signer>CN="McAfee, Inc.", OU=Engineering, OU=Digital ID Class 3 - Microsoft Software Validation v2, O="McAfee, Inc.", L=Santa Clara, S=Oregon, C=US</Signer>
				<FingerPrint/>
			</Process>
			<Process>
				<Path>%ProgramFiles%\Network Associates\Common Framework\*</Path>
				<FileDescription/>
				<Signer>CN=Intel Corporation, OU=ISecG Enterprise, O=Intel Corporation, STREET = 2200 Mission College Blvd, STREET = FM1-110, L=Santa Clara, S=CA, PostalCode = 95054, C=US</Signer>
				<FingerPrint/>
			</Process>
			<Process>
				<Path>%ProgramFiles%\Network Associates\Common Framework\*</Path>
				<FileDescription/>
				<Signer>CN="McAfee, Inc.", OU=Engineering, O="McAfee, Inc.", L=Santa Clara, S=California, C=US</Signer>
				<FingerPrint/>
			</Process>
			<Process>
				<Path>%ProgramFiles%\Network Associates\Common Framework\*</Path>
				<FileDescription/>
				<Signer>CN="McAfee, LLC", OU=Enterprise, O="McAfee, LLC", STREET = 2821 Mission College Blvd, L=Santa Clara, S=CA, PostalCode = 95054, C=US</Signer>
				<FingerPrint/>
			</Process>
			<Process>
				<Path>%CommonProgramFiles%\McAfee\JAVA\bin\*</Path>
				<FileDescription/>
				<Signer>CN="McAfee, Inc.", OU=IIS, OU=Digital ID Class 3 - Microsoft Software Validation v2, O="McAfee, Inc.", L=Santa Clara, S=California, C=US</Signer>
				<FingerPrint/>
			</Process>
			<Process>
				<Path>%CommonProgramFiles%\McAfee\JAVA\bin\*</Path>
				<FileDescription/>
				<Signer>CN="McAfee, LLC", OU=Enterprise, O="McAfee, LLC", STREET = 2821 Mission College Blvd, L=Santa Clara, S=CA, PostalCode = 95054, C=US</Signer>
				<FingerPrint/>
			</Process>
			<Process>
				<Path>%CommonProgramFiles%\McAfee\JAVA\bin\*</Path>
				<FileDescription/>
				<Signer>CN="McAfee, Inc.", OU=Engineering, OU=Digital ID Class 3 - Microsoft Software Validation v2, O="McAfee, Inc.", L=Santa Clara, S=Oregon, C=US</Signer>
				<FingerPrint/>
			</Process>
			<Process>
				<Path>%CommonProgramFiles%\McAfee\JAVA\bin\*</Path>
				<FileDescription/>
				<Signer>CN=Intel Corporation, OU=ISecG Enterprise, O=Intel Corporation, STREET = 2200 Mission College Blvd, STREET = FM1-110, L=Santa Clara, S=CA, PostalCode = 95054, C=US</Signer>
				<FingerPrint/>
			</Process>
			<Process>
				<Path>%CommonProgramFiles%\McAfee\JAVA\bin\*</Path>
				<FileDescription/>
				<Signer>CN="McAfee, Inc.", OU=Engineering, O="McAfee, Inc.", L=Santa Clara, S=California, C=US</Signer>
				<FingerPrint/>
			</Process>
			<Process>
				<Path>%CommonProgramFiles%\McAfee\MSDE\MSSQL$EPOSERVER\Binn\*</Path>
				<FileDescription/>
				<Signer>CN="McAfee, Inc.", OU=IIS, OU=Digital ID Class 3 - Microsoft Software Validation v2, O="McAfee, Inc.", L=Santa Clara, S=California, C=US</Signer>
				<FingerPrint/>
			</Process>
			<Process>
				<Path>%CommonProgramFiles%\McAfee\MSDE\MSSQL$EPOSERVER\Binn\*</Path>
				<FileDescription/>
				<Signer>CN="McAfee, Inc.", OU=Engineering, OU=Digital ID Class 3 - Microsoft Software Validation v2, O="McAfee, Inc.", L=Santa Clara, S=Oregon, C=US</Signer>
				<FingerPrint/>
			</Process>
			<Process>
				<Path>%CommonProgramFiles%\McAfee\MSDE\MSSQL$EPOSERVER\Binn\*</Path>
				<FileDescription/>
				<Signer>CN=Intel Corporation, OU=ISecG Enterprise, O=Intel Corporation, STREET = 2200 Mission College Blvd, STREET = FM1-110, L=Santa Clara, S=CA, PostalCode = 95054, C=US</Signer>
				<FingerPrint/>
			</Process>
			<Process>
				<Path>%CommonProgramFiles%\McAfee\MSDE\MSSQL$EPOSERVER\Binn\*</Path>
				<FileDescription/>
				<Signer>CN="McAfee, Inc.", OU=Engineering, O="McAfee, Inc.", L=Santa Clara, S=California, C=US</Signer>
				<FingerPrint/>
			</Process>
			<Process>
				<Path>%CommonProgramFiles%\McAfee\MSDE\MSSQL$EPOSERVER\Binn\*</Path>
				<FileDescription/>
				<Signer>CN="McAfee, LLC", OU=Enterprise, O="McAfee, LLC", STREET = 2821 Mission College Blvd, L=Santa Clara, S=CA, PostalCode = 95054, C=US</Signer>
				<FingerPrint/>
			</Process>
			<Process>
				<Path>%CommonProgramFiles%\McAfee\Tomcat\bin\*</Path>
				<FileDescription/>
				<Signer>CN="McAfee, Inc.", OU=IIS, OU=Digital ID Class 3 - Microsoft Software Validation v2, O="McAfee, Inc.", L=Santa Clara, S=California, C=US</Signer>
				<FingerPrint/>
			</Process>
			<Process>
				<Path>%CommonProgramFiles%\McAfee\Tomcat\bin\*</Path>
				<FileDescription/>
				<Signer>CN="McAfee, Inc.", OU=Engineering, OU=Digital ID Class 3 - Microsoft Software Validation v2, O="McAfee, Inc.", L=Santa Clara, S=Oregon, C=US</Signer>
				<FingerPrint/>
			</Process>
			<Process>
				<Path>%CommonProgramFiles%\McAfee\Tomcat\bin\*</Path>
				<FileDescription/>
				<Signer>CN=Intel Corporation, OU=ISecG Enterprise, O=Intel Corporation, STREET = 2200 Mission College Blvd, STREET = FM1-110, L=Santa Clara, S=CA, PostalCode = 95054, C=US</Signer>
				<FingerPrint/>
			</Process>
			<Process>
				<Path>%CommonProgramFiles%\McAfee\Tomcat\bin\*</Path>
				<FileDescription/>
				<Signer>CN="McAfee, Inc.", OU=Engineering, O="McAfee, Inc.", L=Santa Clara, S=California, C=US</Signer>
				<FingerPrint/>
			</Process>
			<Process>
				<Path>%CommonProgramFiles%\McAfee\Tomcat\bin\*</Path>
				<FileDescription/>
				<Signer>CN="McAfee, LLC", OU=Enterprise, O="McAfee, LLC", STREET = 2821 Mission College Blvd, L=Santa Clara, S=CA, PostalCode = 95054, C=US</Signer>
				<FingerPrint/>
			</Process>
			<Process>
				<Path>%ProgramFiles%\McAfee\ePO\3.6.0\*</Path>
				<FileDescription/>
				<Signer>CN="McAfee, Inc.", OU=IIS, OU=Digital ID Class 3 - Microsoft Software Validation v2, O="McAfee, Inc.", L=Santa Clara, S=California, C=US</Signer>
				<FingerPrint/>
			</Process>
			<Process>
				<Path>%ProgramFiles%\McAfee\ePO\3.6.0\*</Path>
				<FileDescription/>
				<Signer>CN="McAfee, Inc.", OU=Engineering, OU=Digital ID Class 3 - Microsoft Software Validation v2, O="McAfee, Inc.", L=Santa Clara, S=Oregon, C=US</Signer>
				<FingerPrint/>
			</Process>
			<Process>
				<Path>%ProgramFiles%\McAfee\ePO\3.6.0\*</Path>
				<FileDescription/>
				<Signer>CN=Intel Corporation, OU=ISecG Enterprise, O=Intel Corporation, STREET = 2200 Mission College Blvd, STREET = FM1-110, L=Santa Clara, S=CA, PostalCode = 95054, C=US</Signer>
				<FingerPrint/>
			</Process>
			<Process>
				<Path>%ProgramFiles%\McAfee\ePO\3.6.0\*</Path>
				<FileDescription/>
				<Signer>CN="McAfee, Inc.", OU=Engineering, O="McAfee, Inc.", L=Santa Clara, S=California, C=US</Signer>
				<FingerPrint/>
			</Process>
			<Process>
				<Path>%ProgramFiles%\McAfee\ePO\3.6.0\*</Path>
				<FileDescription/>
				<Signer>CN="McAfee, LLC", OU=Enterprise, O="McAfee, LLC", STREET = 2821 Mission College Blvd, L=Santa Clara, S=CA, PostalCode = 95054, C=US</Signer>
				<FingerPrint/>
			</Process>
			<Process>
				<Path>%ProgramFiles%\McAfee\ePO\3.6.1\*</Path>
				<FileDescription/>
				<Signer>CN="McAfee, Inc.", OU=IIS, OU=Digital ID Class 3 - Microsoft Software Validation v2, O="McAfee, Inc.", L=Santa Clara, S=California, C=US</Signer>
				<FingerPrint/>
			</Process>
			<Process>
				<Path>%ProgramFiles%\McAfee\ePO\3.6.1\*</Path>
				<FileDescription/>
				<Signer>CN="McAfee, Inc.", OU=Engineering, OU=Digital ID Class 3 - Microsoft Software Validation v2, O="McAfee, Inc.", L=Santa Clara, S=Oregon, C=US</Signer>
				<FingerPrint/>
			</Process>
			<Process>
				<Path>%ProgramFiles%\McAfee\ePO\3.6.1\*</Path>
				<FileDescription/>
				<Signer>CN=Intel Corporation, OU=ISecG Enterprise, O=Intel Corporation, STREET = 2200 Mission College Blvd, STREET = FM1-110, L=Santa Clara, S=CA, PostalCode = 95054, C=US</Signer>
				<FingerPrint/>
			</Process>
			<Process>
				<Path>%ProgramFiles%\McAfee\ePO\3.6.1\*</Path>
				<FileDescription/>
				<Signer>CN="McAfee, Inc.", OU=Engineering, O="McAfee, Inc.", L=Santa Clara, S=California, C=US</Signer>
				<FingerPrint/>
			</Process>
			<Process>
				<Path>%ProgramFiles%\McAfee\ePO\3.6.1\*</Path>
				<FileDescription/>
				<Signer>CN="McAfee, LLC", OU=Enterprise, O="McAfee, LLC", STREET = 2821 Mission College Blvd, L=Santa Clara, S=CA, PostalCode = 95054, C=US</Signer>
				<FingerPrint/>
			</Process>
		</ProcessList>
	</TrustedApp>
	<TrustedApp>
		<AppID>TrustedApp_McAfee_ProtectionPilot_101</AppID>
		<UUID>fbb2e394-4d0e-11df-9879-0800200c9a66</UUID>
		<Name>McAfee ProtectionPilot 1.0.1</Name>
		<Note>IKernel.exe|IsUninst.exe|muisetup.exe|cliconfg.exe|odbcad32.exe|odbcconf.exe</Note>
		<IsEnabled>true</IsEnabled>
		<IPSTrustedStatus>true</IPSTrustedStatus>
		<FWTrustedStatus>false</FWTrustedStatus>
		<ProcessList>
			<Process>
				<Path>%CommonProgramFiles%\InstallShield\Engine\6\Intel 32\IKernel.exe</Path>
				<FileDescription>InstallShield (R) Setup Engine</FileDescription>
				<Signer/>
				<FingerPrint/>
			</Process>
			<Process>
				<Path>%SystemRoot%\IsUninst.exe</Path>
				<FileDescription>InstallShield® unInstaller</FileDescription>
				<Signer/>
				<FingerPrint/>
			</Process>
			<Process>
				<Path>%SystemRoot%\MUI\muisetup.exe</Path>
				<FileDescription/>
				<Signer>CN=Microsoft Windows, O=Microsoft Corporation, L=Redmond, S=Washington, C=US</Signer>
				<FingerPrint/>
			</Process>
			<Process>
				<Path>%SystemRoot%\MUI\muisetup.exe</Path>
				<FileDescription/>
				<Signer>CN=Microsoft Windows, OU=MOPR, O=Microsoft Corporation, L=Redmond, S=Washington, C=US</Signer>
				<FingerPrint/>
			</Process>
			<Process>
				<Path>%SystemRoot%\MUI\muisetup.exe</Path>
				<FileDescription/>
				<Signer>CN=Microsoft Corporation, OU=MOPR, O=Microsoft Corporation, L=Redmond, S=Washington, C=US</Signer>
				<FingerPrint/>
			</Process>
			<Process>
				<Path>%SystemRoot%\MUI\muisetup.exe</Path>
				<FileDescription/>
				<Signer>CN=Microsoft Windows Component Publisher, O=Microsoft Corporation, L=Redmond, S=Washington, C=US</Signer>
				<FingerPrint/>
			</Process>
			<Process>
				<Path>%SystemRoot%\system32\cliconfg.exe</Path>
				<FileDescription/>
				<Signer>CN=Microsoft Windows, O=Microsoft Corporation, L=Redmond, S=Washington, C=US</Signer>
				<FingerPrint/>
			</Process>
			<Process>
				<Path>%SystemRoot%\system32\cliconfg.exe</Path>
				<FileDescription/>
				<Signer>CN=Microsoft Windows, OU=MOPR, O=Microsoft Corporation, L=Redmond, S=Washington, C=US</Signer>
				<FingerPrint/>
			</Process>
			<Process>
				<Path>%SystemRoot%\system32\cliconfg.exe</Path>
				<FileDescription/>
				<Signer>CN=Microsoft Corporation, OU=MOPR, O=Microsoft Corporation, L=Redmond, S=Washington, C=US</Signer>
				<FingerPrint/>
			</Process>
			<Process>
				<Path>%SystemRoot%\system32\cliconfg.exe</Path>
				<FileDescription/>
				<Signer>CN=Microsoft Windows Component Publisher, O=Microsoft Corporation, L=Redmond, S=Washington, C=US</Signer>
				<FingerPrint/>
			</Process>
			<Process>
				<Path>%SystemRoot%\system32\odbcad32.exe</Path>
				<FileDescription/>
				<Signer>CN=Microsoft Windows, O=Microsoft Corporation, L=Redmond, S=Washington, C=US</Signer>
				<FingerPrint/>
			</Process>
			<Process>
				<Path>%SystemRoot%\system32\odbcad32.exe</Path>
				<FileDescription/>
				<Signer>CN=Microsoft Windows, OU=MOPR, O=Microsoft Corporation, L=Redmond, S=Washington, C=US</Signer>
				<FingerPrint/>
			</Process>
			<Process>
				<Path>%SystemRoot%\system32\odbcad32.exe</Path>
				<FileDescription/>
				<Signer>CN=Microsoft Corporation, OU=MOPR, O=Microsoft Corporation, L=Redmond, S=Washington, C=US</Signer>
				<FingerPrint/>
			</Process>
			<Process>
				<Path>%SystemRoot%\system32\odbcad32.exe</Path>
				<FileDescription/>
				<Signer>CN=Microsoft Windows Component Publisher, O=Microsoft Corporation, L=Redmond, S=Washington, C=US</Signer>
				<FingerPrint/>
			</Process>
			<Process>
				<Path>%SystemRoot%\system32\odbcconf.exe</Path>
				<FileDescription/>
				<Signer>CN=Microsoft Windows, O=Microsoft Corporation, L=Redmond, S=Washington, C=US</Signer>
				<FingerPrint/>
			</Process>
			<Process>
				<Path>%SystemRoot%\system32\odbcconf.exe</Path>
				<FileDescription/>
				<Signer>CN=Microsoft Windows, OU=MOPR, O=Microsoft Corporation, L=Redmond, S=Washington, C=US</Signer>
				<FingerPrint/>
			</Process>
			<Process>
				<Path>%SystemRoot%\system32\odbcconf.exe</Path>
				<FileDescription/>
				<Signer>CN=Microsoft Corporation, OU=MOPR, O=Microsoft Corporation, L=Redmond, S=Washington, C=US</Signer>
				<FingerPrint/>
			</Process>
			<Process>
				<Path>%SystemRoot%\system32\odbcconf.exe</Path>
				<FileDescription/>
				<Signer>CN=Microsoft Windows Component Publisher, O=Microsoft Corporation, L=Redmond, S=Washington, C=US</Signer>
				<FingerPrint/>
			</Process>
			<Process>
				<Path>>%ProgramFiles%\Network Associates\ProtectionPilot\*</Path>
				<FileDescription/>
				<Signer>CN="McAfee, Inc.", OU=IIS, OU=Digital ID Class 3 - Microsoft Software Validation v2, O="McAfee, Inc.", L=Santa Clara, S=California, C=US</Signer>
				<FingerPrint/>
			</Process>
			<Process>
				<Path>>%ProgramFiles%\Network Associates\ProtectionPilot\*</Path>
				<FileDescription/>
				<Signer>CN="McAfee, Inc.", OU=Engineering, OU=Digital ID Class 3 - Microsoft Software Validation v2, O="McAfee, Inc.", L=Santa Clara, S=Oregon, C=US</Signer>
				<FingerPrint/>
			</Process>
			<Process>
				<Path>>%ProgramFiles%\Network Associates\ProtectionPilot\*</Path>
				<FileDescription/>
				<Signer>CN=Intel Corporation, OU=ISecG Enterprise, O=Intel Corporation, STREET = 2200 Mission College Blvd, STREET = FM1-110, L=Santa Clara, S=CA, PostalCode = 95054, C=US</Signer>
				<FingerPrint/>
			</Process>
			<Process>
				<Path>>%ProgramFiles%\Network Associates\ProtectionPilot\*</Path>
				<FileDescription/>
				<Signer>CN="McAfee, Inc.", OU=Engineering, O="McAfee, Inc.", L=Santa Clara, S=California, C=US</Signer>
				<FingerPrint/>
			</Process>
			<Process>
				<Path>>%ProgramFiles%\Network Associates\ProtectionPilot\*</Path>
				<FileDescription/>
				<Signer>CN="McAfee, LLC", OU=Enterprise, O="McAfee, LLC", STREET = 2821 Mission College Blvd, L=Santa Clara, S=CA, PostalCode = 95054, C=US</Signer>
				<FingerPrint/>
			</Process>
		</ProcessList>
	</TrustedApp>
	<TrustedApp>
		<AppID>TrustedApp_McAfee_EEFF</AppID>
		<UUID>69061513-4928-11df-9879-0800200c9a66</UUID>
		<Name>McAfee Endpoint Encyption</Name>
		<Note/>
		<IsEnabled>true</IsEnabled>
		<IPSTrustedStatus>true</IPSTrustedStatus>
		<FWTrustedStatus>false</FWTrustedStatus>
		<ProcessList>
			<Process>
				<Path>%ProgramFiles%\McAfee\Endpoint Encryption*\*</Path>
				<FileDescription/>
				<Signer/>
				<FingerPrint/>
			</Process>
		</ProcessList>
	</TrustedApp>
	<TrustedApp>
		<AppID>TrustedApp_winlogon</AppID>
		<UUID>25e4b6d6-4d2c-11df-9879-0800200c9a66</UUID>
		<Name>Microsoft Windows Winlogon</Name>
		<Note>winlogon.exe</Note>
		<IsEnabled>true</IsEnabled>
		<IPSTrustedStatus>false</IPSTrustedStatus>
		<FWTrustedStatus>false</FWTrustedStatus>
		<ProcessList>
			<Process>
				<Path>%SystemRoot%\system32\winlogon.exe</Path>
				<FileDescription/>
				<Signer>CN=Microsoft Windows, O=Microsoft Corporation, L=Redmond, S=Washington, C=US</Signer>
				<FingerPrint/>
			</Process>
			<Process>
				<Path>%SystemRoot%\system32\winlogon.exe</Path>
				<FileDescription/>
				<Signer>CN=Microsoft Windows, OU=MOPR, O=Microsoft Corporation, L=Redmond, S=Washington, C=US</Signer>
				<FingerPrint/>
			</Process>
			<Process>
				<Path>%SystemRoot%\system32\winlogon.exe</Path>
				<FileDescription/>
				<Signer>CN=Microsoft Corporation, OU=MOPR, O=Microsoft Corporation, L=Redmond, S=Washington, C=US</Signer>
				<FingerPrint/>
			</Process>
			<Process>
				<Path>%SystemRoot%\system32\winlogon.exe</Path>
				<FileDescription/>
				<Signer>CN=Microsoft Windows Component Publisher, O=Microsoft Corporation, L=Redmond, S=Washington, C=US</Signer>
				<FingerPrint/>
			</Process>
		</ProcessList>
	</TrustedApp>
	<TrustedApp>
		<AppID>TrustedApp_WindowsExplorer</AppID>
		<UUID>25e4b6d7-4d2c-11df-9879-0800200c9a66</UUID>
		<Name>Microsoft Windows Explorer</Name>
		<Note>explorer.exe</Note>
		<IsEnabled>true</IsEnabled>
		<IPSTrustedStatus>false</IPSTrustedStatus>
		<FWTrustedStatus>false</FWTrustedStatus>
		<ProcessList>
			<Process>
				<Path>%SystemRoot%\explorer.exe</Path>
				<FileDescription/>
				<Signer>CN=Microsoft Windows, O=Microsoft Corporation, L=Redmond, S=Washington, C=US</Signer>
				<FingerPrint/>
			</Process>
			<Process>
				<Path>%SystemRoot%\explorer.exe</Path>
				<FileDescription/>
				<Signer>CN=Microsoft Windows, OU=MOPR, O=Microsoft Corporation, L=Redmond, S=Washington, C=US</Signer>
				<FingerPrint/>
			</Process>
			<Process>
				<Path>%SystemRoot%\explorer.exe</Path>
				<FileDescription/>
				<Signer>CN=Microsoft Corporation, OU=MOPR, O=Microsoft Corporation, L=Redmond, S=Washington, C=US</Signer>
				<FingerPrint/>
			</Process>
			<Process>
				<Path>%SystemRoot%\explorer.exe</Path>
				<FileDescription/>
				<Signer>CN=Microsoft Windows Component Publisher, O=Microsoft Corporation, L=Redmond, S=Washington, C=US</Signer>
				<FingerPrint/>
			</Process>
		</ProcessList>
	</TrustedApp>
	<TrustedApp>
		<AppID>TrustedApp_WinDefender_UI</AppID>
		<UUID>76e73eb1-4d6b-11df-9879-0800200c9a66</UUID>
		<Name>Windows Defender User Interface</Name>
		<Note>msascui.exe|MpCmdRun.exe</Note>
		<IsEnabled>true</IsEnabled>
		<IPSTrustedStatus>false</IPSTrustedStatus>
		<FWTrustedStatus>false</FWTrustedStatus>
		<ProcessList>
			<Process>
				<Path>%ProgramFiles%\windows defender\msascui.exe</Path>
				<FileDescription/>
				<Signer>CN=Microsoft Windows, O=Microsoft Corporation, L=Redmond, S=Washington, C=US</Signer>
				<FingerPrint/>
			</Process>
			<Process>
				<Path>%ProgramFiles%\windows defender\msascui.exe</Path>
				<FileDescription/>
				<Signer>CN=Microsoft Windows, OU=MOPR, O=Microsoft Corporation, L=Redmond, S=Washington, C=US</Signer>
				<FingerPrint/>
			</Process>
			<Process>
				<Path>%ProgramFiles%\windows defender\msascui.exe</Path>
				<FileDescription/>
				<Signer>CN=Microsoft Corporation, OU=MOPR, O=Microsoft Corporation, L=Redmond, S=Washington, C=US</Signer>
				<FingerPrint/>
			</Process>
			<Process>
				<Path>%ProgramFiles%\windows defender\msascui.exe</Path>
				<FileDescription/>
				<Signer>CN=Microsoft Windows Component Publisher, O=Microsoft Corporation, L=Redmond, S=Washington, C=US</Signer>
				<FingerPrint/>
			</Process>
			<Process>
				<Path>%ProgramFiles%\windows defender\MpCmdRun.exe</Path>
				<FileDescription/>
				<Signer>CN=Microsoft Windows, O=Microsoft Corporation, L=Redmond, S=Washington, C=US</Signer>
				<FingerPrint/>
			</Process>
			<Process>
				<Path>%ProgramFiles%\windows defender\MpCmdRun.exe</Path>
				<FileDescription/>
				<Signer>CN=Microsoft Windows, OU=MOPR, O=Microsoft Corporation, L=Redmond, S=Washington, C=US</Signer>
				<FingerPrint/>
			</Process>
			<Process>
				<Path>%ProgramFiles%\windows defender\MpCmdRun.exe</Path>
				<FileDescription/>
				<Signer>CN=Microsoft Corporation, OU=MOPR, O=Microsoft Corporation, L=Redmond, S=Washington, C=US</Signer>
				<FingerPrint/>
			</Process>
			<Process>
				<Path>%ProgramFiles%\windows defender\MpCmdRun.exe</Path>
				<FileDescription/>
				<Signer>CN=Microsoft Windows Component Publisher, O=Microsoft Corporation, L=Redmond, S=Washington, C=US</Signer>
				<FingerPrint/>
			</Process>
		</ProcessList>
	</TrustedApp>
	<TrustedApp>
		<AppID>TrustedApp_WinSessionManager</AppID>
		<UUID>76e73eb2-4d6b-11df-9879-0800200c9a66</UUID>
		<Name>Windows Session Manager</Name>
		<Note>smss.exe</Note>
		<IsEnabled>true</IsEnabled>
		<IPSTrustedStatus>false</IPSTrustedStatus>
		<FWTrustedStatus>false</FWTrustedStatus>
		<ProcessList>
			<Process>
				<Path>%SystemRoot%\system32\smss.exe</Path>
				<FileDescription/>
				<Signer>CN=Microsoft Windows, O=Microsoft Corporation, L=Redmond, S=Washington, C=US</Signer>
				<FingerPrint/>
			</Process>
			<Process>
				<Path>%SystemRoot%\system32\smss.exe</Path>
				<FileDescription/>
				<Signer>CN=Microsoft Windows, OU=MOPR, O=Microsoft Corporation, L=Redmond, S=Washington, C=US</Signer>
				<FingerPrint/>
			</Process>
			<Process>
				<Path>%SystemRoot%\system32\smss.exe</Path>
				<FileDescription/>
				<Signer>CN=Microsoft Corporation, OU=MOPR, O=Microsoft Corporation, L=Redmond, S=Washington, C=US</Signer>
				<FingerPrint/>
			</Process>
			<Process>
				<Path>%SystemRoot%\system32\smss.exe</Path>
				<FileDescription/>
				<Signer>CN=Microsoft Windows Component Publisher, O=Microsoft Corporation, L=Redmond, S=Washington, C=US</Signer>
				<FingerPrint/>
			</Process>
		</ProcessList>
	</TrustedApp>
	<TrustedApp>
		<AppID>TrustedApp_DesktopWindowManager</AppID>
		<UUID>76e765c0-4d6b-11df-9879-0800200c9a66</UUID>
		<Name>Desktop Window Manager</Name>
		<Note>dwm.exe</Note>
		<IsEnabled>true</IsEnabled>
		<IPSTrustedStatus>false</IPSTrustedStatus>
		<FWTrustedStatus>false</FWTrustedStatus>
		<ProcessList>
			<Process>
				<Path>%SystemRoot%\system32\dwm.exe</Path>
				<FileDescription/>
				<Signer>CN=Microsoft Windows, O=Microsoft Corporation, L=Redmond, S=Washington, C=US</Signer>
				<FingerPrint/>
			</Process>
			<Process>
				<Path>%SystemRoot%\system32\dwm.exe</Path>
				<FileDescription/>
				<Signer>CN=Microsoft Windows, OU=MOPR, O=Microsoft Corporation, L=Redmond, S=Washington, C=US</Signer>
				<FingerPrint/>
			</Process>
			<Process>
				<Path>%SystemRoot%\system32\dwm.exe</Path>
				<FileDescription/>
				<Signer>CN=Microsoft Corporation, OU=MOPR, O=Microsoft Corporation, L=Redmond, S=Washington, C=US</Signer>
				<FingerPrint/>
			</Process>
			<Process>
				<Path>%SystemRoot%\system32\dwm.exe</Path>
				<FileDescription/>
				<Signer>CN=Microsoft Windows Component Publisher, O=Microsoft Corporation, L=Redmond, S=Washington, C=US</Signer>
				<FingerPrint/>
			</Process>
		</ProcessList>
	</TrustedApp>
	<TrustedApp>
		<AppID>TrustedApp_WinLogon_UI_Host</AppID>
		<UUID>76e765c1-4d6b-11df-9879-0800200c9a66</UUID>
		<Name>Windows Logon User Interface Host</Name>
		<Note>LogonUI.exe</Note>
		<IsEnabled>true</IsEnabled>
		<IPSTrustedStatus>false</IPSTrustedStatus>
		<FWTrustedStatus>false</FWTrustedStatus>
		<ProcessList>
			<Process>
				<Path>%SystemRoot%\system32\LogonUI.exe</Path>
				<FileDescription/>
				<Signer>CN=Microsoft Windows, O=Microsoft Corporation, L=Redmond, S=Washington, C=US</Signer>
				<FingerPrint/>
			</Process>
			<Process>
				<Path>%SystemRoot%\system32\LogonUI.exe</Path>
				<FileDescription/>
				<Signer>CN=Microsoft Windows, OU=MOPR, O=Microsoft Corporation, L=Redmond, S=Washington, C=US</Signer>
				<FingerPrint/>
			</Process>
			<Process>
				<Path>%SystemRoot%\system32\LogonUI.exe</Path>
				<FileDescription/>
				<Signer>CN=Microsoft Corporation, OU=MOPR, O=Microsoft Corporation, L=Redmond, S=Washington, C=US</Signer>
				<FingerPrint/>
			</Process>
			<Process>
				<Path>%SystemRoot%\system32\LogonUI.exe</Path>
				<FileDescription/>
				<Signer>CN=Microsoft Windows Component Publisher, O=Microsoft Corporation, L=Redmond, S=Washington, C=US</Signer>
				<FingerPrint/>
			</Process>
		</ProcessList>
	</TrustedApp>
	<TrustedApp>
		<AppID>TrustedApp_Control_Panel</AppID>
		<UUID>76e765c2-4d6b-11df-9879-0800200c9a66</UUID>
		<Name>Windows Control Panel</Name>
		<Note>control.exe</Note>
		<IsEnabled>true</IsEnabled>
		<IPSTrustedStatus>false</IPSTrustedStatus>
		<FWTrustedStatus>false</FWTrustedStatus>
		<ProcessList>
			<Process>
				<Path>%SystemRoot%\system32\control.exe</Path>
				<FileDescription/>
				<Signer>CN=Microsoft Windows, O=Microsoft Corporation, L=Redmond, S=Washington, C=US</Signer>
				<FingerPrint/>
			</Process>
			<Process>
				<Path>%SystemRoot%\system32\control.exe</Path>
				<FileDescription/>
				<Signer>CN=Microsoft Windows, OU=MOPR, O=Microsoft Corporation, L=Redmond, S=Washington, C=US</Signer>
				<FingerPrint/>
			</Process>
			<Process>
				<Path>%SystemRoot%\system32\control.exe</Path>
				<FileDescription/>
				<Signer>CN=Microsoft Corporation, OU=MOPR, O=Microsoft Corporation, L=Redmond, S=Washington, C=US</Signer>
				<FingerPrint/>
			</Process>
			<Process>
				<Path>%SystemRoot%\system32\control.exe</Path>
				<FileDescription/>
				<Signer>CN=Microsoft Windows Component Publisher, O=Microsoft Corporation, L=Redmond, S=Washington, C=US</Signer>
				<FingerPrint/>
			</Process>
		</ProcessList>
	</TrustedApp>
	<TrustedApp>
		<AppID>TrustedApp_Task_Scheduler</AppID>
		<UUID>76e765c3-4d6b-11df-9879-0800200c9a66</UUID>
		<Name>Windows Task Scheduler Engine</Name>
		<Note>taskeng.exe</Note>
		<IsEnabled>true</IsEnabled>
		<IPSTrustedStatus>false</IPSTrustedStatus>
		<FWTrustedStatus>false</FWTrustedStatus>
		<ProcessList>
			<Process>
				<Path>%SystemRoot%\system32\taskeng.exe</Path>
				<FileDescription/>
				<Signer>CN=Microsoft Windows, O=Microsoft Corporation, L=Redmond, S=Washington, C=US</Signer>
				<FingerPrint/>
			</Process>
			<Process>
				<Path>%SystemRoot%\system32\taskeng.exe</Path>
				<FileDescription/>
				<Signer>CN=Microsoft Windows, OU=MOPR, O=Microsoft Corporation, L=Redmond, S=Washington, C=US</Signer>
				<FingerPrint/>
			</Process>
			<Process>
				<Path>%SystemRoot%\system32\taskeng.exe</Path>
				<FileDescription/>
				<Signer>CN=Microsoft Corporation, OU=MOPR, O=Microsoft Corporation, L=Redmond, S=Washington, C=US</Signer>
				<FingerPrint/>
			</Process>
			<Process>
				<Path>%SystemRoot%\system32\taskeng.exe</Path>
				<FileDescription/>
				<Signer>CN=Microsoft Windows Component Publisher, O=Microsoft Corporation, L=Redmond, S=Washington, C=US</Signer>
				<FingerPrint/>
			</Process>
		</ProcessList>
	</TrustedApp>
	<TrustedApp>
		<AppID>TrustedApp_Vista_Help</AppID>
		<UUID>76e765c4-4d6b-11df-9879-0800200c9a66</UUID>
		<Name>Windows Vista Help Engine</Name>
		<Note>HelpPane.exe</Note>
		<IsEnabled>true</IsEnabled>
		<IPSTrustedStatus>false</IPSTrustedStatus>
		<FWTrustedStatus>false</FWTrustedStatus>
		<ProcessList>
			<Process>
				<Path>%SystemRoot%\HelpPane.exe</Path>
				<FileDescription/>
				<Signer>CN=Microsoft Windows, O=Microsoft Corporation, L=Redmond, S=Washington, C=US</Signer>
				<FingerPrint/>
			</Process>
			<Process>
				<Path>%SystemRoot%\HelpPane.exe</Path>
				<FileDescription/>
				<Signer>CN=Microsoft Windows, OU=MOPR, O=Microsoft Corporation, L=Redmond, S=Washington, C=US</Signer>
				<FingerPrint/>
			</Process>
			<Process>
				<Path>%SystemRoot%\HelpPane.exe</Path>
				<FileDescription/>
				<Signer>CN=Microsoft Corporation, OU=MOPR, O=Microsoft Corporation, L=Redmond, S=Washington, C=US</Signer>
				<FingerPrint/>
			</Process>
			<Process>
				<Path>%SystemRoot%\HelpPane.exe</Path>
				<FileDescription/>
				<Signer>CN=Microsoft Windows Component Publisher, O=Microsoft Corporation, L=Redmond, S=Washington, C=US</Signer>
				<FingerPrint/>
			</Process>
		</ProcessList>
	</TrustedApp>
	<TrustedApp>
		<AppID>TrustedApp_Shadow_Copy</AppID>
		<UUID>76e765c5-4d6b-11df-9879-0800200c9a66</UUID>
		<Name>Microsoft ShadowCopy</Name>
		<Note>VSSVC.exe</Note>
		<IsEnabled>true</IsEnabled>
		<IPSTrustedStatus>false</IPSTrustedStatus>
		<FWTrustedStatus>false</FWTrustedStatus>
		<ProcessList>
			<Process>
				<Path>%SystemRoot%\system32\VSSVC.exe</Path>
				<FileDescription/>
				<Signer>CN=Microsoft Windows, O=Microsoft Corporation, L=Redmond, S=Washington, C=US</Signer>
				<FingerPrint/>
			</Process>
			<Process>
				<Path>%SystemRoot%\system32\VSSVC.exe</Path>
				<FileDescription/>
				<Signer>CN=Microsoft Windows, OU=MOPR, O=Microsoft Corporation, L=Redmond, S=Washington, C=US</Signer>
				<FingerPrint/>
			</Process>
			<Process>
				<Path>%SystemRoot%\system32\VSSVC.exe</Path>
				<FileDescription/>
				<Signer>CN=Microsoft Corporation, OU=MOPR, O=Microsoft Corporation, L=Redmond, S=Washington, C=US</Signer>
				<FingerPrint/>
			</Process>
			<Process>
				<Path>%SystemRoot%\system32\VSSVC.exe</Path>
				<FileDescription/>
				<Signer>CN=Microsoft Windows Component Publisher, O=Microsoft Corporation, L=Redmond, S=Washington, C=US</Signer>
				<FingerPrint/>
			</Process>
		</ProcessList>
	</TrustedApp>
	<TrustedApp>
		<AppID>TrustedApp_Installer</AppID>
		<UUID>76e765c6-4d6b-11df-9879-0800200c9a66</UUID>
		<Name>Windows Modules Installer</Name>
		<Note>TrustedInstaller.exe</Note>
		<IsEnabled>true</IsEnabled>
		<IPSTrustedStatus>false</IPSTrustedStatus>
		<FWTrustedStatus>false</FWTrustedStatus>
		<ProcessList>
			<Process>
				<Path>%SystemRoot%\Servicing\TrustedInstaller.exe</Path>
				<FileDescription/>
				<Signer>CN=Microsoft Windows, O=Microsoft Corporation, L=Redmond, S=Washington, C=US</Signer>
				<FingerPrint/>
			</Process>
			<Process>
				<Path>%SystemRoot%\Servicing\TrustedInstaller.exe</Path>
				<FileDescription/>
				<Signer>CN=Microsoft Windows, OU=MOPR, O=Microsoft Corporation, L=Redmond, S=Washington, C=US</Signer>
				<FingerPrint/>
			</Process>
			<Process>
				<Path>%SystemRoot%\Servicing\TrustedInstaller.exe</Path>
				<FileDescription/>
				<Signer>CN=Microsoft Corporation, OU=MOPR, O=Microsoft Corporation, L=Redmond, S=Washington, C=US</Signer>
				<FingerPrint/>
			</Process>
			<Process>
				<Path>%SystemRoot%\Servicing\TrustedInstaller.exe</Path>
				<FileDescription/>
				<Signer>CN=Microsoft Windows Component Publisher, O=Microsoft Corporation, L=Redmond, S=Washington, C=US</Signer>
				<FingerPrint/>
			</Process>
		</ProcessList>
	</TrustedApp>
	<TrustedApp>
		<AppID>TrustedApp_Defrag</AppID>
		<UUID>2077c400-4d70-11df-9879-0800200c9a66</UUID>
		<Name>Windows Disk Defragmenter Module</Name>
		<Note>Defrag.exe</Note>
		<IsEnabled>true</IsEnabled>
		<IPSTrustedStatus>false</IPSTrustedStatus>
		<FWTrustedStatus>false</FWTrustedStatus>
		<ProcessList>
			<Process>
				<Path>%SystemRoot%\system32\Defrag.exe</Path>
				<FileDescription/>
				<Signer>CN=Microsoft Windows, O=Microsoft Corporation, L=Redmond, S=Washington, C=US</Signer>
				<FingerPrint/>
			</Process>
			<Process>
				<Path>%SystemRoot%\system32\Defrag.exe</Path>
				<FileDescription/>
				<Signer>CN=Microsoft Windows, OU=MOPR, O=Microsoft Corporation, L=Redmond, S=Washington, C=US</Signer>
				<FingerPrint/>
			</Process>
			<Process>
				<Path>%SystemRoot%\system32\Defrag.exe</Path>
				<FileDescription/>
				<Signer>CN=Microsoft Corporation, OU=MOPR, O=Microsoft Corporation, L=Redmond, S=Washington, C=US</Signer>
				<FingerPrint/>
			</Process>
			<Process>
				<Path>%SystemRoot%\system32\Defrag.exe</Path>
				<FileDescription/>
				<Signer>CN=Microsoft Windows Component Publisher, O=Microsoft Corporation, L=Redmond, S=Washington, C=US</Signer>
				<FingerPrint/>
			</Process>
			<Process>
				<Path>%SystemRoot%\system32\Defrag.exe</Path>
				<FileDescription/>
				<Signer>CN=Microsoft Windows Publisher, O=Microsoft Corporation, L=Redmond, S=Washington, C=US</Signer>
				<FingerPrint/>
			</Process>
		</ProcessList>
	</TrustedApp>
	<TrustedApp>
		<AppID>TrustedApp_dcom_dll_host</AppID>
		<UUID>2077c401-4d70-11df-9879-0800200c9a66</UUID>
		<Name>Microsoft DCOM DLL Host Process</Name>
		<Note>dllhost.exe</Note>
		<IsEnabled>true</IsEnabled>
		<IPSTrustedStatus>false</IPSTrustedStatus>
		<FWTrustedStatus>false</FWTrustedStatus>
		<ProcessList>
			<Process>
				<Path>%SystemRoot%\system32\dllhost.exe</Path>
				<FileDescription/>
				<Signer>CN=Microsoft Windows, O=Microsoft Corporation, L=Redmond, S=Washington, C=US</Signer>
				<FingerPrint/>
			</Process>
			<Process>
				<Path>%SystemRoot%\system32\dllhost.exe</Path>
				<FileDescription/>
				<Signer>CN=Microsoft Windows, OU=MOPR, O=Microsoft Corporation, L=Redmond, S=Washington, C=US</Signer>
				<FingerPrint/>
			</Process>
			<Process>
				<Path>%SystemRoot%\system32\dllhost.exe</Path>
				<FileDescription/>
				<Signer>CN=Microsoft Corporation, OU=MOPR, O=Microsoft Corporation, L=Redmond, S=Washington, C=US</Signer>
				<FingerPrint/>
			</Process>
			<Process>
				<Path>%SystemRoot%\system32\dllhost.exe</Path>
				<FileDescription/>
				<Signer>CN=Microsoft Windows Component Publisher, O=Microsoft Corporation, L=Redmond, S=Washington, C=US</Signer>
				<FingerPrint/>
			</Process>
		</ProcessList>
	</TrustedApp>
	<TrustedApp>
		<AppID>TrustedApp_Vista_Activation</AppID>
		<UUID>2077c402-4d70-11df-9879-0800200c9a66</UUID>
		<Name>Windows Vista Activation</Name>
		<Note>SLUI.exe</Note>
		<IsEnabled>true</IsEnabled>
		<IPSTrustedStatus>false</IPSTrustedStatus>
		<FWTrustedStatus>false</FWTrustedStatus>
		<ProcessList>
			<Process>
				<Path>%SystemRoot%\system32\SLUI.exe</Path>
				<FileDescription/>
				<Signer>CN=Microsoft Windows, O=Microsoft Corporation, L=Redmond, S=Washington, C=US</Signer>
				<FingerPrint/>
			</Process>
			<Process>
				<Path>%SystemRoot%\system32\SLUI.exe</Path>
				<FileDescription/>
				<Signer>CN=Microsoft Windows, OU=MOPR, O=Microsoft Corporation, L=Redmond, S=Washington, C=US</Signer>
				<FingerPrint/>
			</Process>
			<Process>
				<Path>%SystemRoot%\system32\SLUI.exe</Path>
				<FileDescription/>
				<Signer>CN=Microsoft Corporation, OU=MOPR, O=Microsoft Corporation, L=Redmond, S=Washington, C=US</Signer>
				<FingerPrint/>
			</Process>
			<Process>
				<Path>%SystemRoot%\system32\SLUI.exe</Path>
				<FileDescription/>
				<Signer>CN=Microsoft Windows Component Publisher, O=Microsoft Corporation, L=Redmond, S=Washington, C=US</Signer>
				<FingerPrint/>
			</Process>
		</ProcessList>
	</TrustedApp>
	<TrustedApp>
		<AppID>TrustedApp_Logon_ScrnSaver</AppID>
		<UUID>2077c403-4d70-11df-9879-0800200c9a66</UUID>
		<Name>Windows Logon Screen Saver</Name>
		<Note>logon.scr</Note>
		<IsEnabled>true</IsEnabled>
		<IPSTrustedStatus>false</IPSTrustedStatus>
		<FWTrustedStatus>false</FWTrustedStatus>
		<ProcessList>
			<Process>
				<Path>%SystemRoot%\system32\logon.scr</Path>
				<FileDescription/>
				<Signer>CN=Microsoft Windows, O=Microsoft Corporation, L=Redmond, S=Washington, C=US</Signer>
				<FingerPrint/>
			</Process>
			<Process>
				<Path>%SystemRoot%\system32\logon.scr</Path>
				<FileDescription/>
				<Signer>CN=Microsoft Windows, OU=MOPR, O=Microsoft Corporation, L=Redmond, S=Washington, C=US</Signer>
				<FingerPrint/>
			</Process>
			<Process>
				<Path>%SystemRoot%\system32\logon.scr</Path>
				<FileDescription/>
				<Signer>CN=Microsoft Corporation, OU=MOPR, O=Microsoft Corporation, L=Redmond, S=Washington, C=US</Signer>
				<FingerPrint/>
			</Process>
			<Process>
				<Path>%SystemRoot%\system32\logon.scr</Path>
				<FileDescription/>
				<Signer>CN=Microsoft Windows Component Publisher, O=Microsoft Corporation, L=Redmond, S=Washington, C=US</Signer>
				<FingerPrint/>
			</Process>
			<Process>
				<Path>%SystemRoot%\system32\logon.scr</Path>
				<FileDescription/>
				<Signer>CN=Microsoft Windows Publisher, O=Microsoft Corporation, L=Redmond, S=Washington, C=US</Signer>
				<FingerPrint/>
			</Process>
		</ProcessList>
	</TrustedApp>
	<TrustedApp>
		<AppID>TrustedApp_Shell_Extn</AppID>
		<UUID>2077c404-4d70-11df-9879-0800200c9a66</UUID>
		<Name>Shell Extensions Validation</Name>
		<Note>VERCLSID.exe</Note>
		<IsEnabled>true</IsEnabled>
		<IPSTrustedStatus>false</IPSTrustedStatus>
		<FWTrustedStatus>false</FWTrustedStatus>
		<ProcessList>
			<Process>
				<Path>%SystemRoot%\system32\VERCLSID.exe</Path>
				<FileDescription/>
				<Signer>CN=Microsoft Windows, O=Microsoft Corporation, L=Redmond, S=Washington, C=US</Signer>
				<FingerPrint/>
			</Process>
			<Process>
				<Path>%SystemRoot%\system32\VERCLSID.exe</Path>
				<FileDescription/>
				<Signer>CN=Microsoft Windows, OU=MOPR, O=Microsoft Corporation, L=Redmond, S=Washington, C=US</Signer>
				<FingerPrint/>
			</Process>
			<Process>
				<Path>%SystemRoot%\system32\VERCLSID.exe</Path>
				<FileDescription/>
				<Signer>CN=Microsoft Corporation, OU=MOPR, O=Microsoft Corporation, L=Redmond, S=Washington, C=US</Signer>
				<FingerPrint/>
			</Process>
			<Process>
				<Path>%SystemRoot%\system32\VERCLSID.exe</Path>
				<FileDescription/>
				<Signer>CN=Microsoft Windows Component Publisher, O=Microsoft Corporation, L=Redmond, S=Washington, C=US</Signer>
				<FingerPrint/>
			</Process>
		</ProcessList>
	</TrustedApp>
	<TrustedApp>
		<AppID>TrustedApp_Vista_Consent</AppID>
		<UUID>2077c405-4d70-11df-9879-0800200c9a66</UUID>
		<Name>Consent UI for Administrative Applications</Name>
		<Note>consent.exe</Note>
		<IsEnabled>true</IsEnabled>
		<IPSTrustedStatus>false</IPSTrustedStatus>
		<FWTrustedStatus>false</FWTrustedStatus>
		<ProcessList>
			<Process>
				<Path>%SystemRoot%\system32\consent.exe</Path>
				<FileDescription/>
				<Signer>CN=Microsoft Windows, O=Microsoft Corporation, L=Redmond, S=Washington, C=US</Signer>
				<FingerPrint/>
			</Process>
			<Process>
				<Path>%SystemRoot%\system32\consent.exe</Path>
				<FileDescription/>
				<Signer>CN=Microsoft Windows, OU=MOPR, O=Microsoft Corporation, L=Redmond, S=Washington, C=US</Signer>
				<FingerPrint/>
			</Process>
			<Process>
				<Path>%SystemRoot%\system32\consent.exe</Path>
				<FileDescription/>
				<Signer>CN=Microsoft Corporation, OU=MOPR, O=Microsoft Corporation, L=Redmond, S=Washington, C=US</Signer>
				<FingerPrint/>
			</Process>
			<Process>
				<Path>%SystemRoot%\system32\consent.exe</Path>
				<FileDescription/>
				<Signer>CN=Microsoft Windows Component Publisher, O=Microsoft Corporation, L=Redmond, S=Washington, C=US</Signer>
				<FingerPrint/>
			</Process>
		</ProcessList>
	</TrustedApp>
	<TrustedApp>
		<AppID>TrustedApp_ADAP</AppID>
		<UUID>2077c406-4d70-11df-9879-0800200c9a66</UUID>
		<Name>Windows AutoDiscovery/AutoPurge Process</Name>
		<Note>WMIADAP.exe</Note>
		<IsEnabled>true</IsEnabled>
		<IPSTrustedStatus>false</IPSTrustedStatus>
		<FWTrustedStatus>false</FWTrustedStatus>
		<ProcessList>
			<Process>
				<Path>%SystemRoot%\system32\wbem\WMIADAP.exe</Path>
				<FileDescription/>
				<Signer>CN=Microsoft Windows, O=Microsoft Corporation, L=Redmond, S=Washington, C=US</Signer>
				<FingerPrint/>
			</Process>
			<Process>
				<Path>%SystemRoot%\system32\wbem\WMIADAP.exe</Path>
				<FileDescription/>
				<Signer>CN=Microsoft Windows, OU=MOPR, O=Microsoft Corporation, L=Redmond, S=Washington, C=US</Signer>
				<FingerPrint/>
			</Process>
			<Process>
				<Path>%SystemRoot%\system32\wbem\WMIADAP.exe</Path>
				<FileDescription/>
				<Signer>CN=Microsoft Corporation, OU=MOPR, O=Microsoft Corporation, L=Redmond, S=Washington, C=US</Signer>
				<FingerPrint/>
			</Process>
			<Process>
				<Path>%SystemRoot%\system32\wbem\WMIADAP.exe</Path>
				<FileDescription/>
				<Signer>CN=Microsoft Windows Component Publisher, O=Microsoft Corporation, L=Redmond, S=Washington, C=US</Signer>
				<FingerPrint/>
			</Process>
		</ProcessList>
	</TrustedApp>
	<TrustedApp>
		<AppID>TrustedApp_RELIABILITY</AppID>
		<UUID>2077c407-4d70-11df-9879-0800200c9a66</UUID>
		<Name>Windows Reliability Analysis Executable</Name>
		<Note>RacAgent.exe</Note>
		<IsEnabled>true</IsEnabled>
		<IPSTrustedStatus>false</IPSTrustedStatus>
		<FWTrustedStatus>false</FWTrustedStatus>
		<ProcessList>
			<Process>
				<Path>%SystemRoot%\system32\RacAgent.exe</Path>
				<FileDescription/>
				<Signer>CN=Microsoft Windows, O=Microsoft Corporation, L=Redmond, S=Washington, C=US</Signer>
				<FingerPrint/>
			</Process>
			<Process>
				<Path>%SystemRoot%\system32\RacAgent.exe</Path>
				<FileDescription/>
				<Signer>CN=Microsoft Windows, OU=MOPR, O=Microsoft Corporation, L=Redmond, S=Washington, C=US</Signer>
				<FingerPrint/>
			</Process>
			<Process>
				<Path>%SystemRoot%\system32\RacAgent.exe</Path>
				<FileDescription/>
				<Signer>CN=Microsoft Corporation, OU=MOPR, O=Microsoft Corporation, L=Redmond, S=Washington, C=US</Signer>
				<FingerPrint/>
			</Process>
			<Process>
				<Path>%SystemRoot%\system32\RacAgent.exe</Path>
				<FileDescription/>
				<Signer>CN=Microsoft Windows Component Publisher, O=Microsoft Corporation, L=Redmond, S=Washington, C=US</Signer>
				<FingerPrint/>
			</Process>
		</ProcessList>
	</TrustedApp>
	<TrustedApp>
		<AppID>TrustedApp_Windows_Indexing_Service</AppID>
		<UUID>63c88404-4dbc-11df-9879-0800200c9a66</UUID>
		<Name>Windows Indexing Service</Name>
		<Note>cisvc.exe|cidaemon.exe</Note>
		<IsEnabled>true</IsEnabled>
		<IPSTrustedStatus>false</IPSTrustedStatus>
		<FWTrustedStatus>false</FWTrustedStatus>
		<ProcessList>
			<Process>
				<Path>%SystemRoot%\system32\cisvc.exe</Path>
				<FileDescription/>
				<Signer>CN=Microsoft Windows, O=Microsoft Corporation, L=Redmond, S=Washington, C=US</Signer>
				<FingerPrint/>
			</Process>
			<Process>
				<Path>%SystemRoot%\system32\cisvc.exe</Path>
				<FileDescription/>
				<Signer>CN=Microsoft Windows, OU=MOPR, O=Microsoft Corporation, L=Redmond, S=Washington, C=US</Signer>
				<FingerPrint/>
			</Process>
			<Process>
				<Path>%SystemRoot%\system32\cisvc.exe</Path>
				<FileDescription/>
				<Signer>CN=Microsoft Corporation, OU=MOPR, O=Microsoft Corporation, L=Redmond, S=Washington, C=US</Signer>
				<FingerPrint/>
			</Process>
			<Process>
				<Path>%SystemRoot%\system32\cisvc.exe</Path>
				<FileDescription/>
				<Signer>CN=Microsoft Windows Component Publisher, O=Microsoft Corporation, L=Redmond, S=Washington, C=US</Signer>
				<FingerPrint/>
			</Process>
			<Process>
				<Path>%SystemRoot%\system32\cidaemon.exe</Path>
				<FileDescription/>
				<Signer>CN=Microsoft Windows, O=Microsoft Corporation, L=Redmond, S=Washington, C=US</Signer>
				<FingerPrint/>
			</Process>
			<Process>
				<Path>%SystemRoot%\system32\cidaemon.exe</Path>
				<FileDescription/>
				<Signer>CN=Microsoft Windows, OU=MOPR, O=Microsoft Corporation, L=Redmond, S=Washington, C=US</Signer>
				<FingerPrint/>
			</Process>
			<Process>
				<Path>%SystemRoot%\system32\cidaemon.exe</Path>
				<FileDescription/>
				<Signer>CN=Microsoft Corporation, OU=MOPR, O=Microsoft Corporation, L=Redmond, S=Washington, C=US</Signer>
				<FingerPrint/>
			</Process>
			<Process>
				<Path>%SystemRoot%\system32\cidaemon.exe</Path>
				<FileDescription/>
				<Signer>CN=Microsoft Windows Component Publisher, O=Microsoft Corporation, L=Redmond, S=Washington, C=US</Signer>
				<FingerPrint/>
			</Process>
		</ProcessList>
	</TrustedApp>
	<TrustedApp>
		<AppID>TrustedApp_McAfee_Agent_5</AppID>
		<UUID>e75bbdb1-4c53-11df-9879-0800200c9a66</UUID>
		<Name>McAfee Agent 5.0</Name>
		<Note>macmnsvc.exe|macompatsvc.exe|masvc.exe</Note>
		<IsEnabled>true</IsEnabled>
		<IPSTrustedStatus>true</IPSTrustedStatus>
		<FWTrustedStatus>true</FWTrustedStatus>
		<ProcessList>
			<Process>
				<Path>**McAfee**\macmnsvc.exe</Path>
				<FileDescription/>
				<Signer>CN="McAfee, Inc.", OU=Engineering, OU=Digital ID Class 3 - Microsoft Software Validation v2, O="McAfee, Inc.", L=Santa Clara, S=Oregon, C=US</Signer>
				<FingerPrint/>
			</Process>
			<Process>
				<Path>**McAfee**\macmnsvc.exe</Path>
				<FileDescription/>
				<Signer>CN="McAfee, Inc.", OU=IIS, OU=Digital ID Class 3 - Microsoft Software Validation v2, O="McAfee, Inc.", L=Santa Clara, S=California, C=US</Signer>
				<FingerPrint/>
			</Process>
			<Process>
				<Path>**McAfee**\macmnsvc.exe</Path>
				<FileDescription/>
				<Signer>CN=Intel Corporation, OU=ISecG Enterprise, O=Intel Corporation, STREET = 2200 Mission College Blvd, STREET = FM1-110, L=Santa Clara, S=CA, PostalCode = 95054, C=US</Signer>
				<FingerPrint/>
			</Process>
			<Process>
				<Path>**McAfee**\macmnsvc.exe</Path>
				<FileDescription/>
				<Signer>CN="McAfee, Inc.", OU=Engineering, O="McAfee, Inc.", L=Santa Clara, S=California, C=US</Signer>
				<FingerPrint/>
			</Process>
			<Process>
				<Path>**McAfee**\macmnsvc.exe</Path>
				<FileDescription/>
				<Signer>CN="McAfee, LLC", OU=Enterprise, O="McAfee, LLC", STREET = 2821 Mission College Blvd, L=Santa Clara, S=CA, PostalCode = 95054, C=US</Signer>
				<FingerPrint/>
			</Process>
			<Process>
				<Path>**McAfee**\macompatsvc.exe</Path>
				<FileDescription/>
				<Signer>CN="McAfee, Inc.", OU=Engineering, OU=Digital ID Class 3 - Microsoft Software Validation v2, O="McAfee, Inc.", L=Santa Clara, S=Oregon, C=US</Signer>
				<FingerPrint/>
			</Process>
			<Process>
				<Path>**McAfee**\macompatsvc.exe</Path>
				<FileDescription/>
				<Signer>CN="McAfee, Inc.", OU=IIS, OU=Digital ID Class 3 - Microsoft Software Validation v2, O="McAfee, Inc.", L=Santa Clara, S=California, C=US</Signer>
				<FingerPrint/>
			</Process>
			<Process>
				<Path>**McAfee**\macompatsvc.exe</Path>
				<FileDescription/>
				<Signer>CN=Intel Corporation, OU=ISecG Enterprise, O=Intel Corporation, STREET = 2200 Mission College Blvd, STREET = FM1-110, L=Santa Clara, S=CA, PostalCode = 95054, C=US</Signer>
				<FingerPrint/>
			</Process>
			<Process>
				<Path>**McAfee**\macompatsvc.exe</Path>
				<FileDescription/>
				<Signer>CN="McAfee, Inc.", OU=Engineering, O="McAfee, Inc.", L=Santa Clara, S=California, C=US</Signer>
				<FingerPrint/>
			</Process>
			<Process>
				<Path>**McAfee**\macompatsvc.exe</Path>
				<FileDescription/>
				<Signer>CN="McAfee, LLC", OU=Enterprise, O="McAfee, LLC", STREET = 2821 Mission College Blvd, L=Santa Clara, S=CA, PostalCode = 95054, C=US</Signer>
				<FingerPrint/>
			</Process>
			<Process>
				<Path>**McAfee**\masvc.exe</Path>
				<FileDescription/>
				<Signer>CN="McAfee, Inc.", OU=Engineering, OU=Digital ID Class 3 - Microsoft Software Validation v2, O="McAfee, Inc.", L=Santa Clara, S=Oregon, C=US</Signer>
				<FingerPrint/>
			</Process>
			<Process>
				<Path>**McAfee**\masvc.exe</Path>
				<FileDescription/>
				<Signer>CN="McAfee, Inc.", OU=IIS, OU=Digital ID Class 3 - Microsoft Software Validation v2, O="McAfee, Inc.", L=Santa Clara, S=California, C=US</Signer>
				<FingerPrint/>
			</Process>
			<Process>
				<Path>**McAfee**\masvc.exe</Path>
				<FileDescription/>
				<Signer>CN=Intel Corporation, OU=ISecG Enterprise, O=Intel Corporation, STREET = 2200 Mission College Blvd, STREET = FM1-110, L=Santa Clara, S=CA, PostalCode = 95054, C=US</Signer>
				<FingerPrint/>
			</Process>
			<Process>
				<Path>**McAfee**\masvc.exe</Path>
				<FileDescription/>
				<Signer>CN="McAfee, Inc.", OU=Engineering, O="McAfee, Inc.", L=Santa Clara, S=California, C=US</Signer>
				<FingerPrint/>
			</Process>
			<Process>
				<Path>**McAfee**\masvc.exe</Path>
				<FileDescription/>
				<Signer>CN="McAfee, LLC", OU=Enterprise, O="McAfee, LLC", STREET = 2821 Mission College Blvd, L=Santa Clara, S=CA, PostalCode = 95054, C=US</Signer>
				<FingerPrint/>
			</Process>
		</ProcessList>	
	</TrustedApp>
</TrustedApps>
