<?xml version="1.0" encoding="UTF-8"?>
<TrustedApps xmlns="http://www.mcafee.com/namespace" xmlns:xsi="http://www.w3.org/2001/XMLSchema-instance" xsi:schemaLocation="http://www.mcafee.com/namespace
.\TrustedApps.xsd">
	<TrustedApp>
		<AppID>TrustedApp_McAfee_McTray</AppID>
		<PolicyIndex>0</PolicyIndex>
		<Name>McAfee Tray Icon</Name>
		<Note/>
		<IsEnabled>true</IsEnabled>
		<IPSTrustedStatus>false</IPSTrustedStatus>
		<FWTrustedStatus>false</FWTrustedStatus>
		<HookTrustedStatus>true</HookTrustedStatus>
		<ProcessList>%ProgramFiles%\McAfee\Common Framework\McTray.exe|%ProgramFiles%\Network Associates\Common Framework\McTray.exe</ProcessList>
	</TrustedApp>
	<TrustedApp>
		<AppID>TrustedApp_McAfee_VirusScan_Enterprise_80</AppID>
		<PolicyIndex>0</PolicyIndex>
		<Name>McAfee VirusScan Enterprise 8.0i, 8.5 and 8.8</Name>
		<Note/>
		<IsEnabled>true</IsEnabled>
		<IPSTrustedStatus>true</IPSTrustedStatus>
		<FWTrustedStatus>false</FWTrustedStatus>
		<HookTrustedStatus>true</HookTrustedStatus>
		<ProcessList>%CommonProgramFiles%\Network Associates\Engine\Scan.exe|%CommonProgramFiles%\Network Associates\TalkBack\TBMon.exe|%ProgramFiles%\Network Associates\VirusScan\*|%ProgramFiles%\McAfee\VirusScan Enterprise\*|%CommonProgramFiles%\McAfee\SystemCore\*</ProcessList>
	</TrustedApp>
	<TrustedApp>
		<AppID>TrustedApp_McAfee_Common_Framework</AppID>
		<PolicyIndex>0</PolicyIndex>
		<Name>McAfee Common Framework</Name>
		<Note/>
		<IsEnabled>true</IsEnabled>
		<IPSTrustedStatus>true</IPSTrustedStatus>
		<FWTrustedStatus>true</FWTrustedStatus>
		<HookTrustedStatus>false</HookTrustedStatus>
		<ProcessList>%ProgramFiles%\Network Associates\Common Framework\*|%ProgramFiles%\McAfee\Common Framework\*</ProcessList>
	</TrustedApp>
	<TrustedApp>
		<AppID>TrustedApp_McAfee_Alert_Manager_47</AppID>
		<PolicyIndex>0</PolicyIndex>
		<Name>McAfee Alert Manager 4.7</Name>
		<Note/>
		<IsEnabled>true</IsEnabled>
		<IPSTrustedStatus>true</IPSTrustedStatus>
		<FWTrustedStatus>false</FWTrustedStatus>
		<HookTrustedStatus>false</HookTrustedStatus>
		<ProcessList>%ProgramFiles%\Network Associates\Alert Manager\*</ProcessList>
	</TrustedApp>
	<TrustedApp>
		<AppID>TrustedApp_McAfee_Autoupdate_Architect_112</AppID>
		<PolicyIndex>0</PolicyIndex>
		<Name>McAfee Autoupdate Architect 1.1.2</Name>
		<Note/>
		<IsEnabled>true</IsEnabled>
		<IPSTrustedStatus>true</IPSTrustedStatus>
		<FWTrustedStatus>false</FWTrustedStatus>
		<HookTrustedStatus>false</HookTrustedStatus>
		<ProcessList>%ProgramFiles%\Network Associates\McAfee Autoupdate Architect\*</ProcessList>
	</TrustedApp>
	<TrustedApp>
		<AppID>TrustedApp_McAfee_ePO_36</AppID>
		<PolicyIndex>0</PolicyIndex>
		<Name>McAfee ePO 3.6, 3.6.1, 4.0 and 4.5</Name>
		<Note/>
		<IsEnabled>true</IsEnabled>
		<IPSTrustedStatus>true</IPSTrustedStatus>
		<FWTrustedStatus>false</FWTrustedStatus>
		<HookTrustedStatus>false</HookTrustedStatus>
		<ProcessList>%CommonProgramFiles%\McAfee\Apache2\bin\*|%CommonProgramFiles%\McAfee\Common Framework\*|%ProgramFiles%\McAfee\Common Framework\*|%ProgramFiles%\Network Associates\Common Framework\*|%CommonProgramFiles%\McAfee\JAVA\bin\*|%CommonProgramFiles%\McAfee\MSDE\MSSQL$EPOSERVER\Binn\*|%CommonProgramFiles%\McAfee\Tomcat\bin\*|%CommonProgramFiles%\Microsoft Shared\dasetup\dasetup.exe|%ProgramFiles%\McAfee\ePO\3.6.0\*|%ProgramFiles%\Microsoft SQL Server\80\COM\DISTRIB.exe|%ProgramFiles%\Microsoft SQL Server\80\COM\replmerg.exe|%ProgramFiles%\Microsoft SQL Server\80\COM\snapshot.exe|%ProgramFiles%\Microsoft SQL Server\80\Tools\Binn\bcp.exe|%ProgramFiles%\Microsoft SQL Server\80\Tools\Binn\cnfgsvr.exe|%ProgramFiles%\Microsoft SQL Server\80\Tools\Binn\DTSRUN.exe|%ProgramFiles%\Microsoft SQL Server\80\Tools\Binn\scm.exe|%ProgramFiles%\Microsoft SQL Server\80\Tools\Binn\sqlmangr.exe|%ProgramFiles%\Microsoft SQL Server\80\Tools\Binn\SVRNETCN.exe|%ProgramFiles%\McAfee\ePO\3.6.1\*|%ProgramFiles%\McAfee\ePolicy Orchestrator\*</ProcessList>
	</TrustedApp>
	<TrustedApp>
		<AppID>TrustedApp_McAfee_GroupShield_60</AppID>
		<PolicyIndex>0</PolicyIndex>
		<Name>McAfee GroupShield 6.0</Name>
		<Note/>
		<IsEnabled>true</IsEnabled>
		<IPSTrustedStatus>true</IPSTrustedStatus>
		<FWTrustedStatus>false</FWTrustedStatus>
		<HookTrustedStatus>false</HookTrustedStatus>
		<ProcessList>%CommonProgramFiles%\McAfee\log and quarantine\bin\*|%CommonProgramFiles%\Network Associates\Outbreak Manager\*|%ProgramFiles%\Network Associates\Alert Manager\*|%ProgramFiles%\Network Associates\McAfee GroupShield\*</ProcessList>
	</TrustedApp>
	<TrustedApp>
		<AppID>TrustedApp_McAfee_AntiSpyware_85</AppID>
		<PolicyIndex>0</PolicyIndex>
		<Name>McAfee AntiSpyware Enterprise 8.5</Name>
		<Note/>
		<IsEnabled>true</IsEnabled>
		<IPSTrustedStatus>true</IPSTrustedStatus>
		<FWTrustedStatus>false</FWTrustedStatus>
		<HookTrustedStatus>false</HookTrustedStatus>
		<ProcessList>%ProgramFiles%\McAfee\AntiSpyware Enterprise\Mcshield.exe|%ProgramFiles%\McAfee\AntiSpyware Enterprise\scan32.exe|%ProgramFiles%\McAfee\AntiSpyware Enterprise\*</ProcessList>
	</TrustedApp>
	<TrustedApp>
		<AppID>TrustedApp_McAfee_WebShield_SMTP</AppID>
		<PolicyIndex>0</PolicyIndex>
		<Name>McAfee WebShield SMTP</Name>
		<Note/>
		<IsEnabled>true</IsEnabled>
		<IPSTrustedStatus>true</IPSTrustedStatus>
		<FWTrustedStatus>false</FWTrustedStatus>
		<HookTrustedStatus>false</HookTrustedStatus>
		<ProcessList>%ProgramFiles%\Network Associates\TVD\WebShield SMTP\mailscan.exe|%ProgramFiles%\Network Associates\TVD\WebShield SMTP\MailCFG.exe|%ProgramFiles%\Network Associates\TVD\WebShield SMTP\*|%CommonProgramFiles%\McAfee\log and quarantine\bin\*|%CommonProgramFiles%\Network Associates\Outbreak Manager\*</ProcessList>
	</TrustedApp>
	<TrustedApp>
		<AppID>TrustedApp_McAfee_Quarantine_Manager</AppID>
		<PolicyIndex>0</PolicyIndex>
		<Name>McAfee Quarantine Manager</Name>
		<Note/>
		<IsEnabled>true</IsEnabled>
		<IPSTrustedStatus>true</IPSTrustedStatus>
		<FWTrustedStatus>false</FWTrustedStatus>
		<HookTrustedStatus>false</HookTrustedStatus>
		<ProcessList>%ProgramFiles%\McAfee\Quarantine Manager\bin\*</ProcessList>
	</TrustedApp>
	<TrustedApp>
		<AppID>TrustedApp_McAfee_GS_for_Domino_521</AppID>
		<PolicyIndex>0</PolicyIndex>
		<Name>McAfee GroupShield for Domino 5.2.1</Name>
		<Note/>
		<IsEnabled>true</IsEnabled>
		<IPSTrustedStatus>true</IPSTrustedStatus>
		<FWTrustedStatus>false</FWTrustedStatus>
		<HookTrustedStatus>false</HookTrustedStatus>
		<ProcessList>C:\Lotus\Domino\GSDConfigWizard.exe|C:\Lotus\Domino\nGSDConfig.exe|C:\Lotus\Domino\nGSDLDI.exe|C:\Lotus\Domino\nGSDOAScan.exe|C:\Lotus\Domino\nGSDODScan.exe|C:\Lotus\Domino\nGSDReport.exe|C:\Lotus\Domino\nGSDUpdate.exe|%CommonProgramFiles%\InstallShield\Engine\6\Intel 32\IKernel.exe|%CommonProgramFiles%\McAfee\log and quarantine\bin\*|%CommonProgramFiles%\Network Associates\Outbreak Manager\*|%ProgramFiles%\McAfee\GroupShield for Lotus Domino\*</ProcessList>
	</TrustedApp>
	<TrustedApp>
		<AppID>TrustedApp_McAfee_GS_for_Domino_53</AppID>
		<PolicyIndex>0</PolicyIndex>
		<Name>McAfee GroupShield for Domino 5.3</Name>
		<Note/>
		<IsEnabled>true</IsEnabled>
		<IPSTrustedStatus>true</IPSTrustedStatus>
		<FWTrustedStatus>false</FWTrustedStatus>
		<HookTrustedStatus>false</HookTrustedStatus>
		<ProcessList>C:\Lotus\Domino\GSDConfigWizard.exe|C:\Lotus\Domino\nMcAfeeConfig.exe|C:\Lotus\Domino\nMcAfeeLDI.exe|C:\Lotus\Domino\nMcAfeeOAScan.exe|C:\Lotus\Domino\nMcAfeeODScan.exe|C:\Lotus\Domino\nMcAfeeReport.exe|C:\Lotus\Domino\nMcAfeeUpdate.exe|%CommonProgramFiles%\McAfee\log and quarantine\bin\i386\*|%CommonProgramFiles%\Network Associates\Outbreak Manager\*|%ProgramFiles%\McAfee\GroupShield for Lotus Domino\GSDEIWiz.exe|%ProgramFiles%\Network Associates\Alert Manager\*</ProcessList>
	</TrustedApp>
	<TrustedApp>
		<AppID>TrustedApp_McAfee_ProtectionPilot_101</AppID>
		<PolicyIndex>0</PolicyIndex>
		<Name>McAfee ProtectionPilot 1.0.1</Name>
		<Note/>
		<IsEnabled>true</IsEnabled>
		<IPSTrustedStatus>true</IPSTrustedStatus>
		<FWTrustedStatus>false</FWTrustedStatus>
		<HookTrustedStatus>false</HookTrustedStatus>
		<ProcessList>%ProgramFiles%\Network Associates\ProtectionPilot\*|%SystemRoot%\IsUninst.exe|%SystemRoot%\MUI\muisetup.exe|%SystemRoot%\system32\cliconfg.exe|%SystemRoot%\system32\odbcad32.exe|%SystemRoot%\system32\odbcconf.exe</ProcessList>
	</TrustedApp>
	<TrustedApp>
		<AppID>TrustedApp_McAfee_SecurityShield_10</AppID>
		<PolicyIndex>0</PolicyIndex>
		<Name>McAfee SecurityShield 1.0</Name>
		<Note/>
		<IsEnabled>true</IsEnabled>
		<IPSTrustedStatus>true</IPSTrustedStatus>
		<FWTrustedStatus>false</FWTrustedStatus>
		<HookTrustedStatus>false</HookTrustedStatus>
		<ProcessList>%ProgramFiles%\Network Associates\McAfee SecurityShield\*</ProcessList>
	</TrustedApp>
	<TrustedApp>
		<AppID>TrustedApp_McAfee_SK_for_Domino_21</AppID>
		<PolicyIndex>0</PolicyIndex>
		<Name>McAfee SpamKiller for Domino 2.1</Name>
		<Note/>
		<IsEnabled>true</IsEnabled>
		<IPSTrustedStatus>true</IPSTrustedStatus>
		<FWTrustedStatus>false</FWTrustedStatus>
		<HookTrustedStatus>false</HookTrustedStatus>
		<ProcessList>C:\Lotus\Domino\nMcAfeeConfig.exe|C:\Lotus\Domino\nMcAfeeLDI.exe|C:\Lotus\Domino\nMcAfeeOAScan.exe|C:\Lotus\Domino\nMcAfeeReport.exe|C:\Lotus\Domino\nMcAfeeUpdate.exe|%ProgramFiles%\McAfee\SpamKiller for Lotus Domino\*|%SystemRoot%\myCIO\Agent\UpdDlg.exe|%CommonProgramFiles%\Network Associates\TalkBack\TBMon.exe</ProcessList>
	</TrustedApp>
	<TrustedApp>
		<AppID>TrustedApp_McAfee_SK_for_Exchange_21</AppID>
		<PolicyIndex>0</PolicyIndex>
		<Name>McAfee SpamKiller for Exchange 2.1</Name>
		<Note/>
		<IsEnabled>true</IsEnabled>
		<IPSTrustedStatus>true</IPSTrustedStatus>
		<FWTrustedStatus>false</FWTrustedStatus>
		<HookTrustedStatus>false</HookTrustedStatus>
		<ProcessList>%ProgramFiles%\Network Associates\McAfee SpamKiller\*</ProcessList>
	</TrustedApp>
	<TrustedApp>
		<AppID>TrustedApp_McAfee_VirusScan_asap</AppID>
		<PolicyIndex>0</PolicyIndex>
		<Name>McAfee VirusScan ASAP</Name>
		<Note/>
		<IsEnabled>true</IsEnabled>
		<IPSTrustedStatus>true</IPSTrustedStatus>
		<FWTrustedStatus>false</FWTrustedStatus>
		<HookTrustedStatus>false</HookTrustedStatus>
		<ProcessList>%SystemRoot%\myCIO\Agent\HtmlDlg.exe|%SystemRoot%\myCIO\Agent\myAgtSvc.exe|%SystemRoot%\myCIO\Agent\myAgtTry.exe|%SystemRoot%\myCIO\Agent\myINX.exe|%SystemRoot%\myCIO\Agent\myUpdHlp.exe|%SystemRoot%\myCIO\VScan\Browse.exe|%SystemRoot%\myCIO\VScan\Splash.Exe</ProcessList>
	</TrustedApp>
	<TrustedApp>
		<AppID>TrustedApp_McAfee_VirusScan_asap_3</AppID>
		<PolicyIndex>0</PolicyIndex>
		<Name>McAfee VirusScan for ASAP 3</Name>
		<Note/>
		<IsEnabled>true</IsEnabled>
		<IPSTrustedStatus>true</IPSTrustedStatus>
		<FWTrustedStatus>false</FWTrustedStatus>
		<HookTrustedStatus>false</HookTrustedStatus>
		<ProcessList>%ProgramFiles%\McAfee\Managed VirusScan\Agent\*|%ProgramFiles%\McAfee\Managed VirusScan\VScan\*</ProcessList>
	</TrustedApp>
	<TrustedApp>
		<AppID>TrustedApp_McAfee_VS_for_NetApp_710</AppID>
		<PolicyIndex>0</PolicyIndex>
		<Name>McAfee VirusScan for NetApp 7.1.0</Name>
		<Note/>
		<IsEnabled>true</IsEnabled>
		<IPSTrustedStatus>true</IPSTrustedStatus>
		<FWTrustedStatus>false</FWTrustedStatus>
		<HookTrustedStatus>false</HookTrustedStatus>
		<ProcessList>%CommonProgramFiles%\Network Associates\Engine\Scan.exe|%ProgramFiles%\Network Associates\VirusScan for NetApp\*</ProcessList>
	</TrustedApp>
	<TrustedApp>
		<AppID>TrustedApp_McAfee_eBusiness_Server_80</AppID>
		<PolicyIndex>0</PolicyIndex>
		<Name>McAfee eBusiness Server 8.0</Name>
		<Note/>
		<IsEnabled>true</IsEnabled>
		<IPSTrustedStatus>true</IPSTrustedStatus>
		<FWTrustedStatus>false</FWTrustedStatus>
		<HookTrustedStatus>false</HookTrustedStatus>
		<ProcessList>%ProgramFiles%\Network Associates\McAfee E-Business Server\*</ProcessList>
	</TrustedApp>
	<TrustedApp>
		<AppID>TrustedApp_McAfee_eBusiness_Server_85</AppID>
		<PolicyIndex>0</PolicyIndex>
		<Name>McAfee eBusiness Server 8.5</Name>
		<Note/>
		<IsEnabled>true</IsEnabled>
		<IPSTrustedStatus>true</IPSTrustedStatus>
		<FWTrustedStatus>false</FWTrustedStatus>
		<HookTrustedStatus>false</HookTrustedStatus>
		<ProcessList>%ProgramFiles%\McAfee\McAfee E-Business Server\*</ProcessList>
	</TrustedApp>
	<TrustedApp>
		<AppID>TrustedApp_McAfee_HIP_60</AppID>
		<PolicyIndex>0</PolicyIndex>
		<Name>McAfee Host Intrusion Prevention 6.0, 6.1 and 7.0</Name>
		<Note/>
		<IsEnabled>true</IsEnabled>
		<IPSTrustedStatus>true</IPSTrustedStatus>
		<FWTrustedStatus>false</FWTrustedStatus>
		<HookTrustedStatus>true</HookTrustedStatus>
		<ProcessList>%ProgramFiles%\McAfee\Host Intrusion Prevention\FireSvc.exe|%ProgramFiles%\McAfee\Host Intrusion Prevention\FireTray.exe|%ProgramFiles%\McAfee\Host Intrusion Prevention\HIPSCore\HIPSvc.exe|%SystemRoot%\system32\mfevtps.exe|%ProgramFiles%\McAfee\Host Intrusion Prevention\Helper.exe|%ProgramFiles%\McAfee\Host Intrusion Prevention\x64\Helper.exe|%ProgramFiles%\McAfee\Host Intrusion Prevention\WinSecCtr.exe</ProcessList>
	</TrustedApp>
	<TrustedApp>
		<AppID>TrustedApp_McAfee_McMERTool</AppID>
		<PolicyIndex>0</PolicyIndex>
		<Name>McAfee ePO MER</Name>
		<Note/>
		<IsEnabled>true</IsEnabled>
		<IPSTrustedStatus>true</IPSTrustedStatus>
		<FWTrustedStatus>false</FWTrustedStatus>
		<HookTrustedStatus>true</HookTrustedStatus>
		<ProcessList>%SystemRoot%\TEMP\McMERTool.exe|%TEMP%\McMERTool.exe|%SystemRoot%\TEMP\WebMERClient.exe|%TEMP%\WebMERClient.exe</ProcessList>
	</TrustedApp>
	<TrustedApp>
		<AppID>TrustedApp_McAfee_SafeBoot</AppID>
		<PolicyIndex>0</PolicyIndex>
		<Name>McAfee SafeBoot</Name>
		<Note/>
		<IsEnabled>true</IsEnabled>
		<IPSTrustedStatus>true</IPSTrustedStatus>
		<FWTrustedStatus>false</FWTrustedStatus>
		<HookTrustedStatus>true</HookTrustedStatus>
		<ProcessList>%ProgramFiles%\SafeBoot\*|%ProgramFiles%\SafeBoot Content Encryption\SbCeCore.exe|%ProgramFiles%\SafeBoot Content Encryption\SbCeCoreService.exe|%ProgramFiles%\SafeBoot Content Encryption\SbCeSetup.exe|%ProgramFiles%\SafeBoot Content Encryption\SbCeSelfExtractorStub.exe|%ProgramFiles%\SafeBoot Content Encryption\SbCeShell.exe|%ProgramFiles%\SafeBoot Content Encryption\SbCe.sys|%ProgramFiles%\SafeBoot Port Control\SbPcManager.exe|%ProgramFiles%\SafeBoot Port Control\SbPcSetup.exe|%ProgramFiles%\SafeBoot Port Control\SbPrtCtl.sys|%ProgramFiles%\SafeBoot Tray Manager\SbTrayManager.exe</ProcessList>
	</TrustedApp>
	<TrustedApp>
		<AppID>TrustedApp_winlogon</AppID>
		<PolicyIndex>0</PolicyIndex>
		<Name>Microsoft Windows Winlogon</Name>
		<Note/>
		<IsEnabled>true</IsEnabled>
		<IPSTrustedStatus>false</IPSTrustedStatus>
		<FWTrustedStatus>false</FWTrustedStatus>
		<HookTrustedStatus>true</HookTrustedStatus>
		<ProcessList>%SystemRoot%\system32\winlogon.exe</ProcessList>
	</TrustedApp>
	<TrustedApp>
		<AppID>TrustedApp_WindowsExplorer</AppID>
		<PolicyIndex>0</PolicyIndex>
		<Name>Microsoft Windows Explorer</Name>
		<Note/>
		<IsEnabled>true</IsEnabled>
		<IPSTrustedStatus>false</IPSTrustedStatus>
		<FWTrustedStatus>false</FWTrustedStatus>
		<HookTrustedStatus>true</HookTrustedStatus>
		<ProcessList>%SystemRoot%\explorer.exe</ProcessList>
	</TrustedApp>
	<TrustedApp>
		<AppID>TrustedApp_McAfee_eB_Client_Admin</AppID>
		<PolicyIndex>0</PolicyIndex>
		<Name>McAfee E-Business Client Administration</Name>
		<Note/>
		<IsEnabled>true</IsEnabled>
		<IPSTrustedStatus>true</IPSTrustedStatus>
		<FWTrustedStatus>false</FWTrustedStatus>
		<HookTrustedStatus>false</HookTrustedStatus>
		<ProcessList>%ProgramFiles%\McAfee\*\EBCAdmin.exe</ProcessList>
	</TrustedApp>
	<TrustedApp>
		<AppID>TrustedApp_McAfee_eBusiness_Client</AppID>
		<PolicyIndex>0</PolicyIndex>
		<Name>McAfee E-Business Client</Name>
		<Note/>
		<IsEnabled>true</IsEnabled>
		<IPSTrustedStatus>true</IPSTrustedStatus>
		<FWTrustedStatus>false</FWTrustedStatus>
		<HookTrustedStatus>false</HookTrustedStatus>
		<ProcessList>%ProgramFiles%\McAfee\*\EBClient.exe</ProcessList>
	</TrustedApp>
	<TrustedApp>
		<AppID>TrustedApp_McAfee_DLP</AppID>
		<PolicyIndex>0</PolicyIndex>
		<Name>McAfee Data Loss Prevention</Name>
		<Note/>
		<IsEnabled>true</IsEnabled>
		<IPSTrustedStatus>true</IPSTrustedStatus>
		<FWTrustedStatus>false</FWTrustedStatus>
		<HookTrustedStatus>false</HookTrustedStatus>
		<ProcessList>%ProgramFiles%\McAfee\DLP\*</ProcessList>
	</TrustedApp>
	<TrustedApp>
		<AppID>TrustedApp_WinDefender_UI</AppID>
		<PolicyIndex>0</PolicyIndex>
		<Name>Windows Defender User Interface</Name>
		<Note/>
		<IsEnabled>true</IsEnabled>
		<IPSTrustedStatus>false</IPSTrustedStatus>
		<FWTrustedStatus>false</FWTrustedStatus>
		<HookTrustedStatus>true</HookTrustedStatus>
		<ProcessList>%ProgramFiles%\windows defender\msascui.exe|%ProgramFiles%\windows defender\MpCmdRun.exe</ProcessList>
	</TrustedApp>
	<TrustedApp>
		<AppID>TrustedApp_WinSessionManager</AppID>
		<PolicyIndex>0</PolicyIndex>
		<Name>Windows Session Manager</Name>
		<Note/>
		<IsEnabled>true</IsEnabled>
		<IPSTrustedStatus>false</IPSTrustedStatus>
		<FWTrustedStatus>false</FWTrustedStatus>
		<HookTrustedStatus>true</HookTrustedStatus>
		<ProcessList>%SystemRoot%\system32\smss.exe</ProcessList>
	</TrustedApp>
	<TrustedApp>
		<AppID>TrustedApp_DesktopWindowManager</AppID>
		<PolicyIndex>0</PolicyIndex>
		<Name>Desktop Window Manager</Name>
		<Note/>
		<IsEnabled>true</IsEnabled>
		<IPSTrustedStatus>false</IPSTrustedStatus>
		<FWTrustedStatus>false</FWTrustedStatus>
		<HookTrustedStatus>true</HookTrustedStatus>
		<ProcessList>%SystemRoot%\system32\dwm.exe</ProcessList>
	</TrustedApp>
	<TrustedApp>
		<AppID>TrustedApp_WinLogon_UI_Host</AppID>
		<PolicyIndex>0</PolicyIndex>
		<Name>Windows Logon User Interface Host</Name>
		<Note/>
		<IsEnabled>true</IsEnabled>
		<IPSTrustedStatus>false</IPSTrustedStatus>
		<FWTrustedStatus>false</FWTrustedStatus>
		<HookTrustedStatus>true</HookTrustedStatus>
		<ProcessList>%SystemRoot%\system32\LogonUI.exe</ProcessList>
	</TrustedApp>
	<TrustedApp>
		<AppID>TrustedApp_Control_Panel</AppID>
		<PolicyIndex>0</PolicyIndex>
		<Name>Windows Control Panel</Name>
		<Note/>
		<IsEnabled>true</IsEnabled>
		<IPSTrustedStatus>false</IPSTrustedStatus>
		<FWTrustedStatus>false</FWTrustedStatus>
		<HookTrustedStatus>true</HookTrustedStatus>
		<ProcessList>%SystemRoot%\system32\control.exe</ProcessList>
	</TrustedApp>
	<TrustedApp>
		<AppID>TrustedApp_Task_Scheduler</AppID>
		<PolicyIndex>0</PolicyIndex>
		<Name>Windows Task Scheduler Engine</Name>
		<Note/>
		<IsEnabled>true</IsEnabled>
		<IPSTrustedStatus>false</IPSTrustedStatus>
		<FWTrustedStatus>false</FWTrustedStatus>
		<HookTrustedStatus>true</HookTrustedStatus>
		<ProcessList>%SystemRoot%\system32\taskeng.exe</ProcessList>
	</TrustedApp>
	<TrustedApp>
		<AppID>TrustedApp_Vista_Help</AppID>
		<PolicyIndex>0</PolicyIndex>
		<Name>Windows Vista Help Engine</Name>
		<Note/>
		<IsEnabled>true</IsEnabled>
		<IPSTrustedStatus>false</IPSTrustedStatus>
		<FWTrustedStatus>false</FWTrustedStatus>
		<HookTrustedStatus>true</HookTrustedStatus>
		<ProcessList>%SystemRoot%\HelpPane.exe</ProcessList>
	</TrustedApp>
	<TrustedApp>
		<AppID>TrustedApp_Shadow_Copy</AppID>
		<PolicyIndex>0</PolicyIndex>
		<Name>Microsoft ShadowCopy</Name>
		<Note/>
		<IsEnabled>true</IsEnabled>
		<IPSTrustedStatus>false</IPSTrustedStatus>
		<FWTrustedStatus>false</FWTrustedStatus>
		<HookTrustedStatus>true</HookTrustedStatus>
		<ProcessList>%SystemRoot%\system32\VSSVC.exe</ProcessList>
	</TrustedApp>
	<TrustedApp>
		<AppID>TrustedApp_Installer</AppID>
		<PolicyIndex>0</PolicyIndex>
		<Name>Windows Modules Installer</Name>
		<Note/>
		<IsEnabled>true</IsEnabled>
		<IPSTrustedStatus>false</IPSTrustedStatus>
		<FWTrustedStatus>false</FWTrustedStatus>
		<HookTrustedStatus>true</HookTrustedStatus>
		<ProcessList>%SystemRoot%\Servicing\TrustedInstaller.exe</ProcessList>
	</TrustedApp>
	<TrustedApp>
		<AppID>TrustedApp_Defrag</AppID>
		<PolicyIndex>0</PolicyIndex>
		<Name>Windows Disk Defragmenter Module</Name>
		<Note/>
		<IsEnabled>true</IsEnabled>
		<IPSTrustedStatus>false</IPSTrustedStatus>
		<FWTrustedStatus>false</FWTrustedStatus>
		<HookTrustedStatus>true</HookTrustedStatus>
		<ProcessList>%SystemRoot%\system32\Defrag.exe</ProcessList>
	</TrustedApp>
	<TrustedApp>
		<AppID>TrustedApp_dcom_dll_host</AppID>
		<PolicyIndex>0</PolicyIndex>
		<Name>Microsoft DCOM DLL Host Process</Name>
		<Note/>
		<IsEnabled>true</IsEnabled>
		<IPSTrustedStatus>false</IPSTrustedStatus>
		<FWTrustedStatus>false</FWTrustedStatus>
		<HookTrustedStatus>true</HookTrustedStatus>
		<ProcessList>%SystemRoot%\system32\dllhost.exe</ProcessList>
	</TrustedApp>
	<TrustedApp>
		<AppID>TrustedApp_Vista_Activation</AppID>
		<PolicyIndex>0</PolicyIndex>
		<Name>Windows Vista Activation</Name>
		<Note/>
		<IsEnabled>true</IsEnabled>
		<IPSTrustedStatus>false</IPSTrustedStatus>
		<FWTrustedStatus>false</FWTrustedStatus>
		<HookTrustedStatus>true</HookTrustedStatus>
		<ProcessList>%SystemRoot%\system32\SLUI.exe</ProcessList>
	</TrustedApp>
	<TrustedApp>
		<AppID>TrustedApp_Logon_ScrnSaver</AppID>
		<PolicyIndex>0</PolicyIndex>
		<Name>Windows Logon Screen Saver</Name>
		<Note/>
		<IsEnabled>true</IsEnabled>
		<IPSTrustedStatus>false</IPSTrustedStatus>
		<FWTrustedStatus>false</FWTrustedStatus>
		<HookTrustedStatus>true</HookTrustedStatus>
		<ProcessList>%SystemRoot%\system32\logon.scr</ProcessList>
	</TrustedApp>
	<TrustedApp>
		<AppID>TrustedApp_Shell_Extn</AppID>
		<PolicyIndex>0</PolicyIndex>
		<Name>Shell Extensions Validation</Name>
		<Note/>
		<IsEnabled>true</IsEnabled>
		<IPSTrustedStatus>false</IPSTrustedStatus>
		<FWTrustedStatus>false</FWTrustedStatus>
		<HookTrustedStatus>true</HookTrustedStatus>
		<ProcessList>%SystemRoot%\system32\VERCLSID.exe</ProcessList>
	</TrustedApp>
	<TrustedApp>
		<AppID>TrustedApp_Vista_Consent</AppID>
		<PolicyIndex>0</PolicyIndex>
		<Name>Consent UI for Administrative Applications</Name>
		<Note/>
		<IsEnabled>true</IsEnabled>
		<IPSTrustedStatus>false</IPSTrustedStatus>
		<FWTrustedStatus>false</FWTrustedStatus>
		<HookTrustedStatus>true</HookTrustedStatus>
		<ProcessList>%SystemRoot%\system32\consent.exe</ProcessList>
	</TrustedApp>
	<TrustedApp>
		<AppID>TrustedApp_ADAP</AppID>
		<PolicyIndex>0</PolicyIndex>
		<Name>Windows AutoDiscovery/AutoPurge Process</Name>
		<Note/>
		<IsEnabled>true</IsEnabled>
		<IPSTrustedStatus>false</IPSTrustedStatus>
		<FWTrustedStatus>false</FWTrustedStatus>
		<HookTrustedStatus>true</HookTrustedStatus>
		<ProcessList>%SystemRoot%\system32\wbem\WMIADAP.exe</ProcessList>
	</TrustedApp>
	<TrustedApp>
		<AppID>TrustedApp_RELIABILITY</AppID>
		<PolicyIndex>0</PolicyIndex>
		<Name>Windows Reliability Analysis Executable</Name>
		<Note/>
		<IsEnabled>true</IsEnabled>
		<IPSTrustedStatus>false</IPSTrustedStatus>
		<FWTrustedStatus>false</FWTrustedStatus>
		<HookTrustedStatus>true</HookTrustedStatus>
		<ProcessList>%SystemRoot%\system32\RacAgent.exe</ProcessList>
	</TrustedApp>
	<TrustedApp>
		<AppID>TrustedApp_McAfee_Policy_Auditor</AppID>
		<PolicyIndex>0</PolicyIndex>
		<Name>McAfee Policy Auditor</Name>
		<Note/>
		<IsEnabled>true</IsEnabled>
		<IPSTrustedStatus>true</IPSTrustedStatus>
		<FWTrustedStatus>false</FWTrustedStatus>
		<HookTrustedStatus>false</HookTrustedStatus>
		<ProcessList>%ProgramFiles%\McAfee\Policy Auditor Agent\*|%ProgramFiles%\McAfee\Audit Content Update\*|%ProgramFiles%\McAfee\Audit Manager\*|*\MPAAgt.exe|*\MPAAgt.msi|*\MPASrv.exe|*\MPASrv.msi</ProcessList>
	</TrustedApp>
	<TrustedApp>
		<AppID>TrustedApp_McAfee_EEFF</AppID>
		<PolicyIndex>0</PolicyIndex>
		<Name>McAfee Endpoint Encyption</Name>
		<Note/>
		<IsEnabled>true</IsEnabled>
		<IPSTrustedStatus>true</IPSTrustedStatus>
		<FWTrustedStatus>false</FWTrustedStatus>
		<HookTrustedStatus>false</HookTrustedStatus>
		<ProcessList>%ProgramFiles%\McAfee\Endpoint Encryption for PC\*|%ProgramFiles%\McAfee\Endpoint Encryption for PC v6\*|%ProgramFiles%\McAfee\Endpoint Encryption Agent\*|%ProgramFiles%\McAfee\Endpoint Encryption\*|?:\Program Files (x86)\McAfee\Endpoint Encryption for Files and Folders\*|?:\Program Files\McAfee\Endpoint Encryption for Files and Folders\*|*\McAfee\Endpoint Encryption for Files and Folders\*|*\SbCeCoreService.exe|*\SbCeProxy.exe|*\SbAdmin.exe|*\SbDbServer.exe|*\SbConnectorManager.exe|*\SbHash.exe|*\SbReports.exe|*\SFDBBack.exe|*\EEFF-Setup.exe|*\SBTRAYMANAGER.exe|*\SbPCSetup.exe|*\SBHTTP.exe|*\Setup.exe|*\MfeEERM.exe|*\Sbtrayicon.exe|*\MFEISWIN64.exe|*\MfeEpeHost.exe|*\MFefFconsole.exe</ProcessList>
	</TrustedApp>
	<TrustedApp>
		<AppID>TrustedApp_USB_Devices</AppID>
		<PolicyIndex>0</PolicyIndex>
		<Name>Encrypted USB Devices</Name>
		<Note/>
		<IsEnabled>true</IsEnabled>
		<IPSTrustedStatus>true</IPSTrustedStatus>
		<FWTrustedStatus>false</FWTrustedStatus>
		<HookTrustedStatus>false</HookTrustedStatus>
		<ProcessList>%ProgramFiles%\McAfee\Encrypted USB Administrator\*|%ProgramFiles%\McAfee\Encrypted USB Client\*|*\PortableContentManager.exe|*\ManagerPostInstall.exe|*\mkisofs.exe|*\Start.exe|*\EncryptedUSBPresenter.exe|*\7za.exe|*\Copyupdater.exe|*\Enterprise_Launcher.exe|*\ExmpSrv.exe|*\SplashScreenLauncher.exe|*\Updater.exe|*\wc.exe|*\DdataRevovery.exe|*\SSEBEUC.exe|*\EPOSign.exe</ProcessList>
	</TrustedApp>
	<TrustedApp>
		<AppID>TrustedApp_McAfee_VirusScan_Enterprise_SAP</AppID>
		<PolicyIndex>0</PolicyIndex>
		<Name>McAfee VirusScan Enterprise For Use With SAP Netweaver</Name>
		<Note/>
		<IsEnabled>true</IsEnabled>
		<IPSTrustedStatus>true</IPSTrustedStatus>
		<FWTrustedStatus>false</FWTrustedStatus>
		<HookTrustedStatus>false</HookTrustedStatus>
		<ProcessList>%ProgramFiles%\McAfee\VirusScan Enterprise for use with SAP\*</ProcessList>
	</TrustedApp>
	<TrustedApp>
		<AppID>TrustedApp_McAfee_VirusScan_Enterprise_STORAGE</AppID>
		<PolicyIndex>0</PolicyIndex>
		<Name>McAfee VirusScan Enterprise For Storage</Name>
		<Note/>
		<IsEnabled>true</IsEnabled>
		<IPSTrustedStatus>true</IPSTrustedStatus>
		<FWTrustedStatus>false</FWTrustedStatus>
		<HookTrustedStatus>false</HookTrustedStatus>
		<ProcessList>%ProgramFiles%\McAfee\VirusScan Enterprise for Storage\*</ProcessList>
	</TrustedApp>
	<TrustedApp>
		<AppID>TrustedApp_McAfee_VirusScan_Enterprise_OFFLINE_VIRTUAL_IMAGES</AppID>
		<PolicyIndex>0</PolicyIndex>
		<Name>McAfee VirusScan Enterprise For Offline Virtual Images</Name>
		<Note/>
		<IsEnabled>true</IsEnabled>
		<IPSTrustedStatus>true</IPSTrustedStatus>
		<FWTrustedStatus>false</FWTrustedStatus>
		<HookTrustedStatus>false</HookTrustedStatus>
		<ProcessList>%ProgramFiles%\McAfee\VirusScan Enterprise for Offline Virtual Images\*</ProcessList>
	</TrustedApp>
	<TrustedApp>
		<AppID>TrustedApp_Windows_Indexing_Service</AppID>
		<PolicyIndex>0</PolicyIndex>
		<Name>Windows Indexing Service</Name>
		<Note/>
		<IsEnabled>true</IsEnabled>
		<IPSTrustedStatus>false</IPSTrustedStatus>
		<FWTrustedStatus>false</FWTrustedStatus>
		<HookTrustedStatus>true</HookTrustedStatus>
		<ProcessList>%SystemRoot%\system32\cisvc.exe|%SystemRoot%\system32\cidaemon.exe</ProcessList>
	</TrustedApp>
	<TrustedApp>
		<AppID>TrustedApp_McAfee_Agent_5</AppID>
		<PolicyIndex>0</PolicyIndex>
		<Name>McAfee Agent 5.0</Name>
		<Note/>
		<IsEnabled>true</IsEnabled>
		<IPSTrustedStatus>true</IPSTrustedStatus>
		<FWTrustedStatus>true</FWTrustedStatus>
		<HookTrustedStatus>false</HookTrustedStatus>
		<ProcessList>*McAfee*\macmnsvc.exe|*McAfee*\macompatsvc.exe|*McAfee*\masvc.exe</ProcessList>
		</TrustedApp>
</TrustedApps>