<!--Copyright (C) 2014-15 McAfee, Inc. All rights reserved. -->
<config>
	<option name="xmlpath">mvt/xmlfiles/</option>
	<option name="resultpath">mvt/results/</option>
	<option name="resultcount">0</option>
	<option name="statepath">mvt/mvt_sup.sta</option>
	<option name="difftemplate">mvt/xmlfiles/difftemplate.xml</option>
	<option name="uploadtype">3
			<!-- 
				0 - No upload
				1 - OnlyRecentOne
				2 - OnlyIfDifference
				3 - AllMetrics
			-->
	</option>
	<option name="mvtage">7</option>
	<option name="mvthelppath">mvt/documents/walkthruguide/%s/mvtwalkthroughguide.pdf</option>
	<option name="upload">0</option><option name="remediation">0</option></config>
