<config>
  <!--The URL could be in either of following formats:
  - a valid URL
  - a string of form "X1|X2|...|Xn", where X1, X2, and so on uptil Xn
  (n is a +ve integer) are sub strings and concatenated strings X1Xn, X2Xn
  and so on uptil Xn-1Xn are all valid URLs.
  For eg. contenturl can be http://mvt.mcafee.com|http://download.mcafee.com|/mvt/OnlineRepository/%s
  First MVT will try to look in http://mvt.mcafee.com/mvt/OnlineRepository/%s
  if failed, it will look in http://download.mcafee.com/mvt/OnlineRepository/%s
  -->

  <option name="updateurl">http://mvt.mcafee.com/mvt/GetProductInformation.asp?product=MVT&#38;plugin=SUPPORTABILITY&#38;lang=%s&#38;type=%s&#38;value=%s</option>
	<option name="contenturl">http://download.mcafee.com/products/mvt/%s</option>
	<option name="msapeurl">http://mvt.mcafee.com/mvt/upload.mvt</option>
	<option name="mvthelppath">http://mvt.mcafee.com/mvt/documents/walkthruguide/%s/mvtwalkthroughguide.pdf</option>
	<option name="collectioncheck">http://mvt.mcafee.com/mvt/collectionstatus.asp?problemid=%s&#38;prcode=%s</option>
</config>