{
  "objects": [
    {
      "collector": "application_object",
      "uuid": "DA000012",
      "criteria": [
        [
          "name",
          "string",
          "pattern match",
          "^WinRAR.*$"
        ],
        [
          "publisher",
          "string",
          "equals",
          "win.rar GmbH"
        ]
      ]
    },
    {
      "collector": "application_object",
      "uuid": "DA000013",
      "criteria": [
        [
          "name",
          "string",
          "pattern match",
          "^Google Chrome.*$"
        ],
        [
          "publisher",
          "string",
          "equals",
          "Google Inc."
        ]
      ]
    },
    {
      "collector": "application_object",
      "uuid": "DA000014",
      "criteria": [
        [
          "name",
          "string",
          "pattern match",
          "^McAfee Agent.*$"
        ],
        [
          "publisher",
          "string",
          "pattern match",
          "^McAfee.*$"
        ]
      ]
    },
    {
      "collector": "application_object",
      "uuid": "DA000015",
      "criteria": [
        [
          "name",
          "string",
          "pattern match",
          "^Mozilla Firefox.*$"
        ],
        [
          "publisher",
          "string",
          "equals",
          "Mozilla"
        ]
      ]
    },
    {
      "collector": "application_object",
      "uuid": "DA000018",
      "criteria": [
        [
          "name",
          "string",
          "pattern match",
          "^Java SE Development Kit.*$"
        ],
        [
          "publisher",
          "string",
          "equals",
          "Oracle Corporation"
        ]
      ]
    },
    {
      "collector": "application_object",
      "uuid": "DA000019",
      "criteria": [
        [
          "name",
          "string",
          "pattern match",
          "^Java [\\d] Update.*$"
        ],
        [
          "publisher",
          "string",
          "equals",
          "Oracle Corporation"
        ]
      ]
    },
    {
      "collector": "application_object",
      "uuid": "DA000020",
      "criteria": [
        [
          "name",
          "string",
          "equals",
          "Adobe AIR"
        ],
        [
          "publisher",
          "string",
          "equals",
          "Adobe Systems Incorporated"
        ]
      ]
    },
    {
      "collector": "application_object",
      "uuid": "DA000021",
      "criteria": [
        [
          "name",
          "string",
          "pattern match",
          "^Adobe Flash Player.*$"
        ],
        [
          "publisher",
          "string",
          "equals",
          "Adobe Systems Incorporated"
        ]
      ]
    },
    {
      "collector": "application_object",
      "uuid": "DA000022",
      "criteria": [
        [
          "name",
          "string",
          "pattern match",
          "^SeaMonkey.*$"
        ],
        [
          "publisher",
          "string",
          "equals",
          "Mozilla"
        ]
      ]
    },
    {
      "collector": "application_object",
      "uuid": "DA000023",
      "criteria": [
        [
          "name",
          "string",
          "pattern match",
          "^Mozilla Thunderbird.*$"
        ],
        [
          "publisher",
          "string",
          "equals",
          "Mozilla"
        ]
      ]
    },
    {
      "collector": "application_object",
      "uuid": "DA000024",
      "criteria": [
        [
          "name",
          "string",
          "pattern match",
          "^QuickTime.*$"
        ],
        [
          "publisher",
          "string",
          "equals",
          "Apple Inc."
        ]
      ]
    },
    {
      "collector": "application_object",
      "uuid": "DA000026",
      "criteria": [
        [
          "name",
          "string",
          "pattern match",
          "^Wireshark.*$"
        ],
        [
          "publisher",
          "string",
          "pattern match",
          "^The Wireshark developer community.*$"
        ]
      ]
    },
    {
      "collector": "application_object",
      "uuid": "DA000027",
      "criteria": [
        [
          "name",
          "string",
          "pattern match",
          "^RealPlayer.*$"
        ],
        [
          "publisher",
          "string",
          "equals",
          "RealNetworks"
        ]
      ]
    },
    {
      "collector": "application_object",
      "uuid": "DA000033",
      "criteria": [
        [
          "name",
          "string",
          "equals",
          "Microsoft Silverlight"
        ],
        [
          "publisher",
          "string",
          "equals",
          "Microsoft Corporation"
        ]
      ]
    },
    {
      "collector": "application_object",
      "uuid": "DA000035",
      "criteria": [
        [
          "name",
          "string",
          "pattern match",
          "^Opera .*$"
        ],
        [
          "publisher",
          "string",
          "equals",
          "Opera Software"
        ]
      ]
    },
    {
      "collector": "application_object",
      "uuid": "DA000037",
      "criteria": [
        [
          "name",
          "string",
          "pattern match",
          "^Apache HTTP Server.*$"
        ],
        [
          "publisher",
          "string",
          "equals",
          "Apache Software Foundation"
        ]
      ]
    },
    {
      "collector": "application_object",
      "uuid": "DA000040",
      "criteria": [
        [
          "name",
          "string",
          "pattern match",
          "^Apache Tomcat .*$"
        ],
        [
          "product_id",
          "string",
          "pattern match",
          "^Apache Tomcat .*$"
        ]
      ]
    },
    {
      "collector": "application_object",
      "uuid": "DA000043",
      "criteria": [
        [
          "name",
          "string",
          "pattern match",
          "^VMware Workstation.*$"
        ],
        [
          "publisher",
          "string",
          "equals",
          "VMware, Inc."
        ]
      ]
    },
    {
      "collector": "application_object",
      "uuid": "DA000044",
      "criteria": [
        [
          "name",
          "string",
          "pattern match",
          "^IBM Domino.*$"
        ]
      ]
    },
    {
      "collector": "application_object",
      "uuid": "DA000050",
      "criteria": [
        [
          "name",
          "string",
          "pattern match",
          "^Cisco AnyConnect.*$"
        ],
        [
          "publisher",
          "string",
          "equals",
          "Cisco Systems, Inc."
        ]
      ]
    },
    {
      "collector": "application_object",
      "uuid": "DA000051",
      "criteria": [
        [
          "name",
          "string",
          "pattern match",
          "^Adobe Photoshop.*$"
        ],
        [
          "publisher",
          "string",
          "equals",
          "Adobe Systems Incorporated"
        ]
      ]
    },
    {
      "collector": "application_object",
      "uuid": "DA000052",
      "criteria": [
        [
          "name",
          "string",
          "equals",
          "iTunes"
        ],
        [
          "publisher",
          "string",
          "equals",
          "Apple Inc."
        ]
      ]
    },
    {
      "collector": "application_object",
      "uuid": "DA000053",
      "criteria": [
        [
          "name",
          "string",
          "pattern match",
          "^VMware Tools$"
        ],
        [
          "publisher",
          "string",
          "equals",
          "VMware, Inc."
        ]
      ]
    },
    {
      "collector": "application_object",
      "uuid": "DA000054",
      "criteria": [
        [
          "name",
          "string",
          "pattern match",
          "^Microsoft.*Excel.*$"
        ],
        [
          "publisher",
          "string",
          "equals",
          "Microsoft Corporation"
        ]
      ]
    },
    {
      "collector": "application_object",
      "uuid": "DA000055",
      "criteria": [
        [
          "name",
          "string",
          "pattern match",
          "^Microsoft.*PowerPoint.*$"
        ],
        [
          "publisher",
          "string",
          "equals",
          "Microsoft Corporation"
        ]
      ]
    },
    {
      "collector": "application_object",
      "uuid": "DA000056",
      "criteria": [
        [
          "name",
          "string",
          "pattern match",
          "^Microsoft.*Word.*$"
        ],
        [
          "publisher",
          "string",
          "equals",
          "Microsoft Corporation"
        ]
      ]
    },
    {
      "collector": "application_object",
      "uuid": "DA000057",
      "criteria": [
        [
          "name",
          "string",
          "pattern match",
          "^Adobe Acrobat(?!\\s (Reader|DC))"
        ],
        [
          "publisher",
          "string",
          "pattern match",
          "^Adobe Systems($|.*)"
        ]
      ]
    },
    {
      "collector": "application_object",
      "uuid": "DA000058",
      "criteria": [
        [
          "name",
          "string",
          "pattern match",
          "^Adobe Acrobat(?!\\s Reader)"
        ],
        [
          "publisher",
          "string",
          "pattern match",
          "^Adobe Systems($|.*)"
        ]
      ]
    },
    {
      "collector": "application_object",
      "uuid": "DA000059",
      "criteria": [
        [
          "name",
          "string",
          "pattern match",
          "^Microsoft.*Visio(?!\\s Viewer)"
        ],
        [
          "publisher",
          "string",
          "equals",
          "Microsoft Corporation"
        ]
      ]
    },
    {
      "collector": "application_object",
      "uuid": "DA000061",
      "criteria": [
        [
          "name",
          "string",
          "pattern match",
          "^IBM WebSphere Application Server.*$"
        ]
      ]
    },
    {
      "collector": "application_object",
      "uuid": "DA000062",
      "criteria": [
        [
          "name",
          "string",
          "pattern match",
          "^VLC.*media.*player.*"
        ],
        [
          "publisher",
          "string",
          "equals",
          "VideoLAN"
        ]
      ]
    },
    {
      "collector": "application_object",
      "uuid": "DA000063",
      "criteria": [
        [
          "name",
          "string",
          "pattern match",
          "^LibreOffice.*$"
        ],
        [
          "publisher",
          "string",
          "pattern match",
          "^The\\sDocument\\sFoundation.*$"
        ]
      ]
    },
    {
      "collector": "application_object",
      "uuid": "DA000064",
      "criteria": [
        [
          "name",
          "string",
          "pattern match",
          "VMware vSphere Client"
        ],
        [
          "publisher",
          "string",
          "equals",
          "VMware, Inc."
        ]
      ]
    },
    {
      "collector": "application_object",
      "uuid": "DA000065",
      "criteria": [
        [
          "name",
          "string",
          "equals",
          "VMware Player"
        ],
        [
          "publisher",
          "string",
          "pattern match",
          "^VMware.*Inc.*$"
        ]
      ]
    },
    {
      "collector": "application_object",
      "uuid": "DA000066",
      "criteria": [
        [
          "name",
          "string",
          "pattern match",
          "^Oracle VM VirtualBox.*$"
        ],
        [
          "publisher",
          "string",
          "equals",
          "Oracle Corporation"
        ]
      ]
    },
    {
      "collector": "application_object",
      "uuid": "DA000067",
      "criteria": [
        [
          "name",
          "string",
          "pattern match",
          "^Adobe Captivate\\s\\d.*$"
        ],
        [
          "publisher",
          "string",
          "equals",
          "Adobe Systems Incorporated"
        ]
      ]
    },
    {
      "collector": "application_object",
      "uuid": "DA000068",
      "criteria": [
        [
          "name",
          "string",
          "pattern match",
          "^Cisco\\sWebEx\\sProductivity\\sTools.*$"
        ],
        [
          "publisher",
          "string",
          "pattern match",
          "^Cisco\\sWebEx\\sLLC.*$"
        ]
      ]
    },
    {
      "collector": "application_object",
      "uuid": "DA000069",
      "criteria": [
        [
          "name",
          "string",
          "equals",
          "iCloud"
        ],
        [
          "publisher",
          "string",
          "equals",
          "Apple Inc."
        ]
      ]
    },
    {
      "collector": "application_object",
      "uuid": "DA000070",
      "criteria": [
        [
          "publisher",
          "string",
          "equals",
          "IBM"
        ],
        [
          "name",
          "string",
          "pattern match",
          "^DB2\\s.*Edition.*$"
        ]
      ]
    },
    {
      "collector": "application_object",
      "uuid": "DA000071",
      "criteria": [
        [
          "name",
          "string",
          "pattern match",
          "Microsoft OneDrive"
        ],
        [
          "publisher",
          "string",
          "equals",
          "Microsoft Corporation"
        ]
      ]
    },
    {
      "collector": "application_object",
      "uuid": "DA000072",
      "criteria": [
        [
          "name",
          "string",
          "equals",
          "WebAccess Node"
        ]
      ]
    },
    {
      "collector": "application_object",
      "uuid": "DA000073",
      "criteria": [
        [
          "publisher",
          "string",
          "equals",
          "Oracle Corporation"
        ],
        [
          "name",
          "string",
          "pattern match",
          "^MySQL\\sServer($|\\s.*$)"
        ]
      ]
    },
    {
      "collector": "application_object",
      "uuid": "DA000075",
      "criteria": [
        [
          "publisher",
          "string",
          "equals",
          "7-Technologies A/S"
        ],
        [
          "name",
          "string",
          "pattern match",
          "^IGSS(32|64)?\\s.*$"
        ]
      ]
    },
    {
      "collector": "application_object",
      "uuid": "DA000076",
      "criteria": [
        [
          "name",
          "string",
          "pattern match",
          "^Adobe.Animate.CC"
        ],
        [
          "publisher",
          "string",
          "equals",
          "Adobe Systems Incorporated"
        ]
      ]
    },
    {
      "collector": "application_object",
      "uuid": "DA000077",
      "criteria": [
        [
          "name",
          "string",
          "pattern match",
          "^PostgreSQL.*$"
        ],
        [
          "publisher",
          "string",
          "pattern match",
          "^PostgreSQL.*$"
        ]
      ]
    },
    {
      "collector": "application_object",
      "uuid": "DA000078",
      "criteria": [
        [
          "name",
          "string",
          "pattern match",
          "^WinPcap.*$"
        ],
        [
          "publisher",
          "string",
          "pattern match",
          "^Riverbed.Technology.*$"
        ]
      ]
    },
    {
      "collector": "application_object",
      "uuid": "DA000079",
      "criteria": [
        [
          "name",
          "string",
          "pattern match",
          "^Adobe.Reader.XI.*$"
        ],
        [
          "publisher",
          "string",
          "equals",
          "Adobe Systems Incorporated"
        ]
      ]
    },
    {
      "collector": "application_object",
      "uuid": "DA000080",
      "criteria": [
        [
          "name",
          "string",
          "pattern match",
          "^Docker.*"
        ],
        [
          "publisher",
          "string",
          "equals",
          "Docker Inc."
        ]
      ]
    },
    {
      "collector": "application_object",
      "uuid": "DA000081",
      "criteria": [
        [
          "publisher",
          "string",
          "pattern match",
          "^Adobe\\sSystems[\\s,]{1,}Inc.*$"
        ],
        [
          "name",
          "string",
          "pattern match",
          "^Adobe\\sCreative\\sCloud($|\\s.*$)"
        ]
      ]
    },
    {
      "collector": "application_object",
      "uuid": "DA000082",
      "criteria": [
        [
          "name",
          "string",
          "pattern match",
          "^McAfee.ePolicy.Orchestrator($|.*$)"
        ],
        [
          "publisher",
          "string",
          "pattern match",
          "^McAfee.*$"
        ]
      ]
    },
    {
      "collector": "application_object",
      "uuid": "DA000083",
      "criteria": [
        [
          "name",
          "string",
          "pattern match",
          "^HPE.System.Management.Homepage"
        ],
        [
          "publisher",
          "string",
          "equals",
          "Hewlett Packard Enterprise Development LP"
        ]
      ]
    },
    {
      "collector": "application_object",
      "uuid": "DA000088",
      "criteria": [
        [
          "name",
          "string",
          "pattern match",
          "Symantec Endpoint Protection Manager"
        ],
        [
          "publisher",
          "string",
          "equals",
          "Symantec Corporation"
        ]
      ]
    },
    {
      "collector": "file_object",
      "uuid": "DA000089",
      "criteria": [
        [
          "path",
          "string",
          "case insensitive equals",
          "c:\\windows\\system32\\"
        ],
        [
          "filename",
          "string",
          "case insensitive equals",
          "wmp.dll"
        ]
      ]
    },
    {
      "collector": "application_object",
      "uuid": "DA000090",
      "criteria": [
        [
          "name",
          "string",
          "equals",
          "McAfee Drive Encryption Go"
        ],
        [
          "publisher",
          "string",
          "pattern match",
          "McAfee([, (Inc|LLC).*])*"
        ]
      ]
    },
    {
      "collector": "application_object",
      "uuid": "DA000092",
      "criteria": [
        [
          "name",
          "string",
          "pattern match",
          "Ecava\\s*IntegraXor\\s*\\d*\\.\\d*"
        ],
        [
          "publisher",
          "string",
          "equals",
          "Ecava"
        ]
      ]
    },
    {
      "collector": "application_object",
      "uuid": "DA000093",
      "criteria": [
        [
          "name",
          "string",
          "equals",
          "McAfee Endpoint Security Platform"
        ],
        [
          "publisher",
          "string",
          "pattern match",
          "McAfee([, (Inc|LLC).*])*"
        ]
      ]
    },
    {
      "collector": "application_object",
      "uuid": "DA000094",
      "criteria": [
        [
          "name",
          "string",
          "pattern match",
          "^McAfee\\sEndpoint\\sSecurity\\sFirewall($|\\s.*$)"
        ],
        [
          "publisher",
          "string",
          "pattern match",
          "McAfee([, (Inc|LLC).*])*"
        ]
      ]
    },
    {
      "collector": "application_object",
      "uuid": "DA000095",
      "criteria": [
        [
          "name",
          "string",
          "pattern match",
          "^McAfee Data Exchange Layer.*$"
        ],
        [
          "publisher",
          "string",
          "pattern match",
          "McAfee([, (Inc|LLC).*])*"
        ]
      ]
    },
    {
      "collector": "application_object",
      "uuid": "DA000096",
      "criteria": [
        [
          "name",
          "string",
          "pattern match",
          "^[Ii][Bb][Mm]\\s+[Tt]ivoli\\s+[Ss]torage\\s+[Mm]anager\\s+[Cc]lient$"
        ],
        [
          "publisher",
          "string",
          "case insensitive equals",
          "IBM"
        ]
      ]
    },
    {
      "collector": "application_object",
      "uuid": "DA000097",
      "criteria": [
        [
          "name",
          "string",
          "pattern match",
          "^.*Splunk\\s+Enterprise.*$"
        ],
        [
          "publisher",
          "string",
          "pattern match",
          "^.*Splunk.*$"
        ]
      ]
    },
    {
      "collector": "application_object",
      "uuid": "DA000098",
      "criteria": [
        [
          "name",
          "string",
          "pattern match",
          "^[Aa]dobe\\s+[Ss]hockwave\\s+[Pp]layer.*"
        ],
        [
          "publisher",
          "string",
          "pattern match",
          "^[Aa]dobe\\s+[Ss]ystems,\\s+[Ii]nc\\."
        ]
      ]
    },
    {
      "collector": "application_object",
      "uuid": "DA000099",
      "criteria": [
        [
          "name",
          "string",
          "pattern match",
          "^Adobe ColdFusion [0-9]{4}$"
        ],
        [
          "publisher",
          "string",
          "equals",
          "Adobe Systems, Inc."
        ]
      ]
    },
    {
      "collector": "application_object",
      "uuid": "DA000100",
      "criteria": [
        [
          "name",
          "string",
          "pattern match",
          "^.*Winlog\\s+Lite.*$"
        ],
        [
          "publisher",
          "string",
          "pattern match",
          "^.*SIELCO\\s+SISTEMI.*$"
        ]
      ]
    },
    {
      "collector": "application_object",
      "uuid": "DA000101",
      "criteria": [
        [
          "publisher",
          "string",
          "pattern match",
          "^.*[Mm][Ii][Cc][Rr][Oo][Ss][Yy][Ss].*$"
        ],
        [
          "name",
          "string",
          "pattern match",
          "^.*[Pp]romotic.*$"
        ]
      ]
    },
    {
      "collector": "application_object",
      "uuid": "DA000102",
      "criteria": [
        [
          "name",
          "string",
          "pattern match",
          "^.*[Aa]dobe\\s+[Dd]igital\\s+[Ee]ditions.*$"
        ],
        [
          "publisher",
          "string",
          "pattern match",
          "^.*[Aa]dobe\\s+[Ss]ystems\\s+[Ii]ncorporated.*$"
        ]
      ]
    },
    {
      "collector": "application_object",
      "uuid": "DA000103",
      "criteria": [
        [
          "name",
          "string",
          "pattern match",
          "^(Microsoft SQL Server [0-9]{3,4} Setup [(]English[)]|Microsoft SQL Server [0-9]{3,4} R2 Setup [(]English[)])"
        ]
      ]
    },
    {
      "collector": "application_object",
      "uuid": "DA000104",
      "criteria": [
        [
          "name",
          "string",
          "pattern match",
          "^Microsoft Visual C\\+\\+ 2012 Redistributable.*$"
        ],
        [
          "publisher",
          "string",
          "equals",
          "Microsoft Corporation"
        ]
      ]
    },
    {
      "collector": "application_object",
      "uuid": "DA000105",
      "criteria": [
        [
          "name",
          "string",
          "pattern match",
          "^XAMPP.*$"
        ],
        [
          "publisher",
          "string",
          "pattern match",
          "Bitnami|BitNami"
        ]
      ]
    },
    {
      "collector": "application_object",
      "uuid": "DA000106",
      "criteria": [
        [
          "name",
          "string",
          "pattern match",
          "^Cogent.*DataHub$"
        ],
        [
          "publisher",
          "string",
          "equals",
          "Cogent Real-Time Systems Inc."
        ]
      ]
    },
    {
      "collector": "application_object",
      "uuid": "DA000107",
      "criteria": [
        [
          "name",
          "string",
          "pattern match",
          "^Microsoft Visual C\\+\\+ 2013 Redistributable.*$"
        ],
        [
          "publisher",
          "string",
          "equals",
          "Microsoft Corporation"
        ]
      ]
    },
    {
      "collector": "application_object",
      "uuid": "DA000108",
      "criteria": [
        [
          "name",
          "string",
          "pattern match",
          "^ModbusTagServer.*$"
        ],
        [
          "publisher",
          "string",
          "equals",
          "ScadaTEC"
        ]
      ]
    },
    {
      "collector": "application_object",
      "uuid": "DA000109",
      "criteria": [
        [
          "name",
          "string",
          "pattern match",
          "^Advantech.*ModbusTCP.*OPC.*Server$"
        ],
        [
          "publisher",
          "string",
          "equals",
          "Advantech"
        ]
      ]
    },
    {
      "collector": "application_object",
      "uuid": "DA000110",
      "criteria": [
        [
          "name",
          "string",
          "pattern match",
          "^LeviStudio.*$"
        ]
      ]
    },
    {
      "collector": "application_object",
      "uuid": "DA000111",
      "criteria": [
        [
          "name",
          "string",
          "pattern match",
          "^Syncplicity.*"
        ],
        [
          "publisher",
          "string",
          "pattern match",
          "^Syncplicity,.*"
        ]
      ]
    },
    {
      "collector": "application_object",
      "uuid": "DA000112",
      "criteria": [
        [
          "name",
          "string",
          "pattern match",
          "^Schneider\\sElectric\\s(ClearSCADA|SCADA).*$"
        ],
        [
          "publisher",
          "string",
          "pattern match",
          "^Schneider\\sElectric.*$"
        ]
      ]
    },
    {
      "collector": "application_object",
      "uuid": "DA000113",
      "criteria": [
        [
          "name",
          "string",
          "pattern match",
          "^Pro-Server EX.*Runtime$"
        ],
        [
          "publisher",
          "string",
          "equals",
          "Digital Electronics Corporation"
        ]
      ]
    },
    {
      "collector": "application_object",
      "uuid": "DA000114",
      "criteria": [
        [
          "name",
          "string",
          "pattern match",
          "^ScadaPhone$"
        ],
        [
          "publisher",
          "string",
          "equals",
          "ScadaTEC"
        ]
      ]
    },
    {
      "collector": "application_object",
      "uuid": "DA000115",
      "criteria": [
        [
          "name",
          "string",
          "pattern match",
          "^McAfee.Client.Proxy"
        ],
        [
          "publisher",
          "string",
          "equals",
          "McAfee"
        ]
      ]
    },
    {
      "collector": "application_object",
      "uuid": "DA000116",
      "criteria": [
        [
          "name",
          "string",
          "pattern match",
          "^KingView\\s{0,1}(\\d{0,3}\\.\\d{0,3})*$|^KingView\\s{0,1}(\\d{0,3}\\.\\d{0,3})*\\s{0,1}SP\\d+"
        ],
        [
          "publisher",
          "string",
          "pattern match",
          "^WellinTech\\s{0,1}Co.,\\s{0,1}Ltd."
        ]
      ]
    }
  ]
}