<diffs>
    <diff type="attribequal" xpath = "/report/@cookie" />	
    <diff type="attribequal" xpath = "/report/product/@pvid" />
    <diff type="attribequal" xpath = "/report/product/@errorid" />
    <diff type="attribequal" xpath = "/report/product/@lang" />
    <diff type="attribequal" xpath = "/report/product/@partner" />
    <diff type="attribequal" xpath = "/report/product/@buildno" />
    <diff type="attribequal" xpath = "/report/product/@managed" />
    <diff type="attribequal" xpath = "/report/product/component/deviation/@id" />
    <diff type="attribequal" xpath = "/report/product/component/deviation/@devtype" />
    <diff type="attribequal" xpath = "/report/systeminfo/osinfo/@sysdrivefs" />
    <diff type="attribequal" xpath = "/report/systeminfo/osinfo/@sp" />
    <diff type="attribequal" xpath = "/report/systeminfo/osinfo/@lang" />
    <diff type="attribequal" xpath = "/report/systeminfo/osinfo/@ieversion" />
    <diff type="attribequal" xpath = "/report/systeminfo/osinfo/@browsertype" />
    <diff type="attribequal" xpath = "/report/systeminfo/hwinfo/@phystotal" />
    <diff type="attribequal" xpath = "/report/systeminfo/hwinfo/@virtotal" />
</diffs>