﻿<?xml version="1.0" encoding="utf-8"?>
<!--Copyright (C) 2012 McAfee, Inc.  All rights reserved. -->
<supportability type="configinfo">
  <product name="ePolicy Orchestrator" ProdVersion="5.9" prtype="corporate" prcode="EPO">
    <criticalentries>31098,31095,31096,31078,31074,31075,18615,18616,18617,18618,27473,24587,18622,18624,18625,18626,18629,18634,18635,18636,18637,18638,18640,18642,18645,18646,18647,18648,24588,24589,18651,18652,18654,18655,18656,18657,18658,18659,18660,18661,18662,24590,24591,24592,24593,24594,18669,18679,17971,18727,18728,18729,18730,24595,24596,18737,18742,18757,24597,24598,24599,27474,24601,24602,24603,18889,18890,18891,24604,18894,18895,24608,18940,18941,24609,18943,18944,18958,18959,18960,18961,27477==27477,27532==27532,27478,30963,30964</criticalentries>
    <component>
      <item type="2" typename="FILE">
        <values FileName="%CSIDL_SYSTEM%\msxml6.dll" DetectionTypeMask="1" id="18615" />
        <values FileName="%MVT_INSTALL_DIR%\agnthandlestart.exe" DetectionTypeMask="1" id="18616" />
        <values FileName="%MVT_INSTALL_DIR%\ahsetup.dll" DetectionTypeMask="1" id="18617" />
        <values FileName="%CSIDL_SYSTEM%\atl.dll" DetectionTypeMask="1" id="18618" />
        <values FileName="%MVT_INSTALL_DIR%\cryptocme.dll" DetectionTypeMask="1" id="27473" />
        <values FileName="%MVT_INSTALL_DIR%\epojni64.dll" DetectionTypeMask="1" id="24587" />
        <values FileName="%MVT_INSTALL_DIR%\epomisc.dll" DetectionTypeMask="1" id="18622" />
        <values FileName="%MVT_INSTALL_DIR%\mcupload.dll" DetectionTypeMask="1" id="18624" />
        <values FileName="%MVT_INSTALL_DIR%\mod_epo.dll" DetectionTypeMask="1" id="18625" />
        <values FileName="%CSIDL_SYSTEM%\msvcp60.dll" DetectionTypeMask="1" id="18626" />
        <values FileName="%CSIDL_SYSTEM%\msvcrt.dll" DetectionTypeMask="1" id="18629" />
        <values FileName="%MVT_INSTALL_DIR%\nailog.dll" DetectionTypeMask="1" id="18634" />
        <values FileName="%MVT_INSTALL_DIR%\naimserv.dll" DetectionTypeMask="1" id="18635" />
        <values FileName="%MVT_INSTALL_DIR%\naizlb32.dll" DetectionTypeMask="1" id="18636" />
        <values FileName="%MVT_INSTALL_DIR%\naprfctr.dll" DetectionTypeMask="1" id="18637" />
        <values FileName="%MVT_INSTALL_DIR%\nmcomn32.dll" DetectionTypeMask="1" id="18638" />
        <values FileName="%MVT_INSTALL_DIR%\pluginmgr.dll" DetectionTypeMask="1" id="18640" />
        <values FileName="%MVT_INSTALL_DIR%\srvmon.exe" DetectionTypeMask="1" id="18642" />
        <values FileName="%MVT_INSTALL_DIR%\console.ico" DetectionTypeMask="1" id="18645" />
        <values FileName="%MVT_INSTALL_DIR%\dal.dll" DetectionTypeMask="1" id="18646" />
        <values FileName="%MVT_INSTALL_DIR%\dalpolicy.dll" DetectionTypeMask="1" id="18647" />
        <values FileName="%MVT_INSTALL_DIR%\eventparser.exe" DetectionTypeMask="1" id="18648" />
        <values FileName="%MVT_INSTALL_DIR%\httprequestjni64.dll" DetectionTypeMask="1" id="24588" />
        <values FileName="%MVT_INSTALL_DIR%\inetmgr64.dll" DetectionTypeMask="1" id="24589" />
        <values FileName="%MVT_INSTALL_DIR%\naepobll.dll" DetectionTypeMask="1" id="18651" />
        <values FileName="%MVT_INSTALL_DIR%\naepodal.dll" DetectionTypeMask="1" id="18652" />
        <values FileName="%MVT_INSTALL_DIR%\0404\naprfctrres.dll" DetectionTypeMask="1" id="18654" />
        <values FileName="%MVT_INSTALL_DIR%\0407\naprfctrres.dll" DetectionTypeMask="1" id="18655" />
        <values FileName="%MVT_INSTALL_DIR%\0409\naprfctrres.dll" DetectionTypeMask="1" id="18656" />
        <values FileName="%MVT_INSTALL_DIR%\040a\naprfctrres.dll" DetectionTypeMask="1" id="18657" />
        <values FileName="%MVT_INSTALL_DIR%\040c\naprfctrres.dll" DetectionTypeMask="1" id="18658" />
        <values FileName="%MVT_INSTALL_DIR%\0411\naprfctrres.dll" DetectionTypeMask="1" id="18659" />
        <values FileName="%MVT_INSTALL_DIR%\0412\naprfctrres.dll" DetectionTypeMask="1" id="18660" />
        <values FileName="%MVT_INSTALL_DIR%\0804\naprfctrres.dll" DetectionTypeMask="1" id="18661" />
        <values FileName="%MVT_INSTALL_DIR%\pontutil.dll" DetectionTypeMask="1" id="18662" />
        <values FileName="%MVT_INSTALL_DIR%\rmanjni64.dll" DetectionTypeMask="1" id="24590" />
        <values FileName="%MVT_INSTALL_DIR%\ruleeng64.dll" DetectionTypeMask="1" id="24591" />
        <values FileName="%MVT_INSTALL_DIR%\ruleengjni64.dll" DetectionTypeMask="1" id="24592" />
        <values FileName="%MVT_INSTALL_DIR%\sitemanager64.dll" DetectionTypeMask="1" id="24593" />
        <values FileName="%MVT_INSTALL_DIR%\sitemgrwrap64.dll" DetectionTypeMask="1" id="24594" />
        <values FileName="%MVT_INSTALL_DIR%\eposign.exe" DetectionTypeMask="1" id="18669" />
        <values FileName="%MVT_INSTALL_DIR%\db\server.ini" DetectionTypeMask="1" id="18679" />
        <values FileName="%MVT_INSTALL_DIR%\ccme_base.dll" DetectionTypeMask="1" id="17971" />
        <values FileName="%MVT_INSTALL_DIR%\server\bin\jniloader.dll" DetectionTypeMask="1" id="18727" />
        <values FileName="%MVT_INSTALL_DIR%\jre\bin\java.dll" DetectionTypeMask="1" id="18728" />
        <values FileName="%MVT_INSTALL_DIR%\jre\bin\java.exe" DetectionTypeMask="1" id="18729" />
        <values FileName="%MVT_INSTALL_DIR%\jre\bin\javaw.exe" DetectionTypeMask="1" id="18730" />
        <values FileName="%MVT_INSTALL_DIR%\server\bin\tomcat7.exe" DetectionTypeMask="1" id="24595" />
        <values FileName="%MVT_INSTALL_DIR%\server\bin\tomcat7w.exe" DetectionTypeMask="1" id="24596" />
        <values FileName="%MVT_INSTALL_DIR%\server\bin\bootstrap.jar" DetectionTypeMask="1" id="18737" />
        <values FileName="%MVT_INSTALL_DIR%\server\bin\commons-daemon.jar" DetectionTypeMask="1" id="18742" />
        <values FileName="%MVT_INSTALL_DIR%\server\bin\tomcat-juli.jar" DetectionTypeMask="1" id="18757" />
        <values FileName="%MVT_INSTALL_DIR%\server\lib\ant.jar" DetectionTypeMask="1" id="24597" />
        <values FileName="%MVT_INSTALL_DIR%\server\lib\ant-launcher.jar" DetectionTypeMask="1" id="24598" />
        <values FileName="%MVT_INSTALL_DIR%\server\lib\commons-beanutils.jar" DetectionTypeMask="1" id="24599" />
        <values FileName="%MVT_INSTALL_DIR%\server\lib\jtds-1.3.1.jar" DetectionTypeMask="1" id="27474" />
        <values FileName="%MVT_INSTALL_DIR%\server\lib\orion-core-common.jar" DetectionTypeMask="1" id="24601" />
        <values FileName="%MVT_INSTALL_DIR%\server\lib\orion-core-tags.jar" DetectionTypeMask="1" id="24602" />
        <values FileName="%MVT_INSTALL_DIR%\server\lib\servlet-api.jar" DetectionTypeMask="1" id="24603" />
        <values FileName="%MVT_INSTALL_DIR%\server\conf\catalina.policy" DetectionTypeMask="1" id="18889" />
        <values FileName="%MVT_INSTALL_DIR%\server\conf\catalina.properties" DetectionTypeMask="1" id="18890" />
        <values FileName="%MVT_INSTALL_DIR%\server\conf\logging.properties" DetectionTypeMask="1" id="18891" />
        <values FileName="%MVT_INSTALL_DIR%\server\conf\server.xml" DetectionTypeMask="1" id="24604" />
        <values FileName="%MVT_INSTALL_DIR%\server\keystore\bin-sign.truststore" DetectionTypeMask="1" id="18894" />
        <values FileName="%MVT_INSTALL_DIR%\server\keystore\ext.keystore" DetectionTypeMask="1" id="18895" />
      </item>
      <item type="8" typename="COM">
        <values ServerType="InProcServer32" Name="SiteMgrSynchronous Class" ServerPath="%MVT_INSTALL_DIR%\sitemgrwrap64.dll" clsid="{0c0e6b96-d948-4611-85f1-be9bfcad7b79}" DetectionTypeMask="7" id="24608" osbit="2" />
        <values ServerType="InProcServer32" Name="DALPolicyDBManager Class" ServerPath="%MVT_INSTALL_DIR%\dalpolicy.dll" clsid="{11d6cf01-f8ba-4e8f-8bc4-9a2b63908aa1}" DetectionTypeMask="7" id="18940" />
        <values ServerType="InProcServer32" Name="PSFactoryBuffer" ServerPath="%MVT_INSTALL_DIR%\dalpolicy.dll" clsid="{3bf43200-ba9b-4730-8172-760c23aca789}" DetectionTypeMask="7" id="18941" />
        <values ServerType="InProcServer32" Name="SiteMgr Class" ServerPath="%MVT_INSTALL_DIR%\sitemanager64.dll" clsid="{4124fdf6-b540-44c5-96b4-a380cee9826a}" DetectionTypeMask="7" id="24609" osbit="2" />
        <values ServerType="InProcServer32" Name="EPODAL Class" ServerPath="%MVT_INSTALL_DIR%\naepodal.dll" clsid="{43119ffb-6cc4-491c-8eb5-a7f3f24114cb}" DetectionTypeMask="7" id="18943" />
        <values ServerType="InProcServer32" Name="EPOBLL Class" ServerPath="%MVT_INSTALL_DIR%\naepobll.dll" clsid="{47aef5e3-a0e7-46ac-a170-99ed58598997}" DetectionTypeMask="7" id="18944" />
      </item>
      <item type="1" typename="REG">
        <values keyPath="HKEY_LOCAL_MACHINE\SOFTWARE\Network Associates\ePolicy Orchestrator" ValueName="DBFolder" ValueType="REG_SZ" Value="%MVT_INSTALL_DIR%/db" DetectionTypeMask="3" id="18958" />
        <values keyPath="HKEY_LOCAL_MACHINE\SOFTWARE\Network Associates\ePolicy Orchestrator" ValueName="DBPropsFile" ValueType="REG_SZ" Value="%MVT_INSTALL_DIR%/server/conf/orion/DBFAC3~1.PRO" DetectionTypeMask="3" id="18959" />
		<!-- C:/PROGRA~2/McAfee/EPOLIC~1/Server/conf/orion/DBFAC3~1.PRO -->
        <values keyPath="HKEY_LOCAL_MACHINE\SOFTWARE\Network Associates\ePolicy Orchestrator" ValueName="ServerINI" ValueType="REG_SZ" Value="%MVT_INSTALL_DIR%/db/server.ini" DetectionTypeMask="3" id="18960" />
        <values keyPath="HKEY_LOCAL_MACHINE\SOFTWARE\Network Associates\ePolicy Orchestrator" ValueName="InstallFolder" ValueType="REG_SZ" Value="%MVT_INSTALL_DIR%" DetectionTypeMask="3" id="18961" />
      </item>
      <item type="5" typename="SER">
       
        <values name="MCAFEEEVENTPARSERSRV" displayname="McAfee ePolicy Orchestrator 5.9.1 Event Parser" state="4" startupType="1" DetectionTypeMask="5" RemediationTypeMask="1" id="27477" />
      </item>

	  <item type="9" typename="TOP">
       <values text="ePO critical services are not running. MVT will attempt to restart the services." DetectionTypeMask="1" RemediationTypeMask="1" id="27532">
          <detection type="script" name="vbscript" function="Detect_TomCatSrvRunning">
            <![CDATA[
			Function IsServiceRunning(ServiceName)
					  Dim objWMIService , objService
					  strComputer = "."
					  set objWMIService = GetObject("winmgmts:{impersonationLevel=impersonate}!\\" & strComputer & "\root\cimv2") 
					  set objService = objWMIService.ExecQuery("Select * from Win32_Service Where Name = '" & ServiceName & "'")
					  IsServiceRunning = 0
					  If Not IsNull (objService) then
						  for each objItem in objService
						   If objItem.State = "Running" then 
								  IsServiceRunning = true
						   Else
							      IsServiceRunning = false	
						   End if  
						  Next
					  End If
				  End Function
				  Function Detect_TomCatSrvRunning(DeviationNode, ProductNode, contenttransfer) on error resume Next
Detect_TomCatSrvRunning = false
                DeviationNode.SetAttribute "expected", "MCAFEETOMCATSRV and MCAFEEAPACHESRV running"
										
					Version = "%epo_version%"
					A = split(Version,".")
					Version = A(0) & A(1) &"0"

					ServiceName = "MCAFEETOMCATSRV" & Version
 
						  If Not IsServiceRunning(ServiceName) Then
							  Detect_TomCatSrvRunning = True

                DeviationNode.SetAttribute "existing", "MCAFEETOMCATSRV not running"
						  Else		
							If Not IsServiceRunning("MCAFEEAPACHESRV") Then
								Detect_TomCatSrvRunning = True
								DeviationNode.SetAttribute "existing", "MCAFEEAPACHESRV not running"
							Else
								Detect_TomCatSrvRunning = False
								DeviationNode.SetAttribute "existing", "MCAFEETOMCATSRV and MCAFEEAPACHESRV running"
							End if
						  End If
				   End Function
		  
			  ]]>
          </detection>
          <remediation type="script" name="vbscript" function="Remediate_TomCatSrvRunning">
            <![CDATA[Function IsServiceRunning(ServiceName)
					  Dim objWMIService , objService
					  strComputer = "."					
					  set objWMIService = GetObject("winmgmts:{impersonationLevel=impersonate}!\\" & strComputer & "\root\cimv2") 
					  set objService = objWMIService.ExecQuery("Select * from Win32_Service Where Name = '" & ServiceName & "'")
					  IsServiceRunning = 0
					  If Not IsNull (objService) then
						  for each objItem in objService
						   If objItem.State = "Running" then 
								  IsServiceRunning = true
						   Else
							      IsServiceRunning = false	
						   End if  
						  Next
					  End If
				  End Function

				  Function StartService(ServiceName)
					  Dim objWMIService , objService
                      Dim intStartReturn : intStartReturn = 1
                      strComputer = "."
                      set objWMIService = GetObject("winmgmts:{impersonationLevel=impersonate}!\\" & strComputer & "\root\cimv2") 
                      set objService = objWMIService.ExecQuery("Select * from Win32_Service Where Name = '" & ServiceName & "'")
                      for each objItem in objService
                      if objItem.State = "Stopped" Then
					   if objItem.StartMode = "Disabled" Then
						      intReturn = objItem.ChangeStartMode("Automatic")
							   if intReturn = 0 Then
								 
								  intStartReturn = objItem.StartService() 
								 
							  end if
						  Else
						 
						  intStartReturn = objItem.StartService()
						 
					  end If
					  End if
                       StartService = intStartReturn
					   Next
                   end function
				Function DoWait(secs)
				  Dim dteWait
				  dteWait = DateAdd("s", secs, Now())
				  Do Until (Now() > dteWait)
				  
				  Loop
				  End Function



  			  Function Remediate_TomCatSrvRunning(DeviationNode, ProductNode, contenttransfer) on error resume Next
					  Remediate_TomCatSrvRunning = false
		   					Version = "%epo_version%"
					A = split(Version,".")
					Version = A(0) & A(1) &"0"
					ServiceName = "MCAFEETOMCATSRV" & Version
						  If Not IsServiceRunning(ServiceName) Then
						 
						  StartService(ServiceName)
						  
						  end If
						  
						  DoWait(30)
						  If IsServiceRunning(ServiceName) Then
							  StartService("MCAFEEAPACHESRV")
							 
							  DoWait(60)
							 
							   If IsServiceRunning("MCAFEEAPACHESRV") Then
						  	  Remediate_TomCatSrvRunning = True
							  Else
							  Remediate_TomCatSrvRunning = False
							  end if
						  Else
							  Remediate_TomCatSrvRunning = False
						  End If 
						 
             End Function]]>
          </remediation>


          <alttext text_1="417" />
        </values>
      <values text="Detected active proxy settings.  Access to McAfee  Software updates may be impacted.  If experiencing an issue, consult PD25504 page 36 for steps to configure ePO with a proxy."  DetectionTypeMask="1" RemediationTypeMask="1" id="30963" ostype="64" >
        <detection type="script" name="vbscript" function="Detect_IsProxyEnabled">
          <![CDATA[                                
          Function Detect_IsProxyEnabled(DeviationNode, ProductNode, contenttransfer)
                   Detect_IsProxyEnabled = False
                   DeviationNode.SetAttribute "expected","Proxy is not enabled"
                   set oShell=createobject("wscript.shell")
                   On Error Resume Next
                      ProxyEnableValue_User = oShell.RegRead("HKCU\Software\Microsoft\Windows\CurrentVersion\Internet Settings\ProxyEnable")
                      ProxyEnableValue_GroupPolicy = oShell.RegRead("HKLM\Software\Microsoft\Windows\CurrentVersion\Internet Settings\ProxyEnable")
                      If(ProxyEnableValue_User=1 Or ProxyEnableValue_GroupPolicy=1) Then
								        Detect_IsProxyEnabled = True
								        DeviationNode.SetAttribute "existing", "Proxy enabled"                            
                    End If
          End Function               
			        ]]>
        </detection>
        <alttext text_1="463" />
        <alturl url_1="251" />
      </values>
     <values text="McAfee download and update servers are not reachable. Software updates will be unavailable. Consult KB66797 for required ports and network configuration."  DetectionTypeMask="1" RemediationTypeMask="1" id="30964">
        <detection type="script" name="vbscript" function="Detect_ServerReachable">
          <![CDATA[      
          Function Ping_Server(serveraddress)
          strComputer = serveraddress
          Set objWMIService = GetObject("winmgmts:\\.\root\cimv2")
          Set colItems = objWMIService.ExecQuery _
              ("Select * from Win32_PingStatus " & _
                  "Where Address = '" & strComputer & "'")
          For Each objItem in colItems
              If objItem.StatusCode = 0 Then                   
                  Ping_Server=True       
              End If
          Next

          End Function          
          Function Detect_ServerReachable(DeviationNode, ProductNode, contenttransfer)          
                Detect_ServerReachable = False
                DeviationNode.SetAttribute "expected","Servers are reachable"
                set oShell=createobject("wscript.shell")
                On Error Resume Next
                  If(Ping_Server("epo.mcafee.com") And Ping_Server("update.nai.com") And Ping_Server("s-download.mcafee.com")) Then
								    Detect_ServerReachable = False
								    DeviationNode.SetAttribute "existing", "Servers reachable"      
                  Else
						        Detect_ServerReachable = True
								    DeviationNode.SetAttribute "existing", "McAfee download and update servers are not reachable."                             
                  End If
          End Function               
			        ]]>
        </detection>
        <alttext text_1="464" />
        <alturl url_1="252" />
      </values>
      <values text="Less than 10GB free hard drive space is available. At least 20GB is recommended for normal ePO operation."  DetectionTypeMask="1" RemediationTypeMask="1" id="31074">
        <detection type="script" name="vbscript" function="Detect_MinimumSpaceRequirement">
          <![CDATA[               
          Function Detect_MinimumSpaceRequirement(DeviationNode, ProductNode, contenttransfer)
                  DeviationNode.SetAttribute "expected","Space available"
                  Detect_MinimumSpaceRequirement=False                 
                  Dim InstallPath, objFSO, objFile, objFolder
                  InstallPath= "%MVT_INSTALL_DIR%"                       
                  Set objFSO = CreateObject("Scripting.FileSystemObject")
                  Set objFile = objFSO.GetFolder(InstallPath)
                  Set objFolder = objFile.ParentFolder                  
                  Set objWMIService = GetObject("winmgmts:")                  
                  Dim strQuery
                  strQuery="Win32_LogicalDisk.DeviceID="&"'" &objFolder.Drive&"'"                   
                  Set objLogicalDisk = objWMIService.Get(strQuery)
                  FreeSpace=FormatNumber(objLogicalDisk.FreeSpace / (1024 * 1024 * 1024), 2,0,0,0)                  
                  If (FreeSpace<10 And FreeSpace>=2) Then                    
                    Detect_MinimumSpaceRequirement=True
                    DeviationNode.SetAttribute "existing", "Minimum space requirement not met"
                  End If                                                                                                           
          End Function                
			        ]]>
        </detection>
        <alttext text_1="468" />
        <alturl url_1="253" />
      </values>
      <values text="Less than 2GB free hard drive space is available. Please free up space immediately to ensure normal ePO operation."  DetectionTypeMask="1" RemediationTypeMask="1" id="31075">
        <detection type="script" name="vbscript" function="Detect_LowDiskSpace">
          <![CDATA[               
          Function Detect_LowDiskSpace(DeviationNode, ProductNode, contenttransfer)
                  DeviationNode.SetAttribute "expected","Space available"
                  Detect_LowDiskSpace=False                  
                  Dim InstallPath, objFSO, objFile, objFolder
                  InstallPath= "%MVT_INSTALL_DIR%"                       
                  Set objFSO = CreateObject("Scripting.FileSystemObject")
                  Set objFile = objFSO.GetFolder(InstallPath)
                  Set objFolder = objFile.ParentFolder                  
                  Set objWMIService = GetObject("winmgmts:")                 
                  Dim strQuery
                  strQuery="Win32_LogicalDisk.DeviceID="&"'" &objFolder.Drive&"'"                  
                  Set objLogicalDisk = objWMIService.Get(strQuery)
                  FreeSpace=FormatNumber(objLogicalDisk.FreeSpace / (1024 * 1024 * 1024), 2,0,0,0)                  
                  If (FreeSpace<2) Then                    
                    Detect_LowDiskSpace=True
                    DeviationNode.SetAttribute "existing", "Disk space is critically low"
                  End If                                                                                                           
          End Function                
			        ]]>
        </detection>
        <alttext text_1="469" />
		<alturl url_1="253" />
      </values>
     <values text="Port conflict for Tomcat/Apache services detected. Agent communication failures are likely."  DetectionTypeMask="1" RemediationTypeMask="1" id="31078">
        <detection type="script" name="vbscript" function="Detect_ServersBoundToPort">
          <![CDATA[               
        Function Detect_ServersBoundToPort(DeviationNode, ProductNode, contenttransfer)
                  DeviationNode.SetAttribute "expected","Servers bound to port."                 
                  Detect_ServersBoundToPort=False              
                  Dim ObjExec
                  Dim objShell
                  Dim strFromProc
                  Dim bFlagApache
                  Dim bFlagTomcat
                  bFlagApache=false 
                  bFlagTomcat=false
                  Dim colMatches

                  searchStrApache = "Apache.exe"
                  searchStrTomcat= "MCAFEETOMCATSRV"                  
                  Set objShell = createobject("wscript.shell")           
               
				  Res = objShell.Run("cmd /c ""cmd.exe /c netstat -anb"" > %temp%\netstat.txt",0,true)

				  Set f  = CreateObject("Scripting.FileSystemObject")

				  Set file = f.OpenTextFile(f.GetSpecialFolder(2) & "\netstat.txt", 1)
				  text = file.ReadAll
				  file.Close
                  If InStr(1, text, searchStrApache) > 0  Then       
                     bFlagApache=true
                  End If 
                  If  InStr(1, text, searchStrTomcat) > 0 Then
                     bFlagTomcat=true
                  End If
                  If bFlagApache And  bFlagTomcat Then
	 		        Detect_ServersBoundToPort = False
    			      DeviationNode.SetAttribute "existing", "Apache/Tomcat is bound to a port."  
                  Else                      
			        Detect_ServersBoundToPort = True
					DeviationNode.SetAttribute "existing", "Apache/Tomcat is not bound to a port."                        
                  End If
              End Function           
			        ]]>
        </detection>
        <alttext text_1="471" />
	<alturl url_1="255" />
      </values>      
      <values text="Incorrect configurations detected that can cause database connections to fail."  DetectionTypeMask="1" RemediationTypeMask="1" id="31095" >
        <detection type="script" name="vbscript" function="Detect_DatabaseMismatch">
          <![CDATA[
       		      Function Detect_DatabaseMismatch(DeviationNode, ProductNode, contenttransfer) on error resume Next   
                          Detect_DatabaseMismatch=False
						  
                          DeviationNode.SetAttribute "expected", "Server and database in sync"
                          OrionLogPath= "%MVT_INSTALL_DIR%" & "/Server/Logs/orion.log"                          
                          Const ForReading = 1
                          Set objRegEx1 = CreateObject("VBScript.RegExp")
                          objRegEx1.IgnoreCase = True
                          objRegEx1.Pattern = "Detected a possible mismatch between the server and database"
						  Set objRegEx2 = CreateObject("VBScript.RegExp")
                          objRegEx2.IgnoreCase = True
                          objRegEx2.Pattern = "Failed to establish a database connection"
                          Set objFSO = CreateObject("Scripting.FileSystemObject")
                          Set objFile = objFSO.OpenTextFile(OrionLogPath, ForReading)
                          Do Until objFile.AtEndOfStream
                              strSearchString = objFile.ReadLine
                              Set colMatches1 = objRegEx1.Execute(strSearchString)
							  Set colMatches2 = objRegEx2.Execute(strSearchString)
                              If colMatches1.Count > 0 or colMatches2.Count > 0 Then
                                Detect_DatabaseMismatch = True
								DeviationNode.SetAttribute "existing", "Detected a possible mismatch between the server and database"                                   
                              End If
                          Loop                          
                          objFile.Close                                                                   
			       End Function               
			        ]]>
        </detection>
        <alttext text_1="467" />
        <alturl url_1="256" />
      </values>
       <values text="Anomalies detected in ePO logs. May impact the software performance." DetectionTypeMask="1" id="31096">
          <detection type="script" function="Detect_ServerLogs" name="vbscript"><![CDATA[Function Detect_ServerLogs(DeviationNode, ProductNode, contenttransfer) on error resume Next                          
                        InstallPath= "%MVT_INSTALL_DIR%"           
      
                        Detect_ServerLogs= False
                        DeviationNode.SetAttribute "expected", "No anamolies in server logs"
                        Set fs = CreateObject("Scripting.FileSystemObject")
                        'Directory you want listed
                        Set folder = fs.GetFolder(InstallPath &"/DB/Logs")
                        substrToFind="server"

                        Dim strLogFileName
                        Set files = folder.Files
                          For Each file in files                           
                                If InStr(1, file.name, substrToFind) = 1 Then
                                   strLogFileName=InstallPath &"/DB/Logs/" &file.name  
           
                                   Exit For    
                               End If    
                          Next
                          Const ForReading = 1
                          Set objRegEx = CreateObject("VBScript.RegExp")
                          objRegEx.IgnoreCase = True
                          objRegEx.Pattern = "245 connections"
                          Set objFSO = CreateObject("Scripting.FileSystemObject")
                          Set objFile = objFSO.OpenTextFile(strLogFileName, ForReading)
                         Do Until objFile.AtEndOfStream
                              strSearchString = objFile.ReadLine
       

                              Set colMatches = objRegEx.Execute(strSearchString)

                              If colMatches.Count > 0 Then
             For Each strMatch in colMatches
          mydate = mid(strSearchString,1,4) + "-" + mid(strSearchString,5,2) + "-" + mid(strSearchString,7,2) + " " +mid(strSearchString,9,2) + ":" + mid(strSearchString,11,2) + ":" + mid(strSearchString,13,2)

          logdate = CDate(mydate)

          today = Now

          diff = DateDiff("n",logdate,today)

          if (diff < 60) then
                              Detect_ServerLogs = True
                              DeviationNode.SetAttribute "existing", "245 connections" 
          end if
                                  Next
                              End If
                          Loop                          
                          objFile.Close                                                                   
                 End Function]]></detection>
          <alttext text_1="465" />
          <alturl url_1="258" />
        </values>
	<values text="The ePO upgrade failed or the installer was interrupted. Read more about supported upgrade paths as well as server and database pre-upgrade checklists in the knowledge base."  DetectionTypeMask="1" RemediationTypeMask="1" id="31098">
        <detection type="script" name="vbscript" function="Detect_UpgradeFailed">
          <![CDATA[               
          Function Detect_UpgradeFailed(DeviationNode, ProductNode, contenttransfer)
                  DeviationNode.SetAttribute "expected","Upgrade occured."
                  Detect_UpgradeFailed=False
                  Dim fso
                  Set fso = CreateObject("Scripting.FileSystemObject")
                  Dim tempfolder
                  Const TemporaryFolder = 2
				 
                  Set tempfolder = fso.GetSpecialFolder(TemporaryFolder)                  
                  searchFileName="-Install-MSI.LOG"                                           
                  Set folder = fso.GetFolder(tempfolder &"\McAfeeLogs")      
                  Dim strLogFileName
                  Set files = folder.Files
                    For Each file in files  
                          If instr(file.name, searchFileName) > 0 Then
                              strLogFileName= tempfolder &"/McAfeeLogs/" &file.name      
							 
                              Exit For
                          End If                                
                    Next    
                                       
                    Const ForReading = 1
                    Set objRegEx = CreateObject("VBScript.RegExp")
                    Set objRegEx1 = CreateObject("VBScript.RegExp")
				   
                    objRegEx.IgnoreCase = True
                    Set objFSO = CreateObject("Scripting.FileSystemObject")
                    Set objFile = objFSO.OpenTextFile(strLogFileName, ForReading, False, -1)
					strSearchString = objFile.ReadLine
					
					 
					objRegEx.Pattern = "\b(\d{1,2})\/(\d{1,2})\/\d{2,4}  \d{1,2}:\d{1,2}:\d{1,2}\b"
					Set DateMatch = objRegEx.Execute(strSearchString)
					For each d in DateMatch
						
						logdate = CDate(d)
						
						today = Now
						
						diff = DateDiff("h",logdate,today)
						
						if (diff < 49) then
						     objRegEx.Pattern = "(\bvalue 3\b)|(\bvalue 2\b)"  
							Do Until objFile.AtEndOfStream
								strSearchString = objFile.ReadLine
								Set colMatches = objRegEx.Execute(strSearchString)
						
								If colMatches.Count > 0 Then
									Detect_UpgradeFailed = True
									DeviationNode.SetAttribute "existing", "Upgrade failed to occur."    
								End If
							Loop                          
						End if
										
					 Next

                    objFile.Close                                                                                                   
          End Function                
			        ]]>
        </detection>
        <alttext text_1="470" />
		<alturl url_1="259" />		
      </values>
		</item>
	<item type="6" typename="SCR">
        <values text="Latest cumulative patch or service pack is not available" scriptname="vbscript" detectfunctionname="ePO51patch" DetectionTypeMask="1" id="27478"><![CDATA[function ePO51patch(DeviationNode)
    MinimumPatch = "%ePO590_MIN_PATCH%"
    MinimumPatch = cint(MinimumPatch)
    InstalledPatches = "%epo_patch%"
    if len(InstalledPatches) = 0 or Instr(InstalledPatches , "epo_PATCH%") > 0 then
     InstalledPatches = 0
    else
     InstalledPatches = cint(InstalledPatches) 
    end if
    DeviationNode.SetAttribute "expected" , "" & MinimumPatch
    DeviationNode.SetAttribute "existing" , "" & InstalledPatches
    DeviationNode.SetAttribute "compname" , "Patch"
    if ( InstalledPatches >= MinimumPatch ) then
     DeviationNode.SetAttribute "isdetected" , "0"
    else
     DeviationNode.SetAttribute "isdetected" , "1"
     ePO51patch=true
    end if
   end function]]><alturl url_1="71066" /><alttext text_1="71065" /></values>
      </item>
    </component>
  </product>
</supportability>