<?xml version="1.0" ?>
<!--Copyright (C) 2006 McAfee,Inc. All rights reserved.--> 
<ProductList>
	<Product MappedName="VirusScan" Variable="virusscan" ProdName="VirusScan">
    <Version Ver="8" IsRequired="1"/>
    <Version Ver="9" IsRequired="1"/>
    <Version Ver="10" IsRequired="1"/>
    <Version Ver="11" IsRequired="1"/>    
  </Product>
	<Product MappedName="VirusScan Professional" Variable="virusscan" ProdName="VirusScan Professional">
    <Version Ver="8" IsRequired="1"/>
    <Version Ver="9" IsRequired="1"/>
    <Version Ver="10" IsRequired="1"/>
    <Version Ver="11" IsRequired="1"/>
  </Product>
  <Product MappedName="Wireless Network Security" Variable="wirelesshomenetworksecurity" ProdName="Wireless Network Security"></Product>    
	<Product MappedName="Site Advisor" Variable="siteadvisor" ProdName="SiteAdvisor"></Product>
	<Product MappedName="Data Backup" Variable="databackup" ProdName="Data Backup"></Product>
	<Product MappedName="SecurityCenter" Variable="securitycenter" ProdName="SecurityCenter">
    <Version Ver="5" IsRequired="0"/>
    <Version Ver="6" IsRequired="0"/>
    <Version Ver="7" IsRequired="1"/>    
  </Product>
	<Product MappedName="Quick Clean" Variable="quickclean" ProdName="QuickClean">
    <Version Ver="5" IsRequired="1"/>
    <Version Ver="6" IsRequired="1"/>
    <Version Ver="7" IsRequired="1"/>
  </Product>	
	<Product MappedName="Personal Firewall Plus" Variable="personalfirewallplus" ProdName="Personal Firewall Plus">
    <Version Ver="6" IsRequired="1"/>
    <Version Ver="7" IsRequired="1"/>
    <Version Ver="8" IsRequired="1"/>
  </Product>  
	<Product MappedName="Personal Firewall" Variable="personalfirewallplus" ProdName="Personal Firewall">
    <Version Ver="8" IsRequired="1"/>    
  </Product>
	<Product MappedName="Privacy Service" Variable="privacyservice" ProdName="Privacy Service">
    <Version Ver="7" IsRequired="1"/>
    <Version Ver="8" IsRequired="1"/>
    <Version Ver="9" IsRequired="1"/>
  </Product>
	<Product MappedName="SpamKiller" Variable="spamkiller" ProdName="SpamKiller">
    <Version Ver="6" IsRequired="1"/>
    <Version Ver="7" IsRequired="1"/>
    <Version Ver="8" IsRequired="1"/>
  </Product>
	<Product MappedName="AntiSpyware" Variable="antispyware" ProdName="AntiSpyware">
    <Version Ver="1" IsRequired="0"/>
    <Version Ver="2" IsRequired="1"/>
    <Version Ver="3" IsRequired="1"/>
  </Product>
</ProductList>
