﻿<?xml version="1.0" ?>
<!--Copyright (C) 2006 McAfee, Inc. All rights reserved.--> 
<ProductList>
	<Product MappedName="VirusScan Enterprise" Variable="SG_VIRUSSCANENTERPRISE_1_1" ProdName="VirusScan Enterprise"></Product>
	<Product MappedName="Common Management Agent" Variable="SG_COMMONMANAGEMENTAGENT_1_1" ProdName="Common Management Agent"></Product>
	<Product MappedName="GroupShield Exchange" Variable="SG_GROUPSHIELDFORDOMINO5__6_1" ProdName="GroupShield Exchange"></Product>
	<Product MappedName="Total Protection for Small Business - Virus and Spyware Protection" Variable="SG_TOTALPROTECTIONSUITE_1_1" ProdName="Total Protection for Small Business - Virus and Spyware Protection"></Product>
	<Product MappedName="Total Protection for Small Business - Firewall Protection" Variable="SG_TOTALPROTECTIONSUITE_1_1" ProdName="Total Protection for Small Business - Firewall Protection"></Product>
	<Product MappedName="VirusScan Classic" Variable="SG_TOTALPROTECTIONSUITE_1_1" ProdName="VirusScan Classic"></Product>
	<Product MappedName="ePolicy orchestrator" Variable="SG_EPOLICYORCHESTRATOR_1_1" ProdName="ePolicy Orchestrator"></Product>
	<Product MappedName="Protection Pilot" Variable="SG_PROTECTIONPILOT_1_1" ProdName="Protection Pilot"></Product>
	<Product MappedName="Desktop Firewall" Variable="SG_DESKTOPFIREWALL_1_1" ProdName="Desktop Firewall"></Product>
	<Product MappedName="AntiSpyware Enterprise" Variable="SG_ANTISPYWAREENTERPRISE_1_1" ProdName="AntiSpyware Enterprise"></Product>	
	<Product MappedName="GroupShield Domino" Variable="SG_GROUPSHIELDFORDOMINO_1_1" ProdName="GroupShield Domino"></Product>
	<Product MappedName="SpamKiller Domino" Variable="SG_SPAMKILLERFRODOMINO_1_1" ProdName="SpamKiller Domino"></Product>
	<Product MappedName="SpamKiller Exchange" Variable="SG_SPAMKILLERFOREXCHANGE_1_1" ProdName="SpamKiller Exchange"></Product>
	<Product MappedName="Webshield SMTP" Variable="SG_WEBSHIELDSMTP_1_1" ProdName="WebShield SMTP"></Product>
	<Product MappedName="Host Intrusion Prevention Server" Variable="SG_HOSTINTRUSIONPREVENTION_1_1" ProdName="Host Intrusion Prevention Server"></Product>
	<Product MappedName="Host Intrusion Prevention Client" Variable="SG_HOSTINTRUSIONPREVENTION_1_1" ProdName="Host Intrusion Prevention Client"></Product>
	<Product MappedName="McAfee Policy Enforcer" Variable="SG_POLICYENFORCER_1_1" ProdName="McAfee Policy Enforcer"></Product>
	<Product MappedName="McAfee Policy Auditor Agent" Variable="SG_POLICYAUDITORAGENT_1_1" ProdName="McAfee Policy Auditor Agent"></Product>

</ProductList>
