﻿<?xml version="1.0" encoding="utf-8"?>
<!--Copyright (C) 2012 McAfee, Inc.  All rights reserved. -->
<supportability type="configinfo">
  <product name="McAfee Active Response" ProdVersion="1.0" prtype="corporate" prcode="MAR">
    <criticalentries>29398==29398,29399==29399,29400==29400,29401==29401,29402==29402,29403==29403,29404==29404,29405==29405,29406==29406,29407,29408,29409,29410,29411,29412,29413,29414,29415,29416,29417,29418,29419,29420,29421,29422,29423,29424,29425,29426,29427,29428,29429,29430,29431,29432,29433,29434,29435,29436,29437,29438,29439,29440,29441,29442,29443,29444,29445,29446,29447,29448,29449,29450,29451,29452,29453,29454,29455,29456,29457,29458,29459,29460,29461,29462,29463,29464,29465,29466</criticalentries>
    <component>
      <item type="4" typename="PROC">
        <values name="%CSIDL_PROGRAM_FILES_AUTO%\mcafee\mar\marservice.exe" RemediationTypeMask="1" DetectionTypeMask="1" id="29398" />
      </item>
      <item type="1" typename="REG">
        <values keyPath="HKEY_LOCAL_MACHINE\SOFTWARE\McAfee\MAR" ValueName="DataPath" ValueType="REG_SZ" Value="%CSIDL_COMMON_APPDATA%\mcafee\mar\" DetectionTypeMask="7" RemediationTypeMask="3" id="29399" osbit="4" />
        <values keyPath="HKEY_LOCAL_MACHINE\SOFTWARE\McAfee\MAR" ValueName="SzLang" ValueType="REG_SZ" Value="0409" DetectionTypeMask="3" RemediationTypeMask="1" id="29400" osbit="4" />
        <values keyPath="HKEY_LOCAL_MACHINE\SOFTWARE\Network Associates\ePolicy Orchestrator\Application Plugins\MAR_WIN_1000" ValueName="Uninstall Command" ValueType="REG_SZ" Value="&quot;%CSIDL_PROGRAM_FILES_AUTO%\mcafee\mar\..\mar_setup.exe&quot; -quiet -uninstall" DetectionTypeMask="7" RemediationTypeMask="3" id="29401" />
        <values keyPath="HKEY_LOCAL_MACHINE\SOFTWARE\Network Associates\ePolicy Orchestrator\Application Plugins\MAR_WIN_1000" ValueName="Version" ValueType="REG_SZ" Value="1.0.0.366" DetectionTypeMask="3" RemediationTypeMask="1" id="29402" />
        <values keyPath="HKEY_LOCAL_MACHINE\SOFTWARE\Network Associates\ePolicy Orchestrator\Application Plugins\MAR_WIN_1000" ValueName="Language" ValueType="REG_SZ" Value="0409" DetectionTypeMask="3" RemediationTypeMask="1" id="29403" />
        <values keyPath="HKEY_LOCAL_MACHINE\SOFTWARE\Network Associates\ePolicy Orchestrator\Application Plugins\MAR_WIN_1000" ValueName="Software ID" ValueType="REG_SZ" Value="MAR_WIN_1000" DetectionTypeMask="7" RemediationTypeMask="3" id="29404" />
        <values keyPath="HKEY_LOCAL_MACHINE\SOFTWARE\Network Associates\ePolicy Orchestrator\Application Plugins\MAR_WIN_1000" ValueName="Install Path" ValueType="REG_SZ" Value="&quot;%CSIDL_PROGRAM_FILES_AUTO%\mcafee\mar\" DetectionTypeMask="7" RemediationTypeMask="3" id="29405" />
        <values keyPath="HKEY_LOCAL_MACHINE\SOFTWARE\Network Associates\ePolicy Orchestrator\Application Plugins\MAR_WIN_1000" ValueName="Product Name" ValueType="REG_SZ" Value="MAR" DetectionTypeMask="7" RemediationTypeMask="3" id="29406" />
      </item>
      <item type="2" typename="FILE">
        <values FileName="%CSIDL_PROGRAM_FILES_AUTO%\mcafee\mar_setup.exe" DetectionTypeMask="1" id="29407" osbit="4" />
        <values FileName="%CSIDL_PROGRAM_FILES_AUTO%\mcafee\mar\filehashingplugin.dll" DetectionTypeMask="1" id="29408" osbit="4" />
        <values FileName="%CSIDL_PROGRAM_FILES_AUTO%\mcafee\mar\kompexsqlitewrapper.dll" DetectionTypeMask="1" id="29409" osbit="4" />
        <values FileName="%CSIDL_PROGRAM_FILES_AUTO%\mcafee\mar\ma_msgbus_auth.sig" DetectionTypeMask="1" id="29410" osbit="4" />
        <values FileName="%CSIDL_PROGRAM_FILES_AUTO%\mcafee\mar\ma_msgbus_auth.xml" DetectionTypeMask="1" id="29411" osbit="4" />
        <values FileName="%CSIDL_PROGRAM_FILES_AUTO%\mcafee\mar\magentplugin.dll" DetectionTypeMask="1" id="29412" osbit="4" />
        <values FileName="%CSIDL_PROGRAM_FILES_AUTO%\mcafee\mar\marservice.exe" DetectionTypeMask="1" id="29413" osbit="4" />
        <values FileName="%CSIDL_PROGRAM_FILES_AUTO%\mcafee\mar\networkflowplugin.dll" DetectionTypeMask="1" id="29414" osbit="4" />
        <values FileName="%CSIDL_PROGRAM_FILES_AUTO%\mcafee\mar\systeminfoplugin.dll" DetectionTypeMask="1" id="29415" osbit="4" />
        <values FileName="%CSIDL_PROGRAM_FILES_AUTO%\mcafee\mar\systemruntimeplugin.dll" DetectionTypeMask="1" id="29416" osbit="4" />
        <values FileName="%CSIDL_PROGRAM_FILES_AUTO%\mcafee\mar\winregplugin.dll" DetectionTypeMask="1" id="29417" osbit="4" />
        <values FileName="%CSIDL_PROGRAM_FILES_AUTO%\mcafee\mar\x86\mfeaaca.dll" DetectionTypeMask="1" id="29418" osbit="4" />
        <values FileName="%CSIDL_PROGRAM_FILES_AUTO%\mcafee\mar\x86\mfeapfa.dll" DetectionTypeMask="1" id="29419" osbit="4" />
        <values FileName="%CSIDL_PROGRAM_FILES_AUTO%\mcafee\mar\x86\mfeavfa.dll" DetectionTypeMask="1" id="29420" osbit="4" />
        <values FileName="%CSIDL_PROGRAM_FILES_AUTO%\mcafee\mar\x86\mfecana.dll" DetectionTypeMask="1" id="29421" osbit="4" />
        <values FileName="%CSIDL_PROGRAM_FILES_AUTO%\mcafee\mar\x86\mfecanary.exe" DetectionTypeMask="1" id="29422" osbit="4" />
        <values FileName="%CSIDL_PROGRAM_FILES_AUTO%\mcafee\mar\x86\mfefwctl.dll" DetectionTypeMask="1" id="29423" osbit="4" />
        <values FileName="%CSIDL_PROGRAM_FILES_AUTO%\mcafee\mar\x86\mfehida.dll" DetectionTypeMask="1" id="29424" osbit="4" />
        <values FileName="%CSIDL_PROGRAM_FILES_AUTO%\mcafee\mar\x86\mfemmsa.dll" DetectionTypeMask="1" id="29425" osbit="4" />
        <values FileName="%CSIDL_PROGRAM_FILES_AUTO%\mcafee\mar\x86\mfevtpa.dll" DetectionTypeMask="1" id="29426" osbit="4" />
        <values FileName="%CSIDL_PROGRAM_FILES_AUTO%\mcafee\mar\vscore\aacinfo.exe" DetectionTypeMask="1" id="29427" osbit="4" />
        <values FileName="%CSIDL_PROGRAM_FILES_AUTO%\mcafee\mar\vscore\cacheinfo.exe" DetectionTypeMask="1" id="29428" osbit="4" />
        <values FileName="%CSIDL_PROGRAM_FILES_AUTO%\mcafee\mar\vscore\fwinfo.exe" DetectionTypeMask="1" id="29429" osbit="4" />
        <values FileName="%CSIDL_PROGRAM_FILES_AUTO%\mcafee\mar\vscore\mar10.xml" DetectionTypeMask="1" id="29430" osbit="4" />
        <values FileName="%CSIDL_PROGRAM_FILES_AUTO%\mcafee\mar\vscore\mfeaaca.dll" DetectionTypeMask="1" id="29431" osbit="4" />
        <values FileName="%CSIDL_PROGRAM_FILES_AUTO%\mcafee\mar\vscore\mfeaack.cat" DetectionTypeMask="1" id="29432" osbit="4" />
        <values FileName="%CSIDL_PROGRAM_FILES_AUTO%\mcafee\mar\vscore\mfeaack.inf" DetectionTypeMask="1" id="29433" osbit="4" />
        <values FileName="%CSIDL_PROGRAM_FILES_AUTO%\mcafee\mar\vscore\mfeaack.sys" DetectionTypeMask="1" id="29434" osbit="4" />
        <values FileName="%CSIDL_PROGRAM_FILES_AUTO%\mcafee\mar\vscore\mfeapfa.dll" DetectionTypeMask="1" id="29435" osbit="4" />
        <values FileName="%CSIDL_PROGRAM_FILES_AUTO%\mcafee\mar\vscore\mfeavfa.dll" DetectionTypeMask="1" id="29436" osbit="4" />
        <values FileName="%CSIDL_PROGRAM_FILES_AUTO%\mcafee\mar\vscore\mfeavfk.cat" DetectionTypeMask="1" id="29437" osbit="4" />
        <values FileName="%CSIDL_PROGRAM_FILES_AUTO%\mcafee\mar\vscore\mfeavfk.inf" DetectionTypeMask="1" id="29438" osbit="4" />
        <values FileName="%CSIDL_PROGRAM_FILES_AUTO%\mcafee\mar\vscore\mfeavfk.sys" DetectionTypeMask="1" id="29439" osbit="4" />
        <values FileName="%CSIDL_PROGRAM_FILES_AUTO%\mcafee\mar\vscore\mfecana.dll" DetectionTypeMask="1" id="29440" osbit="4" />
        <values FileName="%CSIDL_PROGRAM_FILES_AUTO%\mcafee\mar\vscore\mfecanary.exe" DetectionTypeMask="1" id="29441" osbit="4" />
        <values FileName="%CSIDL_PROGRAM_FILES_AUTO%\mcafee\mar\vscore\mfefire.exe" DetectionTypeMask="1" id="29442" osbit="4" />
        <values FileName="%CSIDL_PROGRAM_FILES_AUTO%\mcafee\mar\vscore\mfefirek.inf" DetectionTypeMask="1" id="29443" osbit="4" />
        <values FileName="%CSIDL_PROGRAM_FILES_AUTO%\mcafee\mar\vscore\mfefirek.sys" DetectionTypeMask="1" id="29444" osbit="4" />
        <values FileName="%CSIDL_PROGRAM_FILES_AUTO%\mcafee\mar\vscore\mfefwctl.dll" DetectionTypeMask="1" id="29445" osbit="4" />
        <values FileName="%CSIDL_PROGRAM_FILES_AUTO%\mcafee\mar\vscore\mfehida.dll" DetectionTypeMask="1" id="29446" osbit="4" />
        <values FileName="%CSIDL_PROGRAM_FILES_AUTO%\mcafee\mar\vscore\mfehidin.exe" DetectionTypeMask="1" id="29447" osbit="4" />
        <values FileName="%CSIDL_PROGRAM_FILES_AUTO%\mcafee\mar\vscore\mfehidk.sys" DetectionTypeMask="1" id="29448" osbit="4" />
        <values FileName="%CSIDL_PROGRAM_FILES_AUTO%\mcafee\mar\vscore\mfehidk_messages.dll" DetectionTypeMask="1" id="29449" osbit="4" />
        <values FileName="%CSIDL_PROGRAM_FILES_AUTO%\mcafee\mar\vscore\mfemms.exe" DetectionTypeMask="1" id="29450" osbit="4" />
        <values FileName="%CSIDL_PROGRAM_FILES_AUTO%\mcafee\mar\vscore\mfemms_messages.dll" DetectionTypeMask="1" id="29451" osbit="4" />
        <values FileName="%CSIDL_PROGRAM_FILES_AUTO%\mcafee\mar\vscore\mfemmsa.dll" DetectionTypeMask="1" id="29452" osbit="4" />
        <values FileName="%CSIDL_PROGRAM_FILES_AUTO%\mcafee\mar\vscore\mfendisk.inf" DetectionTypeMask="1" id="29453" osbit="4" />
        <values FileName="%CSIDL_PROGRAM_FILES_AUTO%\mcafee\mar\vscore\mfendisk.sys" DetectionTypeMask="1" id="29454" osbit="4" />
        <values FileName="%CSIDL_PROGRAM_FILES_AUTO%\mcafee\mar\vscore\mfestwa.dll" DetectionTypeMask="1" id="29455" osbit="4" />
        <values FileName="%CSIDL_PROGRAM_FILES_AUTO%\mcafee\mar\vscore\mfetdi2k.cat" DetectionTypeMask="1" id="29456" osbit="4" />
        <values FileName="%CSIDL_PROGRAM_FILES_AUTO%\mcafee\mar\vscore\mfetdi2k.inf" DetectionTypeMask="1" id="29457" osbit="4" />
        <values FileName="%CSIDL_PROGRAM_FILES_AUTO%\mcafee\mar\vscore\mfetdi2k.sys" DetectionTypeMask="1" id="29458" osbit="4" />
        <values FileName="%CSIDL_PROGRAM_FILES_AUTO%\mcafee\mar\vscore\mfevtpa.dll" DetectionTypeMask="1" id="29459" osbit="4" />
        <values FileName="%CSIDL_PROGRAM_FILES_AUTO%\mcafee\mar\vscore\mfevtps.exe" DetectionTypeMask="1" id="29460" osbit="4" />
        <values FileName="%CSIDL_PROGRAM_FILES_AUTO%\mcafee\mar\vscore\mfewfpk.cat" DetectionTypeMask="1" id="29461" osbit="4" />
        <values FileName="%CSIDL_PROGRAM_FILES_AUTO%\mcafee\mar\vscore\mfewfpk.inf" DetectionTypeMask="1" id="29462" osbit="4" />
        <values FileName="%CSIDL_PROGRAM_FILES_AUTO%\mcafee\mar\vscore\mfewfpk.sys" DetectionTypeMask="1" id="29463" osbit="4" />
        <values FileName="%CSIDL_PROGRAM_FILES_AUTO%\mcafee\mar\vscore\mmsinfo.exe" DetectionTypeMask="1" id="29464" osbit="4" />
        <values FileName="%CSIDL_PROGRAM_FILES_AUTO%\mcafee\mar\vscore\vtpinfo.exe" DetectionTypeMask="1" id="29465" osbit="4" />
        <values FileName="%CSIDL_COMMON_APPDATA%\mcafee\mar\data\config.dat" DetectionTypeMask="1" id="29466" osbit="4" />
      </item>
    </component>
  </product>
</supportability>