<PortalData>
  <AVERT>
    <AVERTInfo>
	  <EngDAT>
        <Engine platform="32" engVer="5900" engAPI="V1" datName="Olympus" datVer="8531" engDate="2008/08/27" datDate="2017/5/16" />
      </EngDAT>
      <EngDAT>
        <Engine platform="32" engVer="5900" engAPI="V2" datName="Olympus" datVer="8531" engDate="2008/08/27" datDate="2017/5/16" />
      </EngDAT>
      <EngDAT>
        <Engine platform="32" engVer="5800" engAPI="V1" datName="Olympus" datVer="8531" engDate="2008/08/27" datDate="2017/5/16" />
      </EngDAT>
      <EngDAT>
        <Engine platform="32" engVer="5800" engAPI="V2" datName="Olympus" datVer="8531" engDate="2008/08/27" datDate="2017/5/16" />
      </EngDAT>
      <EngDAT>
        <Engine platform="32" engVer="5610" engAPI="V1" datName="Olympus" datVer="8531" engDate="2008/08/27" datDate="2017/5/16" />
      </EngDAT>
      <EngDAT>
        <Engine platform="32" engVer="5610" engAPI="V2" datName="Olympus" datVer="8531" engDate="2008/08/27" datDate="2017/5/16" />
      </EngDAT>
      <EngDAT>
        <Engine platform="32" engVer="5600" engAPI="V1" datName="Olympus" datVer="8531" engDate="2008/08/27" datDate="2017/5/16" />
      </EngDAT>
      <EngDAT>
        <Engine platform="32" engVer="5600" engAPI="V2" datName="Olympus" datVer="8531" engDate="2008/08/27" datDate="2017/5/16" />
      </EngDAT>
      <EngDAT>
        <Engine platform="32" engVer="5300" engAPI="V1" datName="Olympus" datVer="8531" engDate="2008/08/27" datDate="2017/5/16" />
      </EngDAT>
      <EngDAT>
        <Engine platform="32" engVer="4400" engAPI="" datName="" datVer="8531" engDate="2008/08/27" datDate="2017/5/16" />
      </EngDAT>
      <EngDAT>
        <Engine platform="32" engVer="5200" engAPI="V1" datName="Olympus" datVer="8531" engDate="2008/08/27" datDate="2017/5/16" />
      </EngDAT>
      <EngDAT>
        <Engine platform="32" engVer="5100" engAPI="V2" datName="Olympus" datVer="8531" engDate="2008/08/27" datDate="2017/5/16" />
      </EngDAT>
      <EngDAT>
        <Engine platform="32" engVer="5000" engAPI="V2" datName="Olympus" datVer="8531" engDate="2008/08/27" datDate="2017/5/16" />
      </EngDAT>
    </AVERTInfo>
  </AVERT>
  <AmCore>
    <content appid="vso" appcode="vso" majver="2982" minver="0" />
  </AmCore>
</PortalData>