<?xml version="1.0" encoding="utf-8"?>
<!-- //Copyright (C) 2008 McAfee, Inc. All rights reserved.-->
<SupportedProducts>
  <Languages>
    <Lang id="en-us" desc="English (United States)" order="1"/>
    <Lang id="en-gb" desc="English (United Kingdom)" order="2"/>
    <Lang id="en-au" desc="English (Australia)" order="3"/>
    <Lang id="en-ca" desc="English (Canada)" order="4"/>
    <Lang id="de" desc="German" order="5"/>
    <Lang id="ja" desc="Japanese" order="6"/>
    <Lang id="es" desc="Spanish" order="7"/>
    <Lang id="es-mx" desc="Spanish (Mexico)" order="8"/>
    <Lang id="fr" desc="French" order="9"/>
    <Lang id="fr-ca" desc="French (Canada)" order="10"/>
    <Lang id="pt" desc="Portuguese" order="11"/>
    <Lang id="pt-br" desc="Portuguese (Brazil)" order="12"/>
    <Lang id="nl" desc="Dutch" order="13"/>
    <Lang id="it" desc="Italian" order="14"/>
    <Lang id="zh-cn" desc="Chinese (Simplified)" order="15"/>
    <Lang id="zh-tw" desc="Chinese (Traditional)" order="16"/>
    <Lang id="da" desc="Danish" order="17"/>
    <Lang id="no" desc="Norwegian" order="18"/>
    <Lang id="sv" desc="Swedish" order="19"/>
    <Lang id="ko" desc="Korean" order="20"/>
    <Lang id="tr" desc="Turkish" order="21"/>
    <Lang id="fi" desc="Finnish" order="22"/>
    <Lang id="cs" desc="Czech" order="23"/>
    <Lang id="pl" desc="Polish" order="24"/>
    <Lang id="ru" desc="Russian" order="25"/>
	<Lang id="he" desc="Hebrew" order="26"/>
	<Lang id="el" desc="Greek" order="27"/>
  </Languages>
<Corporate>
	<Product Name="VirusScan Enterprise"><Version>8</Version><Languages>en-us,de,fr,es,it,nl,pl,sv,pt-br,zh-cn,zh-tw,ja,ko</Languages></Product>
	<Product Name="Common Management Agent"><Version>3</Version><Languages>en-us,de,fr,es,it,nl,pl,sv,pt-br,zh-cn,zh-tw,ja</Languages></Product>
	<Product Name="McAfee Agent"><Version>4</Version><Languages>en-us,de,fr,es,it,nl,pl,sv,pt-br,zh-cn,zh-tw,ja,ko</Languages></Product>
	<Product Name="ePolicy Orchestrator"><Version>4</Version><Languages>en-us,fr,es,de,ja,ko,el,zh-tw</Languages></Product><Product Name="Foundstone"><Version></Version><Languages></Languages></Product>
	<Product Name="GroupShield Exchange"><Version>6,7</Version><Languages>zh-tw,de,en-us,es,fr,ja,ko</Languages></Product>
	<Product Name="GroupShield for Lotus Domino"><Version>7</Version><Languages>en-us,ja,de,es</Languages></Product>
	<Product Name="Total Protection Service - Agent"><Version>5</Version><Languages>es,fi,fr,he,sv,tr,da,zh-tw,de,en-us,it,ja,ko,nl,no,pt-br,ru,zh-cn</Languages></Product>
	<Product Name="Total Protection Service - Virus and Spyware Protection"><Version>5,4</Version><Languages>es,fi,fr,he,sv,tr,da,zh-tw,de,en-us,it,ja,ko,nl,no,pt-br,ru,zh-cn,0c0a,pt,sv</Languages></Product>
	<Product Name="Total Protection Service - Firewall Protection"><Version>10</Version><Languages>es,fi,fr,he,sv,tr,da,zh-tw,de,en-us,it,ja,ko,nl,no,pt-br,ru,zh-cn</Languages></Product>
	<Product Name="Total Protection Service - Browser Protection"><Version>3</Version><Languages>es,fi,fr,he,sv,tr,da,zh-tw,de,en-us,it,ja,ko,nl,no,pt-br,ru,zh-cn</Languages></Product>
	<Product Name="Total Protection Service - SiteAdvisor Enterprise"><Version>3</Version><Languages>es,fi,fr,he,sv,tr,da,zh-tw,de,en-us,it,ja,ko,nl,no,pt-br,ru,zh-cn</Languages></Product>
	<Product Name="McAfee Security-as-a-Service - Virus and Spyware Protection"><Version>5</Version><Languages>es,fi,fr,he,sv,tr,da,zh-tw,de,en-us,it,ja,ko,nl,no,pt-br,ru,zh-cn</Languages></Product>
	<Product Name="McAfee Security-as-a-Service - Firewall Protection"><Version>14</Version><Languages>es,fi,fr,he,sv,tr,da,zh-tw,de,en-us,it,ja,ko,nl,no,pt-br,ru,zh-cn</Languages></Product>
	<Product Name="McAfee Security-as-a-Service - Browser Protection"><Version>3</Version><Languages>es,fi,fr,he,sv,tr,da,zh-tw,de,en-us,it,ja,ko,nl,no,pt-br,ru,zh-cn</Languages></Product>
	<Product Name="McAfee Security-as-a-Service - SiteAdvisor Enterprise"><Version>3</Version><Languages>es,fi,fr,he,sv,tr,da,zh-tw,de,en-us,it,ja,ko,nl,no,pt-br,ru,zh-cn</Languages></Product>

	<Product Name="Host Intrusion Prevention Server"><Version>6,7,8</Version><Languages>ja,en-us,de,es,fr,ko</Languages></Product>
	<Product Name="Host Intrusion Prevention Client"><Version>6,7,8</Version><Languages>ja,en-us,de,es,fr,ko</Languages></Product>
	<Product Name="SecurityShield"><Version></Version><Languages></Languages></Product>
	<Product Name="McAfee VirusScan for NetApp"><Version></Version><Languages></Languages></Product>
	<Product Name="Entercept"><Version></Version><Languages></Languages></Product>
	<Product Name="McAfeeQuarantine Manager"><Version></Version><Languages></Languages></Product>
	<Product Name="McAfee Policy Auditor Agent"><Version>5</Version><Languages>en-us,de,fr,es,ja,zh-cn,zh-tw</Languages></Product>
	<Product Name="Firewall Enterprise Control Center"><Version>4</Version><Languages></Languages></Product>
	<Product Name="McAfee Risk Advisor"><Version>2</Version><Languages></Languages></Product>
	<Product Name="McAfee Security for Lotus Domino"><Version>7</Version><Languages>en-us,fr,es,de,ja,ko,el</Languages></Product>
	<Product Name="McAfee Security Service for Exchange"><Version>7</Version><Languages>zh-tw,de,en-us,es,fr,ja,ko</Languages></Product>
	<Product Name="McAfee Solidifier"><Version>5</Version><Languages>ja,en-us,de,es</Languages></Product>
	<Product Name="Endpoint Encryption for PC v6"><Version>6</Version><Languages></Languages></Product>
	<Product Name="Endpoint Encryption Agent"><Version>1</Version><Languages></Languages></Product>
	<Product Name="Asset Baseline Monitor"><Version>3</Version><Languages></Languages></Product>
	<Product Name="McAfee Optimized Virtual Environments Agent"><Version>1</Version><Languages>en-us</Languages></Product>
	<Product Name="McAfee Optimized Virtual Environments Offload"><Version>1</Version><Languages>en-us</Languages></Product>
	<Product Name="McAfee Host Data Loss Prevention"><Version>9</Version><Languages>en-us,fr,de,es,jp,ko,zh-tw,zh-cn</Languages></Product>
	<Product Name="McAfee Security for Microsoft SharePoint"><Version>2</Version><Languages>en-us</Languages></Product>
	<Product Name="SiteAdvisor Enterprise"><Version>3</Version><Languages>en-us,fr,de,es,jp,ko,zh-tw,zh-cn,it,nl,pl,sw,pt-br</Languages></Product>
	<Product Name="System Information Reporter"><Version>1</Version><Languages>en-us</Languages></Product>
	<Product Name="McAfee Network Access Control Server"><Version>3</Version><Languages>en-us,es,jp,zh-tw,zh-cn,ko,de,fr,pt-br,sw</Languages></Product>
	<Product Name="McAfee Network Access Control Client"><Version>3</Version><Languages>en-us,es,jp,zh-tw,zh-cn,ko,de,fr,pt-br,sw</Languages></Product>
	<Product Name="McAfee Network Access Control Guest Client"><Version>3</Version><Languages>en-us,es,jp,zh-tw,zh-cn,ko,de,fr,pt-br,sw</Languages></Product>
	<Product Name="McAfee GTI Proxy Agent"><Version>1</Version><Languages>en-us</Languages></Product>
	<Product Name="ePO Deep Command Client"><Version>1</Version><Languages>en-us</Languages></Product>
	<Product Name="ePO Deep Command Gateway"><Version>1</Version><Languages>en-us</Languages></Product>
</Corporate>

<Consumer>
	<Product Name="VirusScan"><Version>15,14,13</Version><Languages>en-au,en-ca,en-gb,en-us,es,zh-cn,it,zh-tw,ko,sr,ar,es-mx,fr-ca,tr,el,sk,hr,he,nl,sv,pt,pl,no,cs,fi,de,pt-br,fr,da,ru,hu,jp,il,rs</Languages></Product>
	<Product Name="QuickClean and Shredder"><Version>11,10</Version><Languages>en-au,en-ca,en-gb,en-us,es,zh-cn,it,zh-tw,ko,sr,ar,es-mx,fr-ca,tr,el,sk,hr,he,nl,sv,pt,pl,no,cs,fi,de,pt-br,fr,da,ru,hu</Languages></Product>
	<Product Name="SecurityCenter"><Version>11,10,9</Version><Languages>en-ca,en-gb,en-au,en-us,es,zh-cn,it,zh-tw,ko,sr,ar,es-mx,fr-ca,tr,el,sk,hr,he,nl,sv,pt,pl,no,cs,fi,de,pt-br,fr,da,ru,hu,jp,il</Languages></Product>
	<Product Name="Wireless Network Security"><Version>2,3</Version><Languages>en-us,en-au,en-gb,en-ca,cs,pl,fi,tr,jp,de,es-mx,fr-ca,es,fr,it,nl,zh-cn,zh-tw,pt,da,pt-br,no,sv</Languages></Product>
	<Product Name="Easy Network"><Version>3</Version><Languages>en-au,en-gb,en-ca,fr-ca,en-us,jp,nl,pt,sv,pl,no,cs,fi,de,pt-br,fr,da,ru,hu,ko,it,es,es-mx,zh-tw,zh-cn,sk,tr</Languages></Product>
	<Product Name="Data Backup"><Version>2,1,3</Version><Languages>en-us,en-au,en-gb,en-ca,de,jp,es,es-mx,fr,pt-br,fr-ca,pt,nl,it,zh-tw,zh-cn,no,sv,da,ko,cs,pl,fi,tr,el,ru,hu,sk,ar,hr,il,rs</Languages></Product>
	<Product Name="SiteAdvisor"><Version>3,2</Version><Languages>en-au,en-ca,en-gb,en-us,jp,fr-ca,pt-br,es-mx,ko,zh-cn,zh-tw,it,pt,no,da,sv,fi,de,fr,es,nl,pl,cs,tr,ru,el,hu,sk,ar,hr,il</Languages></Product>
	<Product Name="Personal Firewall"><Version>12,11,10</Version><Languages>en-au,en-ca,en-gb,en-us,es,zh-cn,it,zh-tw,ko,sr,ar,es-mx,fr-ca,tr,el,sk,hr,he,nl,sv,pt,pl,no,cs,fi,de,pt-br,fr,da,ru,hu,jp</Languages></Product>
	<Product Name="Parental Controls"><Version>13,12,11</Version><Languages>en-au,en-ca,en-gb,en-us,es,zh-cn,it,zh-tw,ko,sr,ar,es-mx,fr-ca,tr,el,sk,hr,he,nl,sv,pt,pl,no,cs,fi,de,pt-br,fr,da,ru,hu,jp,il,rs</Languages></Product>
	<Product Name="AntiSpam"><Version>12,11,10</Version><Languages>en-au,en-ca,en-gb,en-us,es,zh-cn,it,zh-tw,ko,sr,ar,es-mx,fr-ca,tr,el,sk,hr,he,nl,sv,pt,pl,no,cs,fi,de,pt-br,fr,da,ru,hu,jp</Languages></Product>
	<Product Name="McAfee Anti Theft"><Version>2,1</Version><Languages>en-us</Languages></Product>
	<Product Name="McAfee Online Backup powered by Mozy"><Version>1,2</Version><Languages>en-us,en-gb,en-ca,en-au,ko,de,es-mx,pt-br</Languages></Product>
	<Product Name="McAfee Network Agent"><Version>5</Version><Languages>en-au,en-us</Languages></Product>
	<Product Name="Network Management Console"><Version>5</Version><Languages>en-au,en-us</Languages></Product>

</Consumer>

</SupportedProducts>
