﻿<?xml version="1.0" encoding="utf-8"?>
<supporturl>
<consumer>
<url lang="cs" partner="0" kb="http://service.mcafee.com/FAQSearch.aspx?lc=1029&amp;sg=TS&amp;pt=1"/>
<url lang="da" partner="0" kb="http://service.mcafee.com/FAQSearch.aspx?lc=1030&amp;sg=TS&amp;pt=1"/>
<url lang="de" partner="0" kb="http://service.mcafee.com/FAQSearch.aspx?lc=1031&amp;sg=TS&amp;pt=1"/>
<url lang="en-gb" partner="0" kb="http://service.mcafee.com/FAQSearch.aspx?lc=2057&amp;sg=TS&amp;pt=1"/>
<url lang="en-us" partner="0" kb="http://service.mcafee.com/FAQSearch.aspx?lc=1033&amp;sg=TS&amp;pt=1"/>
<url lang="es" partner="0" kb="http://service.mcafee.com/FAQSearch.aspx?lc=3082&amp;sg=TS&amp;pt=1"/>
<url lang="fi" partner="0" kb="http://service.mcafee.com/FAQSearch.aspx?lc=1035&amp;sg=TS&amp;pt=1"/>
<url lang="fr" partner="0" kb="http://service.mcafee.com/FAQSearch.aspx?lc=1036&amp;sg=TS&amp;pt=1"/>
<url lang="it" partner="0" kb="http://service.mcafee.com/FAQSearch.aspx?lc=1040&amp;sg=TS&amp;pt=1"/>
<url lang="ja" partner="0" kb="http://www.mcafee.com/japan/mcafee/support/default.asp"/>
<url lang="ko" partner="0" kb="http://service.mcafee.com/FAQSearch.aspx?lc=1042&amp;sg=TS&amp;pt=1"/>
<url lang="nl" partner="0" kb="http://service.mcafee.com/FAQSearch.aspx?lc=1043&amp;sg=TS&amp;pt=1"/>
<url lang="no" partner="0" kb="http://service.mcafee.com/FAQSearch.aspx?lc=1044&amp;sg=TS&amp;pt=1"/>
<url lang="pl" partner="0" kb="http://service.mcafee.com/FAQSearch.aspx?lc=1045&amp;sg=TS&amp;pt=1"/>
<url lang="pt-br" partner="0" kb="http://service.mcafee.com/FAQSearch.aspx?lc=1046&amp;sg=TS&amp;pt=1"/>
<url lang="sv" partner="0" kb="http://service.mcafee.com/FAQSearch.aspx?lc=1053&amp;sg=TS&amp;pt=1"/>
<url lang="tr" partner="0" kb="http://service.mcafee.com/FAQSearch.aspx?lc=1055&amp;sg=TS&amp;pt=1"/>
<url lang="zh-cn" partner="0" kb="http://service.mcafee.com/FAQSearch.aspx?lc=2052&amp;sg=TS&amp;pt=1"/>
<url lang="zh-tw" partner="0" kb="http://service.mcafee.com/FAQSearch.aspx?lc=1028&amp;sg=TS&amp;pt=1"/>
<url lang="de" partner="105" kb="http://service.mcafee.com/Callback.aspx?eventid=partner&amp;partner_id=10002"/>
<url lang="en-us" partner="105" kb="http://service.mcafee.com/Callback.aspx?eventid=partner&amp;partner_id=10002"/>
<url lang="es" partner="105" kb="http://service.mcafee.com/Callback.aspx?eventid=partner&amp;partner_id=10002"/>
<url lang="fr" partner="105" kb="http://service.mcafee.com/Callback.aspx?eventid=partner&amp;partner_id=10002"/>
<url lang="ja" partner="105" kb="http://www.mcafee.com/japan/mcafee/support/default.asp"/>
<url lang="ko" partner="105" kb="http://service.mcafee.com/Callback.aspx?eventid=partner&amp;partner_id=10002"/>
<url lang="pt-br" partner="105" kb="http://service.mcafee.com/Callback.aspx?eventid=partner&amp;partner_id=10002"/>
<url lang="zh-cn" partner="105" kb="http://service.mcafee.com/Callback.aspx?eventid=partner&amp;partner_id=10002"/>
<url lang="zh-tw" partner="105" kb="http://service.mcafee.com/Callback.aspx?eventid=partner&amp;partner_id=10002"/>
<url lang="de" partner="108" kb="http://service.mcafee.com/Callback.aspx?eventid=partner&amp;partner_id=10001"/>
<url lang="en-us" partner="108" kb="http://service.mcafee.com/Callback.aspx?eventid=partner&amp;partner_id=10001"/>
<url lang="es" partner="108" kb="http://service.mcafee.com/Callback.aspx?eventid=partner&amp;partner_id=10001"/>
<url lang="fr" partner="108" kb="http://service.mcafee.com/Callback.aspx?eventid=partner&amp;partner_id=10001"/>
<url lang="ja" partner="108" kb="http://www.mcafee.com/japan/mcafee/support/default.asp"/>
<url lang="ko" partner="108" kb="http://service.mcafee.com/Callback.aspx?eventid=partner&amp;partner_id=10001"/>
<url lang="pt-br" partner="108" kb="http://service.mcafee.com/Callback.aspx?eventid=partner&amp;partner_id=10001"/>
<url lang="zh-cn" partner="108" kb="http://service.mcafee.com/Callback.aspx?eventid=partner&amp;partner_id=10001"/>
<url lang="zh-tw" partner="108" kb="http://service.mcafee.com/Callback.aspx?eventid=partner&amp;partner_id=10001"/>
<url lang="ja" partner="127" kb="http://www.mcafee.com/japan/mcafee/support/default.asp" phone="http://www.mcafee.com/japan/mcafee/support/supportcen
ter.asp" chat="http://www.mcafee.com/japan/mcafee/support/chat.asp"/>
<url lang="ja" partner="135" kb="http://www.mcafee.com/japan/mcafee/support/default.asp" phone="http://www.mcafee.com/japan/mcafee/support/supportcenter.asp" chat="http://www.mcafee.com/japan/mcafee/support/chat.asp"/>
<url lang="pt-br" partner="153" kb="http://www.terra.com.br/ads/campanhas/mvt_client.htm" phone="" chat=""/>
<url lang="ja" partner="310" kb="http://www.mcafee.com/japan/mcafee/support/default.asp" phone="http://www.mcafee.com/japan/mcafee/support/supportcenter.asp" chat="http://www.mcafee.com/japan/mcafee/support/chat.asp"/>
<url lang="en-us" partner="311" kb="http://www.codetel.com.do/net/isuite/welcome.htm" phone="http://www.codetel.com.do/net/isuite/welcome.htm" chat="http://www.codetel.com.do/net/isuite/chat.htm"/>
<url lang="ja" partner="313" kb="http://www.mcafee.com/japan/mcafee/support/default.asp" phone="http://www.mcafee.com/japan/mcafee/support/supportcenter.asp" chat="http://www.mcafee.com/japan/mcafee/support/chat.asp"/>
<url lang="ja" partner="321" kb="http://www.mcafee.com/japan/mcafee/support/default.asp" phone="http://www.mcafee.com/japan/mcafee/support/supportcenter.asp" chat="http://www.mcafee.com/japan/mcafee/support/chat.asp"/>
<url lang="ja" partner="328" kb="http://www.mcafee.com/japan/mcafee/support/default.asp" phone="http://www.mcafee.com/japan/mcafee/support/supportcenter.asp" chat="http://www.mcafee.com/japan/mcafee/support/chat.asp"/>
<url lang="ja" partner="329" kb="http://www.mcafee.com/japan/mcafee/support/default.asp" phone="http://www.mcafee.com/japan/mcafee/support/supportcenter.asp" chat="http://www.mcafee.com/japan/mcafee/support/chat.asp"/>
<url lang="ja" partner="338" kb="http://www.mcafee.com/japan/mcafee/support/default.asp" phone="http://www.mcafee.com/japan/mcafee/support/supportcenter.asp" chat="http://www.mcafee.com/japan/mcafee/support/chat.asp"/>
<url lang="de" partner="339" kb="http://service.mcafee.com/FAQSearch.aspx?lc=1031&amp;sg=TS&amp;pt=1" phone="http://service.mcafee.co
m/LocaleSelect.aspx?lc=1031&amp;sg=TS&amp;pt=2&amp;st=PHONE" chat="http://service.mcafee.com/LocaleSelect.aspx?lc=1031&amp;sg=TS&amp;pt=1&amp;st=CHAT"/>
<url lang="en-us" partner="339" kb="http://service.mcafee.com/FAQSearch.aspx?lc=1033&amp;sg=TS&amp;pt=1" phone="http://service.mcafee.com/LocaleSelect.aspx?lc=1033&amp;sg=TS&amp;pt=2&amp;st=PHONE" chat="http://service.mcafee.com/LocaleSelect.aspx?lc=1033&amp;sg=TS&amp;pt=1&amp;st=CHAT"/>
<url lang="es" partner="339" kb="http://service.mcafee.com/FAQSearch.aspx?lc=3082&amp;sg=TS&amp;pt=1" phone="http://service.mcafee.com/LocaleSelect.aspx?lc=3082&amp;sg=TS&amp;pt=2&amp;st=PHONE" chat="http://service.mcafee.com/LocaleSelect.aspx?lc=3082&amp;sg=TS&amp;pt=1&amp;st=CHAT"/>
<url lang="fr" partner="339" kb="http://service.mcafee.com/FAQSearch.aspx?lc=1036&amp;sg=TS&amp;pt=1" phone="http://service.mcafee.com/LocaleSelect.aspx?lc=1036&amp;sg=TS&amp;pt=2&amp;st=PHONE" chat="http://service.mcafee.com/LocaleSelect.aspx?lc=1036&amp;sg=TS&amp;pt=1&amp;st=CHAT"/>
<url lang="ja" partner="339" kb="http://www.mcafee.com/japan/mcafee/support/default.asp" phone="http://www.mcafee.com/japan/mcafee/support/supportcenter.asp?DeviationLog=MVTDeviationLog.txt" chat="http://www.mcafee.com/japan/mcafee/support/chat.asp?DeviationLog=MVTDeviationLog.txt"/>
<url lang="ko" partner="339" kb="http://service.mcafee.com/FAQSearch.aspx?lc=1042&amp;sg=TS&amp;pt=1" phone="http://service.mcafee.com/LocaleSelect.aspx?lc=1042&amp;sg=TS&amp;pt=2&amp;st=PHONE" chat="http://service.mcafee.com/LocaleSelect.aspx?lc=1042&amp;sg=TS&amp;pt=1&amp;st=CHAT"/>
<url lang="pt-br" partner="339" kb="http://service.mcafee.com/FAQSearch.aspx?lc=1046&amp;sg=TS&amp;pt=1" phone="http://service.mcafee.com/LocaleSelect.aspx?lc=1046&amp;sg=TS&amp;pt=2&amp;st=PHONE" chat="http://service.mcafee.com/LocaleSelect.aspx?lc=1046&amp;sg=TS&amp;pt=1&amp;st=CHAT"/>
<url lang="zh-cn" partner="339" kb="http://service.mcafee.com/FAQSearch.aspx?lc=2052&amp;sg=TS&amp;pt=1" phone="http://service.mcafee.com/LocaleSelect.aspx?lc=2052&amp;sg=TS&amp;pt=2&amp;st=PHONE" chat="http://service.mcafee.com/LocaleSelect.aspx?lc=2052&amp;sg=TS&amp;pt=1&amp;st=CHAT"/>
<url lang="zh-tw" partner="339" kb="http://service.mcafee.com/FAQSearch.aspx?lc=1028&amp;sg=TS&amp;pt=1" phone="http://service.mcafee.com/LocaleSelect.aspx?lc=1028&amp;sg=TS&amp;pt=2&amp;st=PHONE" chat="http://service.mcafee.com/LocaleSelect.aspx?lc=1028&amp;sg=TS&amp;pt=1&amp;st=CHAT"/>
<url lang="en-us" partner="342" kb="http://seguridad.terra.cl/" phone="" chat=""/>
<url lang="en-us" partner="343" kb="http://seguridad.terra.com.mx/ayuda.asp" phone="" chat=""/>
<url lang="ja" partner="345" kb="http://www.mcafee.com/japan/mcafee/support/default.asp" phone="http://www.mcafee.com/japan/mcafee/support/supportcenter.asp" chat="http://www.mcafee.com/japan/mcafee/support/chat.asp"/>
<url lang="ja" partner="346" kb="http://www.mcafee.com/japan/mcafee/support/default.asp" phone="http://www.mcafee.com/japan/mcafee/support/supportcenter.asp" chat="http://www.mcafee.com/japan/mcafee/support/chat.asp"/>
<url lang="ja" partner="364" kb="http://www.mcafee.com/japan/mcafee/support/default.asp" phone="http://www.mcafee.com/japan/mcafee/support/supportcenter.asp" chat="http://www.mcafee.com/japan/mcafee/support/chat.asp"/>
<url lang="de" partner="370" kb="http://service.mcafee.com/Callback.aspx?eventid=partner&amp;partner_id=10004"/>
<url lang="en-us" partner="370" kb="http://service.mcafee.com/Callback.aspx?eventid=partner&amp;partner_id=10004"/>
<url lang="es" partner="370" kb="http://service.mcafee.com/Callback.aspx?eventid=partner&amp;partner_id=10004"/>
<url lang="fr" partner="370" kb="http://service.mcafee.com/Callback.aspx?eventid=partner&amp;partner_id=10004"/>
<url lang="ja" partner="370" kb="http://www.mcafee.com/japan/mcafee/support/default.asp"/><url lang="ko" partner="370" kb="http://service.mcafee.com/Callback.aspx?eventid=partner&amp;partner_id=10004"/>
<url lang="pt-br" partner="370" kb="http://service.mcafee.com/Callback.aspx?eventid=partner&amp;partner_id=10004"/>
<url lang="zh-cn" partner="370" kb="http://service.mcafee.com/Callback.aspx?eventid=partner&amp;partner_id=10004"/>
<url lang="zh-tw" partner="370" kb="http://service.mcafee.com/Callback.aspx?eventid=partner&amp;partner_id=10004"/>
<url lang="ja" partner="372" kb="http://www.mcafee.com/japan/mcafee/support/default.asp" phone="http://www.mcafee.com/japan/mcafee/support/supportcenter.asp" chat="http://www.mcafee.com/japan/mcafee/support/chat.asp"/>
<url lang="es" partner="382" kb="http://www.speedy.com.pe/zs_faq.shtml" phone="http://www.speedy.com.pe/zs_soporte.shtml" chat=""/>
<url lang="ja" partner="383" kb="http://www.mcafee.com/japan/mcafee/support/default.asp" phone="http://www.mcafee.com/japan/mcafee/support/supportcenter.asp" chat="http://www.mcafee.com/japan/mcafee/support/chat.asp"/>
<url lang="ja" partner="387" kb="http://www.mcafee.com/japan/mcafee/support/default.asp" phone="http://www.mcafee.com/japan/mcafee/support/supportcenter.asp" chat="http://www.mcafee.com/japan/mcafee/support/chat.asp"/>
<url lang="en-us" partner="389" kb="http://seguranca.uol.com.br/virus/faq-pc.jhtm" phone="https://sac.uol.com.br/info/conexao/telefones_suporte.jhtm" chat="http://tc.batepapo.uol.com.br/atendimento.jhtm"/>
<url lang="de" partner="390" kb="http://service.mcafee.com/FAQSearch.aspx?lc=1031&amp;sg=TS&amp;pt=1" phone="http://service.mcafee.com/LocaleSelect.aspx?lc=1031&amp;sg=TS&amp;pt=2&amp;st=PHONE" chat="http://service.mcafee.com/LocaleSelect.aspx?lc=1031&amp;sg=TS&amp;pt=1&amp;st=CHAT"/>
<url lang="en-us" partner="390" kb="http://service.mcafee.com/FAQSearch.aspx?lc=1033&amp;sg=TS&amp;pt=1" phone="http://service.mcafee.com/LocaleSelect.aspx?lc=1033&amp;sg=TS&amp;pt=2&amp;st=PHONE" chat="http://service.mcafee.com/LocaleSelect.aspx?lc=1033&amp;sg=TS&amp;pt=1&amp;st=CHAT"/>
<url lang="es" partner="390" kb="http://service.mcafee.com/FAQSearch.aspx?lc=3082&amp;sg=TS&amp;pt=1" phone="http://service.mcafee.com/LocaleSelect.aspx?lc=3082&amp;sg=TS&amp;pt=2&amp;st=PHONE" chat="http://service.mcafee.com/LocaleSelect.aspx?lc=3082&amp;sg=TS&amp;pt=1&amp;st=CHAT"/>
<url lang="fr" partner="390" kb="http://service.mcafee.com/FAQSearch.aspx?lc=1036&amp;sg=TS&amp;pt=1" phone="http://service.mcafee.com/LocaleSelect.aspx?lc=1036&amp;sg=TS&amp;pt=2&amp;st=PHONE" chat="http://service.mcafee.com/LocaleSelect.aspx?lc=1036&amp;sg=TS&amp;pt=1&amp;st=CHAT"/>
<url lang="ja" partner="390" kb="http://www.mcafee.com/japan/mcafee/support/default.asp" phone="http://www.mcafee.com/japan/mcafee/support/supportcenter.asp?DeviationLog=MVTDeviationLog.txt" chat="http://www.mcafee.com/japan/mcafee/support/chat.asp?DeviationLog=MVTDeviationLog.txt"/>
<url lang="ko" partner="390" kb="http://service.mcafee.com/FAQSearch.aspx?lc=1042&amp;sg=TS&amp;pt=1" phone="http://service.mcafee.com/LocaleSelect.aspx?lc=1042&amp;sg=TS&amp;pt=2&amp;st=PHONE" chat="http://service.mcafee.com/LocaleSelect.aspx?lc=1042&amp;sg=TS&amp;pt=1&amp;st=CHAT"/>
<url lang="pt-br" partner="390" kb="http://service.mcafee.com/FAQSearch.aspx?lc=1046&amp;sg=TS&amp;pt=1" phone="http://service.mcafee.com/LocaleSelect.aspx?lc=1046&amp;sg=TS&amp;pt=2&amp;st=PHONE" chat="http://service.mcafee.com/LocaleSelect.aspx?lc=1046&amp;sg=TS&amp;pt=1&amp;st=CHAT"/>
<url lang="zh-cn" partner="390" kb="http://service.mcafee.com/FAQSearch.aspx?lc=2052&amp;sg=TS&amp;pt=1" phone="http://service.mcafee.com/LocaleSelect.aspx?lc=2052&amp;sg=TS&amp;pt=2&amp;st=PHONE" chat="http://service.mcafee.com/LocaleSelect.aspx?lc=2052&amp;sg=TS&amp;pt=1&amp;st=CHAT"/>
<url lang="zh-tw" partner="390" kb="http://service.mcafee.com/FAQSearch.aspx?lc=1028&amp;sg=TS&amp;pt=1" phone="http://service.mcafee.com/LocaleSelect.aspx?lc=1028&amp;sg=TS&amp;pt=2&amp;st=PHONE" chat="http://service.mcafee.com/LocaleSelect.aspx?lc=1028&amp;sg=TS&amp;pt=1&amp;st=CHAT"/>
<url lang="en-us" partner="392" kb="http://seguridad.terra.com.pe/ayuda/ayuda.asp" phone="" chat=""/>
<url lang="en-us" partner="394" kb="http://www.speedy.com.ar/productos/seguridad/ayuda.shtml" phone="" chat=""/>
<url lang="ja" partner="395" kb="http://www.mcafee.com/japan/mcafee/support/default.asp" phone="http://www.mcafee.com/japan/mcafee/support/supportcenter.asp" chat="http://www.mcafee.com/japan/mcafee/support/chat.asp"/>
<url lang="de" partner="413" kb="http://service.mcafee.com/FAQSearch.aspx?lc=1031&amp;sg=TS&amp;pt=1" phone="http://service.mcafee.com/LocaleSelect.aspx?lc=1031&amp;sg=TS&amp;pt=2&amp;st=PHONE" chat="http://service.mcafee.com/LocaleSelect.aspx?lc=1031&amp;sg=TS&amp;pt=1&amp;st=CHAT"/>
<url lang="en-us" partner="413" kb="http://service.mcafee.com/FAQSearch.aspx?lc=1033&amp;sg=TS&amp;pt=1" phone="http://service.mcafee.com/LocaleSelect.aspx?lc=1033&amp;sg=TS&amp;pt=2&amp;st=PHONE" chat="http://service.mcafee.com/LocaleSelect.aspx?lc=1033&amp;sg=TS&amp;pt=1&amp;st=CHAT"/>
<url lang="es" partner="413" kb="http://service.mcafee.com/FAQSearch.aspx?lc=3082&amp;sg=TS&amp;pt=1" phone="http://service.mcafee.com/LocaleSelect.aspx?lc=3082&amp;sg=TS&amp;pt=2&amp;st=PHONE" chat="http://service.mcafee.com/LocaleSelect.aspx?lc=3082&amp;sg=TS&amp;pt=1&amp;st=CHAT"/>
<url lang="fr" partner="413" kb="http://service.mcafee.com/FAQSearch.aspx?lc=1036&amp;sg=TS&amp;pt=1" phone="http://service.mcafee.com/LocaleSelect.aspx?lc=1036&amp;sg=TS&amp;pt=2&amp;st=PHONE" chat="http://service.mcafee.com/LocaleSelect.aspx?lc=1036&amp;sg=TS&amp;pt=1&amp;st=CHAT"/>
<url lang="ja" partner="413" kb="http://www.mcafee.com/japan/mcafee/support/default.asp" phone="http://www.mcafee.com/japan/mcafee/support/supportcenter.asp?DeviationLog=MVTDeviationLog.txt" chat="http://www.mcafee.com/japan/mcafee/support/chat.asp?DeviationLog=MVTDeviationLog.txt"/>
<url lang="ko" partner="413" kb="http://service.mcafee.com/FAQSearch.aspx?lc=1042&amp;sg=TS&amp;pt=1" phone="http://service.mcafee.com/LocaleSelect.aspx?lc=1042&amp;sg=TS&amp;pt=2&amp;st=PHONE" chat="http://service.mcafee.com/LocaleSelect.aspx?lc=1042&amp;sg=TS&amp;pt=1&amp;st=CHAT"/>
<url lang="pt-br" partner="413" kb="http://service.mcafee.com/FAQSearch.aspx?lc=1046&amp;sg=TS&amp;pt=1" phone="http://service.mcafee.com/LocaleSelect.aspx?lc=1046&amp;sg=TS&amp;pt=2&amp;st=PHONE" chat="http://service.mcafee.com/LocaleSelect.aspx?lc=1046&amp;sg=TS&amp;pt=1&amp;st=CHAT"/>
<url lang="zh-cn" partner="413" kb="http://service.mcafee.com/FAQSearch.aspx?lc=2052&amp;sg=TS&amp;pt=1" phone="http://service.mcafee.com/LocaleSelect.aspx?lc=2052&amp;sg=TS&amp;pt=2&amp;st=PHONE" chat="http://service.mcafee.com/LocaleSelect.aspx?lc=2052&amp;sg=TS&amp;pt=1&amp;st=CHAT"/>
<url lang="zh-tw" partner="413" kb="http://service.mcafee.com/FAQSearch.aspx?lc=1028&amp;sg=TS&amp;pt=1" phone="http://service.mcafee.com/LocaleSelect.aspx?lc=1028&amp;sg=TS&amp;pt=2&amp;st=PHONE" chat="http://service.mcafee.com/LocaleSelect.aspx?lc=1028&amp;sg=TS&amp;pt=1&amp;st=CHAT"/>
<url lang="en-us" partner="430" kb="http://seguridad.terra.com.co/ayuda" phone="" chat=""/>
<url lang="ja" partner="446" kb="http://www.mcafee.com/japan/mcafee/support/default.asp" phone="http://www.mcafee.com/japan/mcafee/support/supportcenter.asp" chat="http://www.mcafee.com/japan/mcafee/support/chat.asp"/>
<url lang="de" partner="453" kb="http://service.mcafee.com/FAQSearch.aspx?lc=1031&amp;sg=TS&amp;pt=1" phone="http://service.mcafee.com/LocaleSelect.aspx?lc=1031&amp;sg=TS&amp;pt=2&amp;st=PHONE" chat="http://service.mcafee.com/LocaleSelect.aspx?lc=1031&amp;sg=TS&amp;pt=1&amp;st=CHAT"/>
<url lang="ja" partner="454" kb="http://www.mcafee.com/japan/mcafee/support/default.asp" phone="http://www.mcafee.com/japan/mcafee/support/supportcenter.asp" chat="http://www.mcafee.com/japan/mcafee/support/chat.asp"/>
<url lang="en-us" partner="499" kb="http://service.mcafee.com/FAQSearch.aspx?lc=2057&amp;sg=TS&amp;pt=1" phone="http://service.mcafee.com/LocaleSelect.aspx?lc=2057&amp;sg=TS&amp;pt=2&amp;st=PHONE" chat="http://service.mcafee.com/LocaleSelect.aspx?lc=2057&amp;sg=TS&amp;pt=1&amp;st=CHAT"/>
<url lang="en-us" partner="502" kb="http://service.mcafee.com/FAQSearch.aspx?lc=2057&amp;sg=TS&amp;pt=1"/>
<url lang="de" partner="505" kb="http://service.mcafee.com/FAQSearch.aspx?lc=1031&amp;sg=TS&amp;pt=1"/>
<url lang="en-us" partner="507" kb="http://service.mcafee.com/FAQSearch.aspx?lc=2052&amp;sg=TS&amp;pt=1" phone="http://www.chinaunicom.com.cn/services/file1.html" chat="http://service.mcafee.com/LocaleSelect.aspx?lc=2052&amp;sg=TS&amp;pt=1&amp;st=CHAT"/>
<url lang="fr" partner="508" kb="http://service.mcafee.com/FAQSearch.aspx?lc=1036&amp;sg=TS&amp;pt=1"/>
<url lang="de" partner="518" kb="http://service.mcafee.com/FAQSearch.aspx?lc=1031&amp;sg=TS&amp;pt=1" phone="http://service.mcafee.com/LocaleSelect.aspx?lc=1031&amp;sg=TS&amp;pt=2&amp;st=PHONE" chat="http://service.mcafee.com/LocaleSelect.aspx?lc=1031&amp;sg=TS&amp;pt=1&amp;st=CHAT"/>
<url lang="en-us" partner="518" kb="http://service.mcafee.com/FAQSearch.aspx?lc=1033&amp;sg=TS&amp;pt=1" phone="http://service.mcafee.com/LocaleSelect.aspx?lc=1033&amp;sg=TS&amp;pt=2&amp;st=PHONE" chat="http://service.mcafee.com/LocaleSelect.aspx?lc=1033&amp;sg=TS&amp;pt=1&amp;st=CHAT"/>
<url lang="es" partner="518" kb="http://service.mcafee.com/FAQSearch.aspx?lc=3082&amp;sg=TS&amp;pt=1" phone="http://service.mcafee.com/LocaleSelect.aspx?lc=3082&amp;sg=TS&amp;pt=2&amp;st=PHONE" chat="http://service.mcafee.com/LocaleSelect.aspx?lc=3082&amp;sg=TS&amp;pt=1&amp;st=CHAT"/>
<url lang="fr" partner="518" kb="http://service.mcafee.com/FAQSearch.aspx?lc=1036&amp;sg=TS&amp;pt=1" phone="http://service.mcafee.com/LocaleSelect.aspx?lc=1036&amp;sg=TS&amp;pt=2&amp;st=PHONE" chat="http://service.mcafee.com/LocaleSelect.aspx?lc=1036&amp;sg=TS&amp;pt=1&amp;st=CHAT"/>
<url lang="ja" partner="518" kb="http://www.mcafee.com/japan/mcafee/support/default.asp" phone="http://www.mcafee.com/japan/mcafee/support/supportcenter.asp?DeviationLog=MVTDeviationLog.txt" chat="http://www.mcafee.com/japan/mcafee/support/chat.asp?DeviationLog=MVTDeviationLog.txt"/>
<url lang="ko" partner="518" kb="http://service.mcafee.com/FAQSearch.aspx?lc=1042&amp;sg=TS&amp;pt=1" phone="http://service.mcafee.com/LocaleSelect.aspx?lc=1042&amp;sg=TS&amp;pt=2&amp;st=PHONE" chat="http://service.mcafee.com/LocaleSelect.aspx?lc=1042&amp;sg=TS&amp;pt=1&amp;st=CHAT"/>
<url lang="pt-br" partner="518" kb="http://service.mcafee.com/FAQSearch.aspx?lc=1046&amp;sg=TS&amp;pt=1" phone="http://service.mcafee.com/LocaleSelect.aspx?lc=1046&amp;sg=TS&amp;pt=2&amp;st=PHONE" chat="http://service.mcafee.com/LocaleSelect.aspx?lc=1046&amp;sg=TS&amp;pt=1&amp;st=CHAT"/>
<url lang="zh-cn" partner="518" kb="http://service.mcafee.com/FAQSearch.aspx?lc=2052&amp;sg=TS&amp;pt=1" phone="http://service.mcafee.com/LocaleSelect.aspx?lc=2052&amp;sg=TS&amp;pt=2&amp;st=PHONE" chat="http://service.mcafee.com/LocaleSelect.aspx?lc=2052&amp;sg=TS&amp;pt=1&amp;st=CHAT"/>
<url lang="zh-tw" partner="518" kb="http://service.mcafee.com/FAQSearch.aspx?lc=1028&amp;sg=TS&amp;pt=1" phone="http://service.mcafee.com/LocaleSelect.aspx?lc=1028&amp;sg=TS&amp;pt=2&amp;st=PHONE" chat="http://service.mcafee.com/LocaleSelect.aspx?lc=1028&amp;sg=TS&amp;pt=1&amp;st=CHAT"/>
<url lang="de" partner="529" kb="http://service.mcafee.com/FAQSearch.aspx?lc=1031&amp;sg=TS&amp;pt=1"/>
<url lang="en-us" partner="531" kb="http://service.mcafee.com/FAQSearch.aspx?lc=2057&amp;sg=TS&amp;pt=1"/>
<url lang="de" partner="532" kb="http://service.mcafee.com/FAQSearch.aspx?lc=1031&amp;sg=TS&amp;pt=1" phone="http://service.mcafee.com/LocaleSelect.aspx?lc=1031&amp;sg=TS&amp;pt=2&amp;st=PHONE" chat="http://service.mcafee.com/LocaleSelect.aspx?lc=1031&amp;sg=TS&amp;pt=1&amp;st=CHAT"/>
<url lang="en-gb" partner="532" kb="http://service.mcafee.com/FAQSearch.aspx?lc=2057&amp;sg=TS&amp;pt=1" phone="http://service.mcafee.com/LocaleSelect.aspx?lc=2057&amp;sg=TS&amp;pt=2&amp;st=PHONE" chat="http://service.mcafee.com/LocaleSelect.aspx?lc=2057&amp;sg=TS&amp;pt=1&amp;st=CHAT"/>
<url lang="en-us" partner="532" kb="http://service.mcafee.com/FAQSearch.aspx?lc=1033&amp;sg=TS&amp;pt=1" phone="http://service.mcafee.com/LocaleSelect.aspx?lc=1033&amp;sg=TS&amp;pt=2&amp;st=PHONE" chat="http://service.mcafee.com/LocaleSelect.aspx?lc=1033&amp;sg=TS&amp;pt=1&amp;st=CHAT"/>
<url lang="es" partner="532" kb="http://service.mcafee.com/FAQSearch.aspx?lc=3082&amp;sg=TS&amp;pt=1" phone="http://service.mcafee.com/LocaleSelect.aspx?lc=3082&amp;sg=TS&amp;pt=2&amp;st=PHONE" chat="http://service.mcafee.com/LocaleSelect.aspx?lc=3082&amp;sg=TS&amp;pt=1&amp;st=CHAT"/>
<url lang="fr" partner="532" kb="http://service.mcafee.com/FAQSearch.aspx?lc=1036&amp;sg=TS&amp;pt=1" phone="http://service.mcafee.com/LocaleSelect.aspx?lc=1036&amp;sg=TS&amp;pt=2&amp;st=PHONE" chat="http://service.mcafee.com/LocaleSelect.aspx?lc=1036&amp;sg=TS&amp;pt=1&amp;st=CHAT"/>
<url lang="it" partner="532" kb="http://service.mcafee.com/FAQSearch.aspx?lc=1040&amp;sg=TS&amp;pt=1" phone="http://service.mcafee.com/LocaleSelect.aspx?lc=1040&amp;sg=TS&amp;pt=2&amp;st=PHONE" chat="http://service.mcafee.com/LocaleSelect.aspx?lc=1040&amp;sg=TS&amp;pt=1&amp;st=CHAT"/>
<url lang="ko" partner="532" kb="http://service.mcafee.com/FAQSearch.aspx?lc=1042&amp;sg=TS&amp;pt=1" phone="http://www.zaigen.co.kr" chat="http://service.mcafee.com/LocaleSelect.aspx?lc=1042&amp;sg=TS&amp;pt=1&amp;st=CHAT"/>
<url lang="nl" partner="532" kb="http://service.mcafee.com/FAQSearch.aspx?lc=1043&amp;sg=TS&amp;pt=1" phone="http://service.mcafee.com/LocaleSelect.aspx?lc=1043&amp;sg=TS&amp;pt=2&amp;st=PHONE" chat="http://service.mcafee.com/LocaleSelect.aspx?lc=1043&amp;sg=TS&amp;pt=1&amp;st=CHAT"/>
<url lang="tr" partner="532" kb="http://service.mcafee.com/FAQSearch.aspx?lc=1055&amp;sg=TS&amp;pt=1" phone="http://service.mcafee.com/LocaleSelect.aspx?lc=1055&amp;sg=TS&amp;pt=2&amp;st=PHONE" chat="http://service.mcafee.com/LocaleSelect.aspx?lc=1055&amp;sg=TS&amp;pt=1&amp;st=CHAT"/>
<url lang="zh-cn" partner="532" kb="http://service.mcafee.com/FAQSearch.aspx?lc=2052&amp;sg=TS&amp;pt=1" phone="http://service.mcafee.com/LocaleSelect.aspx?lc=2052&amp;sg=TS&amp;pt=2&amp;st=PHONE" chat="http://service.mcafee.com/LocaleSelect.aspx?lc=2052&amp;sg=TS&amp;pt=1&amp;st=CHAT"/>
<url lang="zh-tw" partner="532" kb="http://service.mcafee.com/FAQSearch.aspx?lc=1028&amp;sg=TS&amp;pt=1" phone="http://service.mcafee.com/LocaleSelect.aspx?lc=1028&amp;sg=TS&amp;pt=2&amp;st=PHONE" chat="http://service.mcafee.com/LocaleSelect.aspx?lc=1028&amp;sg=TS&amp;pt=1&amp;st=CHAT"/>
<url lang="en-us" partner="536" kb="http://www.cwpanama.com/McafeeRegistro/opciones.asp?id=FAQ" phone="" chat=""/>
<url lang="de" partner="544" kb="http://service.mcafee.com/FAQSearch.aspx?lc=1031&amp;sg=TS&amp;pt=1" phone="http://service.mcafee.com/LocaleSelect.aspx?lc=1031&amp;sg=TS&amp;pt=2&amp;st=PHONE" chat="http://service.mcafee.com/LocaleSelect.aspx?lc=1031&amp;sg=TS&amp;pt=1&amp;st=CHAT"/><url lang="da" partner="550" kb="http://service.mcafee.com/FAQSearch.aspx?lc=1030&amp;sg=TS&amp;pt=1"/>
<url lang="de" partner="550" kb="http://service.mcafee.com/FAQSearch.aspx?lc=1031&amp;sg=TS&amp;pt=1"/>
<url lang="en-gb" partner="550" kb="http://service.mcafee.com/FAQSearch.aspx?lc=2057&amp;sg=TS&amp;pt=1"/>
<url lang="en-us" partner="550" kb="http://service.mcafee.com/FAQSearch.aspx?lc=1033&amp;sg=TS&amp;pt=1"/>
<url lang="es" partner="550" kb="http://service.mcafee.com/FAQSearch.aspx?lc=3082&amp;sg=TS&amp;pt=1"/>
<url lang="fr" partner="550" kb="http://service.mcafee.com/FAQSearch.aspx?lc=1036&amp;sg=TS&amp;pt=1"/>
<url lang="it" partner="550" kb="http://service.mcafee.com/FAQSearch.aspx?lc=1040&amp;sg=TS&amp;pt=1"/>
<url lang="ja" partner="550" kb="http://www.mcafee.com/japan/mcafee/support/default.asp"/>
<url lang="ko" partner="550" kb="http://service.mcafee.com/FAQSearch.aspx?lc=1042&amp;sg=TS&amp;pt=1"/>
<url lang="nl" partner="550" kb="http://service.mcafee.com/FAQSearch.aspx?lc=1043&amp;sg=TS&amp;pt=1"/>
<url lang="no" partner="550" kb="http://service.mcafee.com/FAQSearch.aspx?lc=1044&amp;sg=TS&amp;pt=1"/>
<url lang="pl" partner="550" kb="http://service.mcafee.com/FAQSearch.aspx?lc=1045&amp;sg=TS&amp;pt=1"/>
<url lang="pt-br" partner="550" kb="http://service.mcafee.com/FAQSearch.aspx?lc=1046&amp;sg=TS&amp;pt=1"/>
<url lang="zh-cn" partner="550" kb="http://service.mcafee.com/FAQSearch.aspx?lc=2052&amp;sg=TS&amp;pt=1"/>
<url lang="zh-tw" partner="550" kb="http://service.mcafee.com/FAQSearch.aspx?lc=1028&amp;sg=TS&amp;pt=1"/>
<url lang="de" partner="560" kb="http://service.mcafee.com/FAQSearch.aspx?lc=1031&amp;sg=TS&amp;pt=1" phone="http://service.mcafee.com/LocaleSelect.aspx?lc=1031&amp;sg=TS&amp;pt=2&amp;st=PHONE" chat="http://service.mcafee.com/LocaleSelect.aspx?lc=1031&amp;sg=TS&amp;pt=1&amp;st=CHAT"/>
<url lang="en-gb" partner="560" kb="http://service.mcafee.com/FAQSearch.aspx?lc=2057&amp;sg=TS&amp;pt=1" phone="http://service.mcafee.com/LocaleSelect.aspx?lc=2057&amp;sg=TS&amp;pt=2&amp;st=PHONE" chat="http://service.mcafee.com/LocaleSelect.aspx?lc=2057&amp;sg=TS&amp;pt=1&amp;st=CHAT"/>
<url lang="en-us" partner="560" kb="http://service.mcafee.com/FAQSearch.aspx?lc=1033&amp;sg=TS&amp;pt=1" phone="http://service.mcafee.com/LocaleSelect.aspx?lc=1033&amp;sg=TS&amp;pt=2&amp;st=PHONE" chat="http://service.mcafee.com/LocaleSelect.aspx?lc=1033&amp;sg=TS&amp;pt=1&amp;st=CHAT"/>
<url lang="fr" partner="560" kb="http://service.mcafee.com/FAQSearch.aspx?lc=1036&amp;sg=TS&amp;pt=1" phone="http://service.mcafee.com/LocaleSelect.aspx?lc=1036&amp;sg=TS&amp;pt=2&amp;st=PHONE" chat="http://service.mcafee.com/LocaleSelect.aspx?lc=1036&amp;sg=TS&amp;pt=1&amp;st=CHAT"/>
<url lang="it" partner="560" kb="http://service.mcafee.com/FAQSearch.aspx?lc=1040&amp;sg=TS&amp;pt=1" phone="http://service.mcafee.com/LocaleSelect.aspx?lc=1040&amp;sg=TS&amp;pt=2&amp;st=PHONE" chat="http://service.mcafee.com/LocaleSelect.aspx?lc=1040&amp;sg=TS&amp;pt=1&amp;st=CHAT"/>
<url lang="en-us" partner="571" kb="http://service.mcafee.com/FAQSearch.aspx?lc=2057&amp;sg=TS&amp;pt=1" phone="http://service.mcafee.com/LocaleSelect.aspx?lc=2057&amp;sg=TS&amp;pt=2&amp;st=PHONE" chat="http://service.mcafee.com/LocaleSelect.aspx?lc=2057&amp;sg=TS&amp;pt=1&amp;st=CHAT"/>
<url lang="en-us" partner="606" kb="http://service.mcafee.com/FAQSearch.aspx?lc=1033&amp;sg=TS&amp;pt=1" phone="http://service.mcafee.com/LocaleSelect.aspx?lc=1033&amp;sg=TS&amp;pt=2&amp;st=PHONE" chat="http://service.mcafee.com/LocaleSelect.aspx?lc=1033&amp;sg=TS&amp;pt=1&amp;st=CHAT"/>
<url lang="ja" partner="607" kb="http://www.mcafee.com/japan/mcafee/support/default.asp" phone="http://www.mcafee.com/japan/mcafee/support/supportcenter.asp" chat="http://www.mcafee.com/japan/mcafee/support/chat.asp"/>
<url lang="ja" partner="608" kb="http://www.mcafee.com/japan/mcafee/support/default.asp" phone="http://www.mcafee.com/japan/mcafee/support/supportcenter.asp" chat="http://www.mcafee.com/japan/mcafee/support/chat.asp"/>
<url lang="es" partner="625" kb="http://www.cablevision.net.mx/atn_clientes/atencion_clientes.html" phone="http://www.cablevision.net.mx/contacto/cont_telefono.html" chat=""/>
<url lang="de" partner="641" kb="http://service.mcafee.com/FAQSearch.aspx?lc=1031&amp;sg=TS&amp;pt=1" phone="http://service.mcafee.com/LocaleSelect.aspx?lc=1031&amp;sg=TS&amp;pt=2&amp;st=PHONE" chat="http://service.mcafee.com/LocaleSelect.aspx?lc=1031&amp;sg=TS&amp;pt=1&amp;st=CHAT"/>
<url lang="ja" partner="648" kb="http://www.mcafee.com/japan/mcafee/support/default.asp" phone="http://www.mcafee.com/japan/mcafee/support/supportcenter.asp" chat="http://www.mcafee.com/japan/mcafee/support/chat.asp"/>
<url lang="ko" partner="648" kb="http://service.mcafee.com/FAQSearch.aspx?lc=1042&amp;sg=TS&amp;pt=1" phone="http://service.mcafee.com/LocaleSelect.aspx?lc=1042&amp;sg=TS&amp;pt=1&amp;st=PHONE" chat="http://service.mcafee.com/LocaleSelect.aspx?lc=1042&amp;sg=TS&amp;pt=1&amp;st=CHAT"/>
<url lang="zh-cn" partner="648" kb="http://service.mcafee.com/FAQSearch.aspx?lc=2052&amp;sg=TS&amp;pt=1" phone="http://service.mcafee.com/LocaleSelect.aspx?lc=2052&amp;sg=TS&amp;pt=1&amp;st=PHONE" chat="http://service.mcafee.com/LocaleSelect.aspx?lc=2052&amp;sg=TS&amp;pt=1&amp;st=CHAT"/>
<url lang="zh-tw" partner="648" kb="http://service.mcafee.com/FAQSearch.aspx?lc=1028&amp;sg=TS&amp;pt=1" phone="http://service.mcafee.com/LocaleSelect.aspx?lc=1028&amp;sg=TS&amp;pt=1&amp;st=PHONE" chat="http://service.mcafee.com/LocaleSelect.aspx?lc=1028&amp;sg=TS&amp;pt=1&amp;st=CHAT"/>
<url lang="cs" partner="649" kb="http://service.mcafee.com/FAQSearch.aspx?lc=1029&amp;sg=TS&amp;pt=1" phone="http://service.mcafee.com/LocaleSelect.aspx?lc=1029&amp;sg=TS&amp;pt=1&amp;st=PHONE" chat="http://service.mcafee.com/LocaleSelect.aspx?lc=1029&amp;sg=TS&amp;pt=1&amp;st=CHAT"/>
<url lang="de" partner="649" kb="http://service.mcafee.com/FAQSearch.aspx?lc=1031&amp;sg=TS&amp;pt=1" phone="http://service.mcafee.com/LocaleSelect.aspx?lc=1031&amp;sg=TS&amp;pt=2&amp;st=PHONE" chat="http://service.mcafee.com/LocaleSelect.aspx?lc=1031&amp;sg=TS&amp;pt=1&amp;st=CHAT"/>
<url lang="en-gb" partner="649" kb="http://service.mcafee.com/FAQSearch.aspx?lc=2057&amp;sg=TS&amp;pt=1" phone="http://service.mcafee.com/LocaleSelect.aspx?lc=1031&amp;sg=TS&amp;pt=2&amp;st=PHONE" chat="http://service.mcafee.com/LocaleSelect.aspx?lc=2057&amp;sg=TS&amp;pt=1&amp;st=CHAT"/>
<url lang="es" partner="649" kb="http://service.mcafee.com/FAQSearch.aspx?lc=3082&amp;sg=TS&amp;pt=1" phone="http://service.mcafee.com/LocaleSelect.aspx?lc=3082&amp;sg=TS&amp;pt=2&amp;st=PHONE" chat="http://service.mcafee.com/LocaleSelect.aspx?lc=3082&amp;sg=TS&amp;pt=1&amp;st=CHAT"/>
<url lang="fr" partner="649" kb="http://service.mcafee.com/FAQSearch.aspx?lc=1036&amp;sg=TS&amp;pt=1" phone="http://service.mcafee.com/LocaleSelect.aspx?lc=1036&amp;sg=TS&amp;pt=2&amp;st=PHONE" chat="http://service.mcafee.com/LocaleSelect.aspx?lc=1036&amp;sg=TS&amp;pt=1&amp;st=CHAT"/>
<url lang="it" partner="649" kb="http://service.mcafee.com/FAQSearch.aspx?lc=1040&amp;sg=TS&amp;pt=1" phone="http://service.mcafee.com/LocaleSelect.aspx?lc=1040&amp;sg=TS&amp;pt=1&amp;st=PHONE" chat="http://service.mcafee.com/LocaleSelect.aspx?lc=1040&amp;sg=TS&amp;pt=1&amp;st=CHAT"/>
<url lang="nl" partner="649" kb="http://service.mcafee.com/FAQSearch.aspx?lc=1043&amp;sg=TS&amp;pt=1" phone="http://service.mcafee.com/LocaleSelect.aspx?lc=1043&amp;sg=TS&amp;pt=2&amp;st=PHONE" chat="http://service.mcafee.com/LocaleSelect.aspx?lc=1043&amp;sg=TS&amp;pt=1&amp;st=CHAT"/>
<url lang="pl" partner="649" kb="http://service.mcafee.com/FAQSearch.aspx?lc=1045&amp;sg=TS&amp;pt=1" phone="http://service.mcafee.com/LocaleSelect.aspx?lc=1045&amp;sg=TS&amp;pt=1&amp;st=PHONE" chat="http://service.mcafee.com/LocaleSelect.aspx?lc=1045&amp;sg=TS&amp;pt=1&amp;st=CHAT"/>
<url lang="tr" partner="649" kb="http://service.mcafee.com/FAQSearch.aspx?lc=1055&amp;sg=TS&amp;pt=1" phone="http://service.mcafee.com/LocaleSelect.aspx?lc=1055&amp;sg=TS&amp;pt=1&amp;st=PHONE" chat="http://service.mcafee.com/LocaleSelect.aspx?lc=1055&amp;sg=TS&amp;pt=1&amp;st=CHAT"/>
<url lang="nl" partner="654" kb="http://www.online.nl/veiligheid/mcafee9" phone="http://www.online.nl/veiligheid/mcafee10"/>
<url lang="cs" partner="662" kb="http://service.mcafee.com/FAQSearch.aspx?lc=1029&amp;sg=TS&amp;pt=1" phone="http://service.mcafee.com/LocaleSelect.aspx?lc=1029&amp;sg=TS&amp;pt=2&amp;st=PHONE" chat="http://service.mcafee.com/LocaleSelect.aspx?lc=1029&amp;sg=TS&amp;pt=1&amp;st=CHAT"/>
<url lang="da" partner="662" kb="http://service.mcafee.com/FAQSearch.aspx?lc=1030&amp;sg=TS&amp;pt=1" phone="http://service.mcafee.com/LocaleSelect.aspx?lc=1030&amp;sg=TS&amp;pt=2&amp;st=PHONE" chat="http://service.mcafee.com/LocaleSelect.aspx?lc=1030&amp;sg=TS&amp;pt=1&amp;st=CHAT"/>
<url lang="de" partner="662" kb="http://service.mcafee.com/FAQSearch.aspx?lc=1031&amp;sg=TS&amp;pt=1" phone="http://service.mcafee.com/LocaleSelect.aspx?lc=1031&amp;sg=TS&amp;pt=2&amp;st=PHONE" chat="http://service.mcafee.com/LocaleSelect.aspx?lc=1031&amp;sg=TS&amp;pt=1&amp;st=CHAT"/>
<url lang="en-gb" partner="662" kb="http://service.mcafee.com/FAQSearch.aspx?lc=2057&amp;sg=TS&amp;pt=1" phone="http://service.mcafee.com/LocaleSelect.aspx?lc=2057&amp;sg=TS&amp;pt=2&amp;st=PHONE" chat="http://service.mcafee.com/LocaleSelect.aspx?lc=2057&amp;sg=TS&amp;pt=1&amp;st=CHAT"/>
<url lang="en-us" partner="662" kb="http://service.mcafee.com/FAQSearch.aspx?lc=1033&amp;sg=TS&amp;pt=1p" phone="http://service.mcafee.com/LocaleSelect.aspx?lc=1033&amp;sg=TS&amp;pt=2&amp;st=PHONE" chat="http://service.mcafee.com/LocaleSelect.aspx?lc=1033&amp;sg=TS&amp;pt=1&amp;st=CHAT"/>
<url lang="es" partner="662" kb="http://service.mcafee.com/FAQSearch.aspx?lc=3082&amp;sg=TS&amp;pt=1" phone="http://service.mcafee.com/LocaleSelect.aspx?lc=3082&amp;sg=TS&amp;pt=2&amp;st=PHONE" chat="http://service.mcafee.com/LocaleSelect.aspx?lc=3082&amp;sg=TS&amp;pt=1&amp;st=CHAT"/>
<url lang="fr" partner="662" kb="http://service.mcafee.com/FAQSearch.aspx?lc=1036&amp;sg=TS&amp;pt=1" phone="http://service.mcafee.com/LocaleSelect.aspx?lc=1036&amp;sg=TS&amp;pt=2&amp;st=PHONE" chat="http://service.mcafee.com/LocaleSelect.aspx?lc=1036&amp;sg=TS&amp;pt=1&amp;st=CHAT"/>
<url lang="it" partner="662" kb="http://service.mcafee.com/FAQSearch.aspx?lc=1040&amp;sg=TS&amp;pt=1" phone="http://service.mcafee.com/LocaleSelect.aspx?lc=1040&amp;sg=TS&amp;pt=2&amp;st=PHONE" chat="http://service.mcafee.com/LocaleSelect.aspx?lc=1040&amp;sg=TS&amp;pt=1&amp;st=CHAT"/>
<url lang="ja" partner="662" kb="http://service.mcafee.com/FAQSearch.aspx?lc=1041&amp;sg=TS&amp;pt=1" phone="http://service.mcafee.com/LocaleSelect.aspx?lc=1041&amp;sg=TS&amp;pt=2&amp;st=PHONE" chat="http://service.mcafee.com/LocaleSelect.aspx?lc=1041&amp;sg=TS&amp;pt=1&amp;st=CHAT"/>
<url lang="nl" partner="662" kb="http://service.mcafee.com/FAQSearch.aspx?lc=1043&amp;sg=TS&amp;pt=1" phone="http://service.mcafee.com/LocaleSelect.aspx?lc=1043&amp;sg=TS&amp;pt=2&amp;st=PHONE" chat="http://service.mcafee.com/LocaleSelect.aspx?lc=1043&amp;sg=TS&amp;pt=1&amp;st=CHAT"/>
<url lang="no" partner="662" kb="http://service.mcafee.com/FAQSearch.aspx?lc=1044&amp;sg=TS&amp;pt=1" phone="http://service.mcafee.com/LocaleSelect.aspx?lc=1044&amp;sg=TS&amp;pt=2&amp;st=PHONE" chat="http://service.mcafee.com/LocaleSelect.aspx?lc=1044&amp;sg=TS&amp;pt=1&amp;st=CHAT"/>
<url lang="pl" partner="662" kb="http://service.mcafee.com/FAQSearch.aspx?lc=1045&amp;sg=TS&amp;pt=1" phone="http://service.mcafee.com/LocaleSelect.aspx?lc=1045&amp;sg=TS&amp;pt=2&amp;st=PHONE" chat="http://service.mcafee.com/LocaleSelect.aspx?lc=1045&amp;sg=TS&amp;pt=1&amp;st=CHAT"/>
<url lang="pt-br" partner="662" kb="http://service.mcafee.com/FAQSearch.aspx?lc=1046&amp;sg=TS&amp;pt=1" phone="http://service.mcafee.com/LocaleSelect.aspx?lc=1046&amp;sg=TS&amp;pt=2&amp;st=PHONE" chat="http://service.mcafee.com/LocaleSelect.aspx?lc=1046&amp;sg=TS&amp;pt=1&amp;st=CHAT"/>
<url lang="sv" partner="662" kb="http://service.mcafee.com/FAQSearch.aspx?lc=1053&amp;sg=TS&amp;pt=1" phone="http://service.mcafee.com/LocaleSelect.aspx?lc=1053&amp;sg=TS&amp;pt=2&amp;st=PHONE" chat="http://service.mcafee.com/LocaleSelect.aspx?lc=1053&amp;sg=TS&amp;pt=1&amp;st=CHAT"/>
<url lang="tr" partner="662" kb="http://service.mcafee.com/FAQSearch.aspx?lc=1055&amp;sg=TS&amp;pt=1" phone="http://service.mcafee.com/LocaleSelect.aspx?lc=1055&amp;sg=TS&amp;pt=2&amp;st=PHONE" chat="http://service.mcafee.com/LocaleSelect.aspx?lc=1055&amp;sg=TS&amp;pt=1&amp;st=CHAT"/>
<url lang="zh-tw" partner="662" kb="http://service.mcafee.com/FAQSearch.aspx?lc=3076&amp;sg=TS&amp;pt=1" phone="http://service.mcafee.com/LocaleSelect.aspx?lc=3076&amp;sg=TS&amp;pt=2&amp;st=PHONE" chat="http://service.mcafee.com/LocaleSelect.aspx?lc=3076&amp;sg=TS&amp;pt=1&amp;st=CHAT"/>
<url lang="en-us" partner="665" kb="http://service.mcafee.com/FAQSearch.aspx?lc=1033&amp;sg=TS&amp;pt=1" phone="http://service.mcafee.com/LocaleSelect.aspx?lc=1033&amp;sg=TS&amp;pt=2&amp;st=PHONE" chat="http://service.mcafee.com/LocaleSelect.aspx?lc=1033&amp;sg=TS&amp;pt=1&amp;st=CHAT"/>
<url lang="es" partner="711" kb="http://mcafee.titanssolutions.net/MX/FAQ" phone="http://mcafee.titanssolutions.net/MX/tel" chat="http://mcafee.titanssolutions.net/MX/chat"/>
<url lang="pt-br" partner="712" kb="http://mcafee.titanssolutions.net/BR/FAQ" phone="http://mcafee.titanssolutions.net/BR/tel" chat="http://mcafee.titanssolutions.net/BR/chat"/>
<url lang="en-us" partner="739" kb="http://service.mcafee.com/FAQSearch.aspx?lc=1033&amp;sg=TS&amp;pt=1" phone="http://service.mcafee.com/LocaleSelect.aspx?lc=1033&amp;sg=TS&amp;pt=2&amp;st=PHONE" chat="http://service.mcafee.com/LocaleSelect.aspx?lc=1033&amp;sg=TS&amp;pt=1&amp;st=CHAT"/>
<url lang="en-gb" partner="739" kb="http://service.mcafee.com/FAQSearch.aspx?lc=2057&amp;sg=TS&amp;pt=1" phone="http://service.mcafee.com/LocaleSelect.aspx?lc=2057&amp;sg=TS&amp;pt=2&amp;st=PHONE" chat="http://service.mcafee.com/LocaleSelect.aspx?lc=2057&amp;sg=TS&amp;pt=1&amp;st=CHAT"/>
<url lang="ja" partner="739" kb="http://www.mcafee.com/japan/mcafee/support/" phone="http://www.mcafee.com/japan/mcafee/support/" chat="http://www.mcafee.com/japan/mcafee/support/"/>
<url lang="de" partner="739" kb="http://service.mcafee.com/FAQSearch.aspx?lc=1031&amp;sg=TS&amp;pt=1" phone="http://service.mcafee.com/LocaleSelect.aspx?lc=1031&amp;sg=TS&amp;pt=1&amp;st=PHONE" chat="http://service.mcafee.com/LocaleSelect.aspx?lc=1031&amp;sg=TS&amp;pt=1&amp;st=CHAT"/>
<url lang="fr" partner="739" kb="http://service.mcafee.com/FAQSearch.aspx?lc=1036&amp;sg=TS&amp;pt=1" phone="http://service.mcafee.com/LocaleSelect.aspx?lc=1036&amp;sg=TS&amp;pt=2&amp;st=PHONE" chat="http://service.mcafee.com/LocaleSelect.aspx?lc=1036&amp;sg=TS&amp;pt=1&amp;st=CHAT"/>
<url lang="ko" partner="739" kb="http://service.mcafee.com/FAQSearch.aspx?lc=1042&amp;sg=TS&amp;pt=1" phone="http://service.mcafee.com/LocaleSelect.aspx?lc=1042&amp;sg=TS&amp;pt=1&amp;st=PHONE" chat="http://service.mcafee.com/LocaleSelect.aspx?lc=1042&amp;sg=TS&amp;pt=1&amp;st=CHAT"/>
<url lang="it" partner="739" kb="http://service.mcafee.com/FAQSearch.aspx?lc=3082&amp;sg=TS&amp;pt=1" phone="http://service.mcafee.com/LocaleSelect.aspx?lc=3082&amp;sg=TS&amp;pt=1&amp;st=PHONE" chat="http://service.mcafee.com/LocaleSelect.aspx?lc=3082&amp;sg=TS&amp;pt=1&amp;st=CHAT"/>
<url lang="pt-br" partner="739" kb="http://service.mcafee.com/FAQSearch.aspx?lc=2070&amp;sg=TS&amp;pt=1" phone="http://service.mcafee.com/LocaleSelect.aspx?lc=2070&amp;sg=TS&amp;pt=1&amp;st=PHONE" chat="http://service.mcafee.com/LocaleSelect.aspx?lc=2070&amp;sg=TS&amp;pt=1&amp;st=CHAT"/>
<url lang="nl" partner="739" kb="http://service.mcafee.com/FAQSearch.aspx?lc=1043&amp;sg=TS&amp;pt=1" phone="http://service.mcafee.com/LocaleSelect.aspx?lc=1043&amp;sg=TS&amp;pt=1&amp;st=PHONE" chat="http://service.mcafee.com/LocaleSelect.aspx?lc=1043&amp;sg=TS&amp;pt=1&amp;st=CHAT"/>
<url lang="zh-tw" partner="739" kb="http://service.mcafee.com/FAQSearch.aspx?lc=1028&amp;sg=TS&amp;pt=1" phone="http://service.mcafee.com/LocaleSelect.aspx?lc=1028&amp;sg=TS&amp;pt=1&amp;st=PHONE" chat="http://service.mcafee.com/LocaleSelect.aspx?lc=1028&amp;sg=TS&amp;pt=1&amp;st=CHAT"/>
<url lang="zh-cn" partner="739" kb="http://service.mcafee.com/FAQSearch.aspx?lc=2052&amp;sg=TS&amp;pt=1" phone="http://service.mcafee.com/LocaleSelect.aspx?lc=2052&amp;sg=TS&amp;pt=1&amp;st=PHONE" chat="http://service.mcafee.com/LocaleSelect.aspx?lc=2052&amp;sg=TS&amp;pt=1&amp;st=CHAT"/>
<url lang="fi" partner="739" kb="http://service.mcafee.com/FAQSearch.aspx?lc=1035&amp;sg=TS&amp;pt=1" phone="http://service.mcafee.com/LocaleSelect.aspx?lc=1035&amp;sg=TS&amp;pt=2&amp;st=PHONE" chat="http://service.mcafee.com/LocaleSelect.aspx?lc=1035&amp;sg=TS&amp;pt=1&amp;st=CHAT"/>
<url lang="da" partner="739" kb="http://service.mcafee.com/FAQSearch.aspx?lc=1030&amp;sg=TS&amp;pt=1" phone="http://service.mcafee.com/LocaleSelect.aspx?lc=1030&amp;sg=TS&amp;pt=1&amp;st=PHONE" chat="http://service.mcafee.com/LocaleSelect.aspx?lc=1030&amp;sg=TS&amp;pt=1&amp;st=CHAT"/>
<url lang="no" partner="739" kb="http://service.mcafee.com/FAQSearch.aspx?lc=1044&amp;sg=TS&amp;pt=1" phone="http://service.mcafee.com/LocaleSelect.aspx?lc=1044&amp;sg=TS&amp;pt=1&amp;st=PHONE" chat="http://service.mcafee.com/LocaleSelect.aspx?lc=1044&amp;sg=TS&amp;pt=1&amp;st=CHAT"/>
<url lang="sv" partner="739" kb="http://service.mcafee.com/FAQSearch.aspx?lc=1053&amp;sg=TS&amp;pt=1" phone="http://service.mcafee.com/LocaleSelect.aspx?lc=1053&amp;sg=TS&amp;pt=1&amp;st=PHONE" chat="http://service.mcafee.com/LocaleSelect.aspx?lc=1044&amp;sg=TS&amp;pt=1&amp;st=CHAT"/>
<url lang="es" partner="621" kb="http://centroseguridad.telefonica.terra.es/virtualtechnician/KB" phone="http://centroseguridad.telefonica.terra.es/virtualtechnician/TF" chat="http://centroseguridad.telefonica.terra.es/virtualtechnician/CHAT"/>	
<url lang="es" partner="397" kb="http://home.mcafee.com/root/support.aspx?affid=397&amp;culture=es-mx" phone="http://home.mcafee.com/root/support.aspx?affid=397&amp;culture=es-mx"
chat="http://home.mcafee.com/root/support.aspx?affid=397&amp;culture=es-mx"/>
<url lang="ja" partner="789" kb="http://www.mcafee.com/japan/mcafee/support/default.asp" phone="http://www.mcafee.com/japan/mcafee/support/default.asp" chat="http://www.mcafee.com/japan/mcafee/support/default.asp"/>
<url lang="en-us" partner="756" kb="http://verizon.mcafee.com" phone="http://verizon.mcafee.com" chat="http://verizon.mcafee.com"/>
<url lang="en-us" partner="768" kb="http://verizon.mcafee.com" phone="http://verizon.mcafee.com" chat="http://verizon.mcafee.com"/>
<url lang="en-au" partner="773" kb="http://home.mcafee.com/root/support.aspx?affid=773&amp;culture=en-au"/>
<url lang="en-gb" partner="773" kb="http://home.mcafee.com/root/support.aspx?affid=773&amp;culture=en-gb"/>
<url lang="es" partner="773" kb="http://home.mcafee.com/root/support.aspx?affid=773&amp;culture=es"/>
<url lang="es-mx" partner="773" kb="http://home.mcafee.com/root/support.aspx?affid=773&amp;culture=es-mx"/>
<url lang="fi" partner="773" kb="http://home.mcafee.com/root/support.aspx?affid=773&amp;culture=fi"/>
<url lang="fr" partner="773" kb="http://home.mcafee.com/root/support.aspx?affid=773&amp;culture=fr"/>
<url lang="fr-ca" partner="773" kb="http://home.mcafee.com/root/support.aspx?affid=773&amp;culture=fr-ca"/>
<url lang="he" partner="773" kb="http://home.mcafee.com/root/support.aspx?affid=773&amp;culture=he"/>
<url lang="hr" partner="773" kb="http://home.mcafee.com/root/support.aspx?affid=773&amp;culture=hr"/>
<url lang="hu" partner="773" kb="http://home.mcafee.com/root/support.aspx?affid=773&amp;culture=hu"/>
<url lang="it" partner="773" kb="http://home.mcafee.com/root/support.aspx?affid=773&amp;culture=it"/>
<url lang="ja" partner="773" kb="http://home.mcafee.com/root/support.aspx?affid=773&amp;culture=ja"/>
<url lang="ko" partner="773" kb="http://home.mcafee.com/root/support.aspx?affid=773&amp;culture=ko"/>
<url lang="no" partner="773" kb="http://home.mcafee.com/root/support.aspx?affid=773&amp;culture=no"/>
<url lang="nl" partner="773" kb="http://home.mcafee.com/root/support.aspx?affid=773&amp;culture=nl"/>
<url lang="pl" partner="773" kb="http://home.mcafee.com/root/support.aspx?affid=773&amp;culture=pl"/>
<url lang="pt" partner="773" kb="http://home.mcafee.com/root/support.aspx?affid=773&amp;culture=pt"/>
<url lang="pt-br" partner="773" kb="http://home.mcafee.com/root/support.aspx?affid=773&amp;culture=pt-br"/>
<url lang="ru" partner="773" kb="http://home.mcafee.com/root/support.aspx?affid=773&amp;culture=ru"/>
<url lang="sk" partner="773" kb="http://home.mcafee.com/root/support.aspx?affid=773&amp;culture=sk"/>
<url lang="sr-sp" partner="773" kb="http://home.mcafee.com/root/support.aspx?affid=773&amp;culture=sr-sp"/>
<url lang="sv" partner="773" kb="http://home.mcafee.com/root/support.aspx?affid=773&amp;culture=sv"/>
<url lang="tr" partner="773" kb="http://home.mcafee.com/root/support.aspx?affid=773&amp;culture=tr"/>
<url lang="zh-cn" partner="773" kb="http://home.mcafee.com/root/support.aspx?affid=773&amp;culture=zh-cn"/>
<url lang="zh-tw" partner="773" kb="http://home.mcafee.com/root/support.aspx?affid=773&amp;culture=zh-tw"/>
<url lang="en-us" partner="773" kb="http://home.mcafee.com/root/support.aspx?affid=773&amp;culture=en-us"/>
<url lang="ar-ae" partner="773" kb="http://home.mcafee.com/root/support.aspx?affid=773&amp;culture=ar-ae"/>
<url lang="cs" partner="773" kb="http://home.mcafee.com/root/support.aspx?affid=773&amp;culture=cs"/>
<url lang="da" partner="773" kb="http://home.mcafee.com/root/support.aspx?affid=773&amp;culture=da"/>
<url lang="de" partner="773" kb="http://home.mcafee.com/root/support.aspx?affid=773&amp;culture=de"/>
<url lang="el" partner="773" kb="http://home.mcafee.com/root/support.aspx?affid=773&amp;culture=el"/>
<url lang="es-mx" partner="605" kb="http://home.mcafee.com/root/support.aspx?affid=397&amp;culture=es-mx"/>
<url lang="en-us" partner="679" kb="http://att.mcafee.com"/>
<url lang="en-us" partner="1072" kb="http://www.prestigio.com/support/faq"/>
</consumer>
</supporturl>
