<Content majorversion="10" minorversion="6">
	<Destinationx32>
		<Source name="agent-windows.zip">
			<File name="AppMon.dat">
				<SourceDir>agent-windows</SourceDir>
				<DestinationDir>IPSinstallDir32</DestinationDir>
			</File>
			<File name="Content.bin">
				<SourceDir>agent-windows</SourceDir>
				<DestinationDir>IPSinstallDir32</DestinationDir>
			</File>
			<File name="Gbop.dat">
				<SourceDir>agent-windows</SourceDir>
				<DestinationDir>IPSinstallDir32</DestinationDir>
			</File>
			<File name="HipHandlers.dat">
				<SourceDir>agent-windows</SourceDir>
				<DestinationDir>IPSinstallDir32</DestinationDir>
			</File>
			<File name="HipHandlers.dll">
				<SourceDir>agent-windows</SourceDir>
				<DestinationDir>IPSinstallDir32</DestinationDir>
			</File>
		</Source>
		<v2Source name="agent-windows.zip">		
			<File name="ENS_AP_Rules.dat">
				<SourceDir>agent-windows</SourceDir>
				<DestinationDir>IPSinstallDir32</DestinationDir>
			</File>
			<File name="MfeEpNfcp.sys">
				<SourceDir>agent-windows\release\</SourceDir>
				<DestinationDir>IPSdriversDir</DestinationDir>
			</File>				
		</v2Source>
		<Source name="metadata.zip">
			<File name="ips_hooking_whitelist_8.xml" id="applist">
				<SourceDir>metadata</SourceDir>
				<DestinationDir>IPSinstallDir32</DestinationDir>
			</File>
			<File name="Signatures_8.xml" id="rulelist">
				<SourceDir>metadata</SourceDir>
				<DestinationDir>IPSinstallDir32</DestinationDir>
			</File>				
			<File name="8*.ver" id="verinfo">
				<SourceDir>metadata</SourceDir>
				<DestinationDir>IPSinstallDir32</DestinationDir>
			</File>
		</Source>
		
	</Destinationx32>

	<Destinationx64>
		<Source name="agent-windows.zip">
			<File name="AppMon.dat">
				<SourceDir>agent-windows</SourceDir>
				<DestinationDir>IPSinstallDir64</DestinationDir>
			</File>
			<File name="Content.bin">
				<SourceDir>agent-windows</SourceDir>
				<DestinationDir>IPSinstallDir64</DestinationDir>
			</File>
			<File name="Gbop.dat">
				<SourceDir>agent-windows</SourceDir>
				<DestinationDir>IPSinstallDir64</DestinationDir>
			</File>
			<File name="HipHandlers64.dat">
				<SourceDir>agent-windows</SourceDir>
				<DestinationDir>IPSinstallDir64</DestinationDir>
			</File>
			<File name="HipHandlers64.dll">
				<SourceDir>agent-windows</SourceDir>
				<DestinationDir>IPSinstallDir64</DestinationDir>
			</File>
			<File name="HipHandlers.dat">
				<SourceDir>agent-windows</SourceDir>
				<DestinationDir>IPSinstallDir32</DestinationDir>
			</File>
			<File name="HipHandlers.dll">
				<SourceDir>agent-windows</SourceDir>
				<DestinationDir>IPSinstallDir32</DestinationDir>
			</File>
		</Source>
		<v2Source name="agent-windows.zip">		
			<File name="ENS_AP_Rules.dat">
				<SourceDir>agent-windows</SourceDir>
				<DestinationDir>IPSinstallDir64</DestinationDir>
			</File>
			<File name="MfeEpNfcp.sys">
				<SourceDir>agent-windows\x64release\</SourceDir>
				<DestinationDir>IPSdriversDir</DestinationDir>
			</File>					
		</v2Source>
		<Source name="metadata.zip">
			<File name="ips_hooking_whitelist_8.xml" id="applist">
				<SourceDir>metadata</SourceDir>
				<DestinationDir>IPSinstallDir64</DestinationDir>
			</File>
			<File name="Signatures_8.xml" id="rulelist">
				<SourceDir>metadata</SourceDir>
				<DestinationDir>IPSinstallDir64</DestinationDir>
			</File>				
			<File name="8*.ver" id="verinfo">
				<SourceDir>metadata</SourceDir>
				<DestinationDir>IPSinstallDir64</DestinationDir>
			</File>
		</Source>
	</Destinationx64>
</Content>
