<NotepadPlus>
    <InternalCommands />
    <Macros>
        <Macro name="Trim Trailing and save" Ctrl="no" Alt="yes" Shift="yes" Key="83">
            <Action type="2" message="0" wParam="42024" lParam="0" sParam="" />
            <Action type="2" message="0" wParam="41006" lParam="0" sParam="" />
        </Macro>
    </Macros>
    <UserDefinedCommands>
        <Command name="launch in Firefox" Ctrl="yes" Alt="yes" Shift="yes" Key="88">firefox &quot;$(FULL_CURRENT_PATH)&quot;</Command>
        <Command name="launch in IE" Ctrl="yes" Alt="yes" Shift="yes" Key="73">iexplore &quot;$(FULL_CURRENT_PATH)&quot;</Command>
        <Command name="Get php help" Ctrl="no" Alt="yes" Shift="no" Key="112">http://www.php.net/%20$(CURRENT_WORD)</Command>
        <Command name="Google Search" Ctrl="no" Alt="yes" Shift="no" Key="113">http://www.google.com/search?q=$(CURRENT_WORD)</Command>
        <Command name="Wikipedia Search" Ctrl="no" Alt="yes" Shift="no" Key="114">http://en.wikipedia.org/wiki/Special:Search?search=$(CURRENT_WORD)</Command>
        <Command name="open file" Ctrl="no" Alt="yes" Shift="no" Key="116">$(NPP_DIRECTORY)\notepad++.exe $(CURRENT_WORD)</Command>
        <Command name="open in another instance" Ctrl="no" Alt="yes" Shift="no" Key="117">$(NPP_DIRECTORY)\notepad++.exe $(CURRENT_WORD) -nosession -multiInst</Command>
		<Command name="Open containing folder" Ctrl="no" Alt="no" Shift="no" Key="0">explorer $(CURRENT_DIRECTORY)</Command>
		<Command name="Open current dir cmd" Ctrl="no" Alt="no" Shift="no" Key="0">cmd /K cd $(CURRENT_DIRECTORY)</Command>
    </UserDefinedCommands>
</NotepadPlus>
